project_id,material,quantity,unit,work_category,quantity_per_mw,data_type,synthetic_flag
HP-001,Concrete,1596705.4,m3,Civil,2824.18,synthetic,True
HP-001,Cement,558846.9,MT,Civil,988.46,synthetic,True
HP-001,Reinforcement Steel,20986.2,MT,Civil,37.12,synthetic,True
HP-001,Structural Steel,4590.2,MT,Civil,8.12,synthetic,True
HP-001,Penstock Steel,8109.8,MT,Hydromechanical,14.34,synthetic,True
HP-001,Aggregate,1357199.6,m3,Civil,2400.55,synthetic,True
HP-001,Sand,718517.4,m3,Civil,1270.88,synthetic,True
HP-001,Excavation,11490462.1,m3,Civil,20323.79,synthetic,True
HP-001,Rock Excavation,5170707.9,m3,Civil,9145.71,synthetic,True
HP-001,Earth Excavation,6319754.2,m3,Civil,11178.09,synthetic,True
HP-001,Grouting Cement,44707.8,MT,Civil,79.08,synthetic,True
HP-001,Shotcrete,191604.6,m3,Civil,338.9,synthetic,True
HP-001,Lining Concrete,399176.3,m3,Civil,706.04,synthetic,True
HP-001,Gates Steel,1049.3,MT,Hydromechanical,1.86,synthetic,True
HP-001,Embedded Steel,688.5,MT,Civil,1.22,synthetic,True
HP-002,Concrete,1422004.8,m3,Civil,991.99,synthetic,True
HP-002,Cement,497701.7,MT,Civil,347.2,synthetic,True
HP-002,Reinforcement Steel,32865.5,MT,Civil,22.93,synthetic,True
HP-002,Structural Steel,7868.4,MT,Civil,5.49,synthetic,True
HP-002,Penstock Steel,14800.7,MT,Hydromechanical,10.32,synthetic,True
HP-002,Aggregate,1208704.1,m3,Civil,843.19,synthetic,True
HP-002,Sand,639902.2,m3,Civil,446.39,synthetic,True
HP-002,Excavation,16277616.1,m3,Civil,11355.24,synthetic,True
HP-002,Rock Excavation,7324927.2,m3,Civil,5109.86,synthetic,True
HP-002,Earth Excavation,8952688.9,m3,Civil,6245.38,synthetic,True
HP-002,Grouting Cement,39816.1,MT,Civil,27.78,synthetic,True
HP-002,Shotcrete,170640.6,m3,Civil,119.04,synthetic,True
HP-002,Lining Concrete,355501.2,m3,Civil,248.0,synthetic,True
HP-002,Gates Steel,1643.3,MT,Hydromechanical,1.15,synthetic,True
HP-002,Embedded Steel,1180.3,MT,Civil,0.82,synthetic,True
HP-003,Concrete,1450912.3,m3,Civil,1943.88,synthetic,True
HP-003,Cement,507819.3,MT,Civil,680.36,synthetic,True
HP-003,Reinforcement Steel,25302.9,MT,Civil,33.9,synthetic,True
HP-003,Structural Steel,7082.4,MT,Civil,9.49,synthetic,True
HP-003,Penstock Steel,11712.1,MT,Hydromechanical,15.69,synthetic,True
HP-003,Aggregate,1233275.5,m3,Civil,1652.3,synthetic,True
HP-003,Sand,652910.5,m3,Civil,874.75,synthetic,True
HP-003,Excavation,12994422.3,m3,Civil,17409.46,synthetic,True
HP-003,Rock Excavation,5847490.0,m3,Civil,7834.26,synthetic,True
HP-003,Earth Excavation,7146932.3,m3,Civil,9575.2,synthetic,True
HP-003,Grouting Cement,40625.5,MT,Civil,54.43,synthetic,True
HP-003,Shotcrete,174109.5,m3,Civil,233.27,synthetic,True
HP-003,Lining Concrete,362728.1,m3,Civil,485.97,synthetic,True
HP-003,Gates Steel,1265.1,MT,Hydromechanical,1.69,synthetic,True
HP-003,Embedded Steel,1062.4,MT,Civil,1.42,synthetic,True
HP-004,Concrete,1707923.3,m3,Civil,1481.93,synthetic,True
HP-004,Cement,597773.2,MT,Civil,518.68,synthetic,True
HP-004,Reinforcement Steel,29902.1,MT,Civil,25.95,synthetic,True
HP-004,Structural Steel,9571.3,MT,Civil,8.3,synthetic,True
HP-004,Penstock Steel,8888.8,MT,Hydromechanical,7.71,synthetic,True
HP-004,Aggregate,1451734.8,m3,Civil,1259.64,synthetic,True
HP-004,Sand,768565.5,m3,Civil,666.87,synthetic,True
HP-004,Excavation,17062185.4,m3,Civil,14804.5,synthetic,True
HP-004,Rock Excavation,12796639.0,m3,Civil,11103.37,synthetic,True
HP-004,Earth Excavation,4265546.4,m3,Civil,3701.12,synthetic,True
HP-004,Grouting Cement,47821.9,MT,Civil,41.49,synthetic,True
HP-004,Shotcrete,204950.8,m3,Civil,177.83,synthetic,True
HP-004,Lining Concrete,426980.8,m3,Civil,370.48,synthetic,True
HP-004,Gates Steel,1495.1,MT,Hydromechanical,1.3,synthetic,True
HP-004,Embedded Steel,1435.7,MT,Civil,1.25,synthetic,True
HP-005,Concrete,1223524.3,m3,Civil,1205.88,synthetic,True
HP-005,Cement,428233.5,MT,Civil,422.06,synthetic,True
HP-005,Reinforcement Steel,26618.4,MT,Civil,26.23,synthetic,True
HP-005,Structural Steel,9083.2,MT,Civil,8.95,synthetic,True
HP-005,Penstock Steel,13146.5,MT,Hydromechanical,12.96,synthetic,True
HP-005,Aggregate,1039995.7,m3,Civil,1025.0,synthetic,True
HP-005,Sand,550585.9,m3,Civil,542.65,synthetic,True
HP-005,Excavation,12597813.4,m3,Civil,12416.16,synthetic,True
HP-005,Rock Excavation,9448360.1,m3,Civil,9312.12,synthetic,True
HP-005,Earth Excavation,3149453.3,m3,Civil,3104.04,synthetic,True
HP-005,Grouting Cement,34258.7,MT,Civil,33.76,synthetic,True
HP-005,Shotcrete,146822.9,m3,Civil,144.71,synthetic,True
HP-005,Lining Concrete,305881.1,m3,Civil,301.47,synthetic,True
HP-005,Gates Steel,1330.9,MT,Hydromechanical,1.31,synthetic,True
HP-005,Embedded Steel,1362.5,MT,Civil,1.34,synthetic,True
HP-006,Concrete,1444622.0,m3,Civil,1288.06,synthetic,True
HP-006,Cement,505617.7,MT,Civil,450.82,synthetic,True
HP-006,Reinforcement Steel,30286.0,MT,Civil,27.0,synthetic,True
HP-006,Structural Steel,9901.0,MT,Civil,8.83,synthetic,True
HP-006,Penstock Steel,11775.4,MT,Hydromechanical,10.5,synthetic,True
HP-006,Aggregate,1227928.7,m3,Civil,1094.85,synthetic,True
HP-006,Sand,650079.9,m3,Civil,579.63,synthetic,True
HP-006,Excavation,15224375.3,m3,Civil,13574.41,synthetic,True
HP-006,Rock Excavation,6850968.9,m3,Civil,6108.48,synthetic,True
HP-006,Earth Excavation,8373406.4,m3,Civil,7465.92,synthetic,True
HP-006,Grouting Cement,40449.4,MT,Civil,36.07,synthetic,True
HP-006,Shotcrete,173354.6,m3,Civil,154.57,synthetic,True
HP-006,Lining Concrete,361155.5,m3,Civil,322.01,synthetic,True
HP-006,Gates Steel,1514.3,MT,Hydromechanical,1.35,synthetic,True
HP-006,Embedded Steel,1485.1,MT,Civil,1.32,synthetic,True
HP-007,Concrete,1652956.9,m3,Civil,2410.4,synthetic,True
HP-007,Cement,578534.9,MT,Civil,843.64,synthetic,True
HP-007,Reinforcement Steel,24227.7,MT,Civil,35.33,synthetic,True
HP-007,Structural Steel,6116.3,MT,Civil,8.92,synthetic,True
HP-007,Penstock Steel,15891.4,MT,Hydromechanical,23.17,synthetic,True
HP-007,Aggregate,1405013.4,m3,Civil,2048.84,synthetic,True
HP-007,Sand,743830.6,m3,Civil,1084.68,synthetic,True
HP-007,Excavation,13980398.2,m3,Civil,20386.72,synthetic,True
HP-007,Rock Excavation,6291179.2,m3,Civil,9174.02,synthetic,True
HP-007,Earth Excavation,7689219.0,m3,Civil,11212.7,synthetic,True
HP-007,Grouting Cement,46282.8,MT,Civil,67.49,synthetic,True
HP-007,Shotcrete,198354.8,m3,Civil,289.25,synthetic,True
HP-007,Lining Concrete,413239.2,m3,Civil,602.6,synthetic,True
HP-007,Gates Steel,1211.4,MT,Hydromechanical,1.77,synthetic,True
HP-007,Embedded Steel,917.4,MT,Civil,1.34,synthetic,True
HP-008,Concrete,1450852.3,m3,Civil,1567.25,synthetic,True
HP-008,Cement,507798.3,MT,Civil,548.54,synthetic,True
HP-008,Reinforcement Steel,24589.6,MT,Civil,26.56,synthetic,True
HP-008,Structural Steel,7370.5,MT,Civil,7.96,synthetic,True
HP-008,Penstock Steel,10593.0,MT,Hydromechanical,11.44,synthetic,True
HP-008,Aggregate,1233224.5,m3,Civil,1332.16,synthetic,True
HP-008,Sand,652883.5,m3,Civil,705.26,synthetic,True
HP-008,Excavation,13701373.9,m3,Civil,14800.62,synthetic,True
HP-008,Rock Excavation,6165618.3,m3,Civil,6660.28,synthetic,True
HP-008,Earth Excavation,7535755.6,m3,Civil,8140.34,synthetic,True
HP-008,Grouting Cement,40623.9,MT,Civil,43.88,synthetic,True
HP-008,Shotcrete,174102.3,m3,Civil,188.07,synthetic,True
HP-008,Lining Concrete,362713.1,m3,Civil,391.81,synthetic,True
HP-008,Gates Steel,1229.5,MT,Hydromechanical,1.33,synthetic,True
HP-008,Embedded Steel,1105.6,MT,Civil,1.19,synthetic,True
HP-009,Concrete,1630858.2,m3,Civil,1197.96,synthetic,True
HP-009,Cement,570800.4,MT,Civil,419.29,synthetic,True
HP-009,Reinforcement Steel,33707.4,MT,Civil,24.76,synthetic,True
HP-009,Structural Steel,7355.1,MT,Civil,5.4,synthetic,True
HP-009,Penstock Steel,17261.6,MT,Hydromechanical,12.68,synthetic,True
HP-009,Aggregate,1386229.5,m3,Civil,1018.27,synthetic,True
HP-009,Sand,733886.2,m3,Civil,539.08,synthetic,True
HP-009,Excavation,17755434.9,m3,Civil,13042.42,synthetic,True
HP-009,Rock Excavation,7989945.7,m3,Civil,5869.09,synthetic,True
HP-009,Earth Excavation,9765489.2,m3,Civil,7173.33,synthetic,True
HP-009,Grouting Cement,45664.0,MT,Civil,33.54,synthetic,True
HP-009,Shotcrete,195703.0,m3,Civil,143.76,synthetic,True
HP-009,Lining Concrete,407714.5,m3,Civil,299.49,synthetic,True
HP-009,Gates Steel,1685.4,MT,Hydromechanical,1.24,synthetic,True
HP-009,Embedded Steel,1103.3,MT,Civil,0.81,synthetic,True
HP-010,Concrete,1694846.8,m3,Civil,1811.1,synthetic,True
HP-010,Cement,593196.4,MT,Civil,633.89,synthetic,True
HP-010,Reinforcement Steel,27027.1,MT,Civil,28.88,synthetic,True
HP-010,Structural Steel,7619.5,MT,Civil,8.14,synthetic,True
HP-010,Penstock Steel,14992.9,MT,Hydromechanical,16.02,synthetic,True
HP-010,Aggregate,1440619.8,m3,Civil,1539.44,synthetic,True
HP-010,Sand,762681.1,m3,Civil,815.0,synthetic,True
HP-010,Excavation,15823429.7,m3,Civil,16908.81,synthetic,True
HP-010,Rock Excavation,7120543.4,m3,Civil,7608.96,synthetic,True
HP-010,Earth Excavation,8702886.3,m3,Civil,9299.84,synthetic,True
HP-010,Grouting Cement,47455.7,MT,Civil,50.71,synthetic,True
HP-010,Shotcrete,203381.6,m3,Civil,217.33,synthetic,True
HP-010,Lining Concrete,423711.7,m3,Civil,452.78,synthetic,True
HP-010,Gates Steel,1351.4,MT,Hydromechanical,1.44,synthetic,True
HP-010,Embedded Steel,1142.9,MT,Civil,1.22,synthetic,True
HP-011,Concrete,1116899.4,m3,Civil,1879.13,synthetic,True
HP-011,Cement,390914.8,MT,Civil,657.7,synthetic,True
HP-011,Reinforcement Steel,22256.2,MT,Civil,37.45,synthetic,True
HP-011,Structural Steel,7047.8,MT,Civil,11.86,synthetic,True
HP-011,Penstock Steel,7468.7,MT,Hydromechanical,12.57,synthetic,True
HP-011,Aggregate,949364.5,m3,Civil,1597.26,synthetic,True
HP-011,Sand,502604.7,m3,Civil,845.61,synthetic,True
HP-011,Excavation,9647763.8,m3,Civil,16231.92,synthetic,True
HP-011,Rock Excavation,7235822.9,m3,Civil,12173.94,synthetic,True
HP-011,Earth Excavation,2411940.9,m3,Civil,4057.98,synthetic,True
HP-011,Grouting Cement,31273.2,MT,Civil,52.62,synthetic,True
HP-011,Shotcrete,134027.9,m3,Civil,225.5,synthetic,True
HP-011,Lining Concrete,279224.8,m3,Civil,469.78,synthetic,True
HP-011,Gates Steel,1112.8,MT,Hydromechanical,1.87,synthetic,True
HP-011,Embedded Steel,1057.2,MT,Civil,1.78,synthetic,True
HP-012,Concrete,1595475.4,m3,Civil,1745.63,synthetic,True
HP-012,Cement,558416.4,MT,Civil,610.97,synthetic,True
HP-012,Reinforcement Steel,25686.8,MT,Civil,28.1,synthetic,True
HP-012,Structural Steel,6389.6,MT,Civil,6.99,synthetic,True
HP-012,Penstock Steel,8726.0,MT,Hydromechanical,9.55,synthetic,True
HP-012,Aggregate,1356154.1,m3,Civil,1483.79,synthetic,True
HP-012,Sand,717963.9,m3,Civil,785.54,synthetic,True
HP-012,Excavation,14747549.1,m3,Civil,16135.53,synthetic,True
HP-012,Rock Excavation,11060661.8,m3,Civil,12101.65,synthetic,True
HP-012,Earth Excavation,3686887.3,m3,Civil,4033.88,synthetic,True
HP-012,Grouting Cement,44673.3,MT,Civil,48.88,synthetic,True
HP-012,Shotcrete,191457.0,m3,Civil,209.48,synthetic,True
HP-012,Lining Concrete,398868.8,m3,Civil,436.41,synthetic,True
HP-012,Gates Steel,1284.3,MT,Hydromechanical,1.41,synthetic,True
HP-012,Embedded Steel,958.4,MT,Civil,1.05,synthetic,True
HP-013,Concrete,1258484.2,m3,Civil,1845.66,synthetic,True
HP-013,Cement,440469.5,MT,Civil,645.98,synthetic,True
HP-013,Reinforcement Steel,21302.4,MT,Civil,31.24,synthetic,True
HP-013,Structural Steel,4405.9,MT,Civil,6.46,synthetic,True
HP-013,Penstock Steel,13863.4,MT,Hydromechanical,20.33,synthetic,True
HP-013,Aggregate,1069711.6,m3,Civil,1568.81,synthetic,True
HP-013,Sand,566317.9,m3,Civil,830.55,synthetic,True
HP-013,Excavation,11122843.5,m3,Civil,16312.5,synthetic,True
HP-013,Rock Excavation,5005279.6,m3,Civil,7340.63,synthetic,True
HP-013,Earth Excavation,6117563.9,m3,Civil,8971.88,synthetic,True
HP-013,Grouting Cement,35237.6,MT,Civil,51.68,synthetic,True
HP-013,Shotcrete,151018.1,m3,Civil,221.48,synthetic,True
HP-013,Lining Concrete,314621.0,m3,Civil,461.42,synthetic,True
HP-013,Gates Steel,1065.1,MT,Hydromechanical,1.56,synthetic,True
HP-013,Embedded Steel,660.9,MT,Civil,0.97,synthetic,True
HP-014,Concrete,1780850.7,m3,Civil,1085.1,synthetic,True
HP-014,Cement,623297.7,MT,Civil,379.78,synthetic,True
HP-014,Reinforcement Steel,33763.1,MT,Civil,20.57,synthetic,True
HP-014,Structural Steel,10333.0,MT,Civil,6.3,synthetic,True
HP-014,Penstock Steel,10173.0,MT,Hydromechanical,6.2,synthetic,True
HP-014,Aggregate,1513723.1,m3,Civil,922.33,synthetic,True
HP-014,Sand,801382.8,m3,Civil,488.29,synthetic,True
HP-014,Excavation,19534717.4,m3,Civil,11902.78,synthetic,True
HP-014,Rock Excavation,14651038.0,m3,Civil,8927.08,synthetic,True
HP-014,Earth Excavation,4883679.4,m3,Civil,2975.69,synthetic,True
HP-014,Grouting Cement,49863.8,MT,Civil,30.38,synthetic,True
HP-014,Shotcrete,213702.1,m3,Civil,130.21,synthetic,True
HP-014,Lining Concrete,445212.7,m3,Civil,271.27,synthetic,True
HP-014,Gates Steel,1688.2,MT,Hydromechanical,1.03,synthetic,True
HP-014,Embedded Steel,1550.0,MT,Civil,0.94,synthetic,True
HP-015,Concrete,1639221.6,m3,Civil,1654.81,synthetic,True
HP-015,Cement,573727.6,MT,Civil,579.18,synthetic,True
HP-015,Reinforcement Steel,28723.3,MT,Civil,29.0,synthetic,True
HP-015,Structural Steel,7769.7,MT,Civil,7.84,synthetic,True
HP-015,Penstock Steel,8563.0,MT,Hydromechanical,8.64,synthetic,True
HP-015,Aggregate,1393338.4,m3,Civil,1406.59,synthetic,True
HP-015,Sand,737649.7,m3,Civil,744.66,synthetic,True
HP-015,Excavation,15714799.4,m3,Civil,15864.24,synthetic,True
HP-015,Rock Excavation,7071659.7,m3,Civil,7138.91,synthetic,True
HP-015,Earth Excavation,8643139.7,m3,Civil,8725.33,synthetic,True
HP-015,Grouting Cement,45898.2,MT,Civil,46.33,synthetic,True
HP-015,Shotcrete,196706.6,m3,Civil,198.58,synthetic,True
HP-015,Lining Concrete,409805.4,m3,Civil,413.7,synthetic,True
HP-015,Gates Steel,1436.2,MT,Hydromechanical,1.45,synthetic,True
HP-015,Embedded Steel,1165.5,MT,Civil,1.18,synthetic,True
HP-016,Concrete,1171631.7,m3,Civil,2566.61,synthetic,True
HP-016,Cement,410071.1,MT,Civil,898.31,synthetic,True
HP-016,Reinforcement Steel,21203.7,MT,Civil,46.45,synthetic,True
HP-016,Structural Steel,5015.9,MT,Civil,10.99,synthetic,True
HP-016,Penstock Steel,7567.2,MT,Hydromechanical,16.58,synthetic,True
HP-016,Aggregate,995886.9,m3,Civil,2181.62,synthetic,True
HP-016,Sand,527234.3,m3,Civil,1154.97,synthetic,True
HP-016,Excavation,9583046.1,m3,Civil,20992.89,synthetic,True
HP-016,Rock Excavation,4312370.7,m3,Civil,9446.8,synthetic,True
HP-016,Earth Excavation,5270675.4,m3,Civil,11546.09,synthetic,True
HP-016,Grouting Cement,32805.7,MT,Civil,71.87,synthetic,True
HP-016,Shotcrete,140595.8,m3,Civil,307.99,synthetic,True
HP-016,Lining Concrete,292907.9,m3,Civil,641.65,synthetic,True
HP-016,Gates Steel,1060.2,MT,Hydromechanical,2.32,synthetic,True
HP-016,Embedded Steel,752.4,MT,Civil,1.65,synthetic,True
HP-017,Concrete,1072257.5,m3,Civil,1465.43,synthetic,True
HP-017,Cement,375290.1,MT,Civil,512.9,synthetic,True
HP-017,Reinforcement Steel,21726.0,MT,Civil,29.69,synthetic,True
HP-017,Structural Steel,6892.1,MT,Civil,9.42,synthetic,True
HP-017,Penstock Steel,12873.6,MT,Hydromechanical,17.59,synthetic,True
HP-017,Aggregate,911418.9,m3,Civil,1245.62,synthetic,True
HP-017,Sand,482515.9,m3,Civil,659.44,synthetic,True
HP-017,Excavation,9800907.7,m3,Civil,13394.71,synthetic,True
HP-017,Rock Excavation,4410408.5,m3,Civil,6027.62,synthetic,True
HP-017,Earth Excavation,5390499.2,m3,Civil,7367.09,synthetic,True
HP-017,Grouting Cement,30023.2,MT,Civil,41.03,synthetic,True
HP-017,Shotcrete,128670.9,m3,Civil,175.85,synthetic,True
HP-017,Lining Concrete,268064.4,m3,Civil,366.36,synthetic,True
HP-017,Gates Steel,1086.3,MT,Hydromechanical,1.48,synthetic,True
HP-017,Embedded Steel,1033.8,MT,Civil,1.41,synthetic,True
HP-018,Concrete,1704338.3,m3,Civil,1185.69,synthetic,True
HP-018,Cement,596518.4,MT,Civil,414.99,synthetic,True
HP-018,Reinforcement Steel,35141.0,MT,Civil,24.45,synthetic,True
HP-018,Structural Steel,8605.1,MT,Civil,5.99,synthetic,True
HP-018,Penstock Steel,10908.6,MT,Hydromechanical,7.59,synthetic,True
HP-018,Aggregate,1448687.6,m3,Civil,1007.84,synthetic,True
HP-018,Sand,766952.2,m3,Civil,533.56,synthetic,True
HP-018,Excavation,17647325.7,m3,Civil,12277.08,synthetic,True
HP-018,Rock Excavation,7941296.6,m3,Civil,5524.69,synthetic,True
HP-018,Earth Excavation,9706029.1,m3,Civil,6752.4,synthetic,True
HP-018,Grouting Cement,47721.5,MT,Civil,33.2,synthetic,True
HP-018,Shotcrete,204520.6,m3,Civil,142.28,synthetic,True
HP-018,Lining Concrete,426084.6,m3,Civil,296.42,synthetic,True
HP-018,Gates Steel,1757.1,MT,Hydromechanical,1.22,synthetic,True
HP-018,Embedded Steel,1290.8,MT,Civil,0.9,synthetic,True
HP-019,Concrete,2047556.4,m3,Civil,1300.92,synthetic,True
HP-019,Cement,716644.7,MT,Civil,455.32,synthetic,True
HP-019,Reinforcement Steel,36080.4,MT,Civil,22.92,synthetic,True
HP-019,Structural Steel,11256.5,MT,Civil,7.15,synthetic,True
HP-019,Penstock Steel,11096.3,MT,Hydromechanical,7.05,synthetic,True
HP-019,Aggregate,1740422.9,m3,Civil,1105.78,synthetic,True
HP-019,Sand,921400.4,m3,Civil,585.41,synthetic,True
HP-019,Excavation,20503102.5,m3,Civil,13026.69,synthetic,True
HP-019,Rock Excavation,9226396.1,m3,Civil,5862.01,synthetic,True
HP-019,Earth Excavation,11276706.4,m3,Civil,7164.68,synthetic,True
HP-019,Grouting Cement,57331.6,MT,Civil,36.43,synthetic,True
HP-019,Shotcrete,245706.8,m3,Civil,156.11,synthetic,True
HP-019,Lining Concrete,511889.1,m3,Civil,325.23,synthetic,True
HP-019,Gates Steel,1804.0,MT,Hydromechanical,1.15,synthetic,True
HP-019,Embedded Steel,1688.5,MT,Civil,1.07,synthetic,True
HP-020,Concrete,1284355.3,m3,Civil,4197.93,synthetic,True
HP-020,Cement,449524.4,MT,Civil,1469.27,synthetic,True
HP-020,Reinforcement Steel,18954.0,MT,Civil,61.95,synthetic,True
HP-020,Structural Steel,4586.1,MT,Civil,14.99,synthetic,True
HP-020,Penstock Steel,14111.9,MT,Hydromechanical,46.12,synthetic,True
HP-020,Aggregate,1091702.0,m3,Civil,3568.24,synthetic,True
HP-020,Sand,577959.9,m3,Civil,1889.07,synthetic,True
HP-020,Excavation,9083982.0,m3,Civil,29691.07,synthetic,True
HP-020,Rock Excavation,4087791.9,m3,Civil,13360.98,synthetic,True
HP-020,Earth Excavation,4996190.1,m3,Civil,16330.09,synthetic,True
HP-020,Grouting Cement,35962.0,MT,Civil,117.54,synthetic,True
HP-020,Shotcrete,154122.6,m3,Civil,503.75,synthetic,True
HP-020,Lining Concrete,321088.8,m3,Civil,1049.48,synthetic,True
HP-020,Gates Steel,947.7,MT,Hydromechanical,3.1,synthetic,True
HP-020,Embedded Steel,687.9,MT,Civil,2.25,synthetic,True
HP-021,Concrete,1756889.3,m3,Civil,1101.55,synthetic,True
HP-021,Cement,614911.3,MT,Civil,385.54,synthetic,True
HP-021,Reinforcement Steel,36212.4,MT,Civil,22.7,synthetic,True
HP-021,Structural Steel,10030.3,MT,Civil,6.29,synthetic,True
HP-021,Penstock Steel,16865.7,MT,Hydromechanical,10.57,synthetic,True
HP-021,Aggregate,1493355.9,m3,Civil,936.31,synthetic,True
HP-021,Sand,790600.2,m3,Civil,495.7,synthetic,True
HP-021,Excavation,18384681.2,m3,Civil,11526.95,synthetic,True
HP-021,Rock Excavation,13788510.9,m3,Civil,8645.21,synthetic,True
HP-021,Earth Excavation,4596170.3,m3,Civil,2881.74,synthetic,True
HP-021,Grouting Cement,49192.9,MT,Civil,30.84,synthetic,True
HP-021,Shotcrete,210826.7,m3,Civil,132.19,synthetic,True
HP-021,Lining Concrete,439222.3,m3,Civil,275.39,synthetic,True
HP-021,Gates Steel,1810.6,MT,Hydromechanical,1.14,synthetic,True
HP-021,Embedded Steel,1504.5,MT,Civil,0.94,synthetic,True
HP-022,Concrete,1168390.3,m3,Civil,1876.63,synthetic,True
HP-022,Cement,408936.6,MT,Civil,656.82,synthetic,True
HP-022,Reinforcement Steel,20425.0,MT,Civil,32.81,synthetic,True
HP-022,Structural Steel,5408.2,MT,Civil,8.69,synthetic,True
HP-022,Penstock Steel,7221.6,MT,Hydromechanical,11.6,synthetic,True
HP-022,Aggregate,993131.8,m3,Civil,1595.14,synthetic,True
HP-022,Sand,525775.6,m3,Civil,844.48,synthetic,True
HP-022,Excavation,10100769.1,m3,Civil,16223.53,synthetic,True
HP-022,Rock Excavation,4545346.1,m3,Civil,7300.59,synthetic,True
HP-022,Earth Excavation,5555423.0,m3,Civil,8922.94,synthetic,True
HP-022,Grouting Cement,32714.9,MT,Civil,52.55,synthetic,True
HP-022,Shotcrete,140206.8,m3,Civil,225.2,synthetic,True
HP-022,Lining Concrete,292097.6,m3,Civil,469.16,synthetic,True
HP-022,Gates Steel,1021.2,MT,Hydromechanical,1.64,synthetic,True
HP-022,Embedded Steel,811.2,MT,Civil,1.3,synthetic,True
HP-023,Concrete,1558287.8,m3,Civil,2036.23,synthetic,True
HP-023,Cement,545400.7,MT,Civil,712.68,synthetic,True
HP-023,Reinforcement Steel,23449.0,MT,Civil,30.64,synthetic,True
HP-023,Structural Steel,5888.9,MT,Civil,7.7,synthetic,True
HP-023,Penstock Steel,7025.7,MT,Hydromechanical,9.18,synthetic,True
HP-023,Aggregate,1324544.6,m3,Civil,1730.8,synthetic,True
HP-023,Sand,701229.5,m3,Civil,916.3,synthetic,True
HP-023,Excavation,13798107.5,m3,Civil,18030.14,synthetic,True
HP-023,Rock Excavation,6209148.4,m3,Civil,8113.56,synthetic,True
HP-023,Earth Excavation,7588959.1,m3,Civil,9916.58,synthetic,True
HP-023,Grouting Cement,43632.1,MT,Civil,57.01,synthetic,True
HP-023,Shotcrete,186994.5,m3,Civil,244.35,synthetic,True
HP-023,Lining Concrete,389572.0,m3,Civil,509.06,synthetic,True
HP-023,Gates Steel,1172.5,MT,Hydromechanical,1.53,synthetic,True
HP-023,Embedded Steel,883.3,MT,Civil,1.15,synthetic,True
HP-024,Concrete,1212369.0,m3,Civil,1767.12,synthetic,True
HP-024,Cement,424329.1,MT,Civil,618.49,synthetic,True
HP-024,Reinforcement Steel,24338.0,MT,Civil,35.47,synthetic,True
HP-024,Structural Steel,6547.3,MT,Civil,9.54,synthetic,True
HP-024,Penstock Steel,14044.2,MT,Hydromechanical,20.47,synthetic,True
HP-024,Aggregate,1030513.7,m3,Civil,1502.05,synthetic,True
HP-024,Sand,545566.1,m3,Civil,795.2,synthetic,True
HP-024,Excavation,10742928.3,m3,Civil,15658.65,synthetic,True
HP-024,Rock Excavation,4834317.7,m3,Civil,7046.39,synthetic,True
HP-024,Earth Excavation,5908610.6,m3,Civil,8612.26,synthetic,True
HP-024,Grouting Cement,33946.3,MT,Civil,49.48,synthetic,True
HP-024,Shotcrete,145484.3,m3,Civil,212.05,synthetic,True
HP-024,Lining Concrete,303092.2,m3,Civil,441.78,synthetic,True
HP-024,Gates Steel,1216.9,MT,Hydromechanical,1.77,synthetic,True
HP-024,Embedded Steel,982.1,MT,Civil,1.43,synthetic,True
HP-025,Concrete,1127318.7,m3,Civil,2979.72,synthetic,True
HP-025,Cement,394561.5,MT,Civil,1042.9,synthetic,True
HP-025,Reinforcement Steel,17438.9,MT,Civil,46.09,synthetic,True
HP-025,Structural Steel,5041.8,MT,Civil,13.33,synthetic,True
HP-025,Penstock Steel,5341.6,MT,Hydromechanical,14.12,synthetic,True
HP-025,Aggregate,958220.9,m3,Civil,2532.76,synthetic,True
HP-025,Sand,507293.4,m3,Civil,1340.88,synthetic,True
HP-025,Excavation,8176337.9,m3,Civil,21611.66,synthetic,True
HP-025,Rock Excavation,6132253.4,m3,Civil,16208.74,synthetic,True
HP-025,Earth Excavation,2044084.5,m3,Civil,5402.91,synthetic,True
HP-025,Grouting Cement,31564.9,MT,Civil,83.43,synthetic,True
HP-025,Shotcrete,135278.2,m3,Civil,357.57,synthetic,True
HP-025,Lining Concrete,281829.7,m3,Civil,744.93,synthetic,True
HP-025,Gates Steel,871.9,MT,Hydromechanical,2.3,synthetic,True
HP-025,Embedded Steel,756.3,MT,Civil,2.0,synthetic,True
HP-026,Concrete,1309772.5,m3,Civil,1195.29,synthetic,True
HP-026,Cement,458420.4,MT,Civil,418.35,synthetic,True
HP-026,Reinforcement Steel,27547.9,MT,Civil,25.14,synthetic,True
HP-026,Structural Steel,8780.9,MT,Civil,8.01,synthetic,True
HP-026,Penstock Steel,15530.1,MT,Hydromechanical,14.17,synthetic,True
HP-026,Aggregate,1113306.6,m3,Civil,1015.99,synthetic,True
HP-026,Sand,589397.6,m3,Civil,537.88,synthetic,True
HP-026,Excavation,13509448.4,m3,Civil,12328.61,synthetic,True
HP-026,Rock Excavation,10132086.3,m3,Civil,9246.46,synthetic,True
HP-026,Earth Excavation,3377362.1,m3,Civil,3082.15,synthetic,True
HP-026,Grouting Cement,36673.6,MT,Civil,33.47,synthetic,True
HP-026,Shotcrete,157172.7,m3,Civil,143.43,synthetic,True
HP-026,Lining Concrete,327443.1,m3,Civil,298.82,synthetic,True
HP-026,Gates Steel,1377.4,MT,Hydromechanical,1.26,synthetic,True
HP-026,Embedded Steel,1317.1,MT,Civil,1.2,synthetic,True
HP-027,Concrete,1623390.2,m3,Civil,919.68,synthetic,True
HP-027,Cement,568186.6,MT,Civil,321.89,synthetic,True
HP-027,Reinforcement Steel,37072.2,MT,Civil,21.0,synthetic,True
HP-027,Structural Steel,12787.7,MT,Civil,7.24,synthetic,True
HP-027,Penstock Steel,19426.9,MT,Hydromechanical,11.01,synthetic,True
HP-027,Aggregate,1379881.7,m3,Civil,781.73,synthetic,True
HP-027,Sand,730525.6,m3,Civil,413.86,synthetic,True
HP-027,Excavation,19446125.7,m3,Civil,11016.64,synthetic,True
HP-027,Rock Excavation,14584594.3,m3,Civil,8262.48,synthetic,True
HP-027,Earth Excavation,4861531.4,m3,Civil,2754.16,synthetic,True
HP-027,Grouting Cement,45454.9,MT,Civil,25.75,synthetic,True
HP-027,Shotcrete,194806.8,m3,Civil,110.36,synthetic,True
HP-027,Lining Concrete,405847.5,m3,Civil,229.92,synthetic,True
HP-027,Gates Steel,1853.6,MT,Hydromechanical,1.05,synthetic,True
HP-027,Embedded Steel,1918.2,MT,Civil,1.09,synthetic,True
HP-028,Concrete,1402653.5,m3,Civil,1578.92,synthetic,True
HP-028,Cement,490928.7,MT,Civil,552.62,synthetic,True
HP-028,Reinforcement Steel,23537.2,MT,Civil,26.5,synthetic,True
HP-028,Structural Steel,6189.7,MT,Civil,6.97,synthetic,True
HP-028,Penstock Steel,6390.1,MT,Hydromechanical,7.19,synthetic,True
HP-028,Aggregate,1192255.5,m3,Civil,1342.09,synthetic,True
HP-028,Sand,631194.1,m3,Civil,710.52,synthetic,True
HP-028,Excavation,12987532.7,m3,Civil,14619.67,synthetic,True
HP-028,Rock Excavation,5844389.7,m3,Civil,6578.85,synthetic,True
HP-028,Earth Excavation,7143143.0,m3,Civil,8040.82,synthetic,True
HP-028,Grouting Cement,39274.3,MT,Civil,44.21,synthetic,True
HP-028,Shotcrete,168318.4,m3,Civil,189.47,synthetic,True
HP-028,Lining Concrete,350663.4,m3,Civil,394.73,synthetic,True
HP-028,Gates Steel,1176.9,MT,Hydromechanical,1.32,synthetic,True
HP-028,Embedded Steel,928.5,MT,Civil,1.05,synthetic,True
HP-029,Concrete,1205414.8,m3,Civil,6593.81,synthetic,True
HP-029,Cement,421895.2,MT,Civil,2307.83,synthetic,True
HP-029,Reinforcement Steel,15827.6,MT,Civil,86.58,synthetic,True
HP-029,Structural Steel,5101.4,MT,Civil,27.91,synthetic,True
HP-029,Penstock Steel,5321.3,MT,Hydromechanical,29.11,synthetic,True
HP-029,Aggregate,1024602.6,m3,Civil,5604.74,synthetic,True
HP-029,Sand,542436.7,m3,Civil,2967.22,synthetic,True
HP-029,Excavation,8195096.4,m3,Civil,44828.49,synthetic,True
HP-029,Rock Excavation,3687793.4,m3,Civil,20172.82,synthetic,True
HP-029,Earth Excavation,4507303.0,m3,Civil,24655.67,synthetic,True
HP-029,Grouting Cement,33751.6,MT,Civil,184.63,synthetic,True
HP-029,Shotcrete,144649.8,m3,Civil,791.26,synthetic,True
HP-029,Lining Concrete,301353.7,m3,Civil,1648.45,synthetic,True
HP-029,Gates Steel,791.4,MT,Hydromechanical,4.33,synthetic,True
HP-029,Embedded Steel,765.2,MT,Civil,4.19,synthetic,True
HP-030,Concrete,1335899.6,m3,Civil,5342.53,synthetic,True
HP-030,Cement,467564.9,MT,Civil,1869.89,synthetic,True
HP-030,Reinforcement Steel,15799.0,MT,Civil,63.18,synthetic,True
HP-030,Structural Steel,5004.8,MT,Civil,20.02,synthetic,True
HP-030,Penstock Steel,8616.5,MT,Hydromechanical,34.46,synthetic,True
HP-030,Aggregate,1135514.7,m3,Civil,4541.15,synthetic,True
HP-030,Sand,601154.8,m3,Civil,2404.14,synthetic,True
HP-030,Excavation,9529166.7,m3,Civil,38109.04,synthetic,True
HP-030,Rock Excavation,7146875.0,m3,Civil,28581.78,synthetic,True
HP-030,Earth Excavation,2382291.7,m3,Civil,9527.26,synthetic,True
HP-030,Grouting Cement,37405.2,MT,Civil,149.59,synthetic,True
HP-030,Shotcrete,160308.0,m3,Civil,641.1,synthetic,True
HP-030,Lining Concrete,333974.9,m3,Civil,1335.63,synthetic,True
HP-030,Gates Steel,790.0,MT,Hydromechanical,3.16,synthetic,True
HP-030,Embedded Steel,750.7,MT,Civil,3.0,synthetic,True
HP-031,Concrete,1606161.4,m3,Civil,1117.17,synthetic,True
HP-031,Cement,562156.5,MT,Civil,391.01,synthetic,True
HP-031,Reinforcement Steel,32883.1,MT,Civil,22.87,synthetic,True
HP-031,Structural Steel,8396.3,MT,Civil,5.84,synthetic,True
HP-031,Penstock Steel,12471.6,MT,Hydromechanical,8.67,synthetic,True
HP-031,Aggregate,1365237.2,m3,Civil,949.6,synthetic,True
HP-031,Sand,722772.6,m3,Civil,502.73,synthetic,True
HP-031,Excavation,16622288.1,m3,Civil,11561.72,synthetic,True
HP-031,Rock Excavation,7480029.6,m3,Civil,5202.77,synthetic,True
HP-031,Earth Excavation,9142258.5,m3,Civil,6358.95,synthetic,True
HP-031,Grouting Cement,44972.5,MT,Civil,31.28,synthetic,True
HP-031,Shotcrete,192739.4,m3,Civil,134.06,synthetic,True
HP-031,Lining Concrete,401540.3,m3,Civil,279.29,synthetic,True
HP-031,Gates Steel,1644.2,MT,Hydromechanical,1.14,synthetic,True
HP-031,Embedded Steel,1259.4,MT,Civil,0.88,synthetic,True
HP-032,Concrete,1736018.5,m3,Civil,1644.75,synthetic,True
HP-032,Cement,607606.5,MT,Civil,575.66,synthetic,True
HP-032,Reinforcement Steel,28767.9,MT,Civil,27.26,synthetic,True
HP-032,Structural Steel,6895.6,MT,Civil,6.53,synthetic,True
HP-032,Penstock Steel,9583.2,MT,Hydromechanical,9.08,synthetic,True
HP-032,Aggregate,1475615.7,m3,Civil,1398.04,synthetic,True
HP-032,Sand,781208.3,m3,Civil,740.14,synthetic,True
HP-032,Excavation,15578466.3,m3,Civil,14759.46,synthetic,True
HP-032,Rock Excavation,11683849.7,m3,Civil,11069.6,synthetic,True
HP-032,Earth Excavation,3894616.6,m3,Civil,3689.87,synthetic,True
HP-032,Grouting Cement,48608.5,MT,Civil,46.05,synthetic,True
HP-032,Shotcrete,208322.2,m3,Civil,197.37,synthetic,True
HP-032,Lining Concrete,434004.6,m3,Civil,411.19,synthetic,True
HP-032,Gates Steel,1438.4,MT,Hydromechanical,1.36,synthetic,True
HP-032,Embedded Steel,1034.3,MT,Civil,0.98,synthetic,True
HP-033,Concrete,1766761.0,m3,Civil,904.54,synthetic,True
HP-033,Cement,618366.3,MT,Civil,316.59,synthetic,True
HP-033,Reinforcement Steel,36552.1,MT,Civil,18.71,synthetic,True
HP-033,Structural Steel,10023.8,MT,Civil,5.13,synthetic,True
HP-033,Penstock Steel,15746.9,MT,Hydromechanical,8.06,synthetic,True
HP-033,Aggregate,1501746.8,m3,Civil,768.86,synthetic,True
HP-033,Sand,795042.5,m3,Civil,407.04,synthetic,True
HP-033,Excavation,19153099.0,m3,Civil,9805.96,synthetic,True
HP-033,Rock Excavation,8618894.6,m3,Civil,4412.68,synthetic,True
HP-033,Earth Excavation,10534204.4,m3,Civil,5393.28,synthetic,True
HP-033,Grouting Cement,49469.3,MT,Civil,25.33,synthetic,True
HP-033,Shotcrete,212011.3,m3,Civil,108.55,synthetic,True
HP-033,Lining Concrete,441690.2,m3,Civil,226.14,synthetic,True
HP-033,Gates Steel,1827.6,MT,Hydromechanical,0.94,synthetic,True
HP-033,Embedded Steel,1503.6,MT,Civil,0.77,synthetic,True
HP-034,Concrete,1591537.4,m3,Civil,815.06,synthetic,True
HP-034,Cement,557038.1,MT,Civil,285.27,synthetic,True
HP-034,Reinforcement Steel,38313.9,MT,Civil,19.62,synthetic,True
HP-034,Structural Steel,8292.7,MT,Civil,4.25,synthetic,True
HP-034,Penstock Steel,15118.1,MT,Hydromechanical,7.74,synthetic,True
HP-034,Aggregate,1352806.8,m3,Civil,692.8,synthetic,True
HP-034,Sand,716191.8,m3,Civil,366.78,synthetic,True
HP-034,Excavation,20041321.4,m3,Civil,10263.6,synthetic,True
HP-034,Rock Excavation,9018594.6,m3,Civil,4618.62,synthetic,True
HP-034,Earth Excavation,11022726.8,m3,Civil,5644.98,synthetic,True
HP-034,Grouting Cement,44563.0,MT,Civil,22.82,synthetic,True
HP-034,Shotcrete,190984.5,m3,Civil,97.81,synthetic,True
HP-034,Lining Concrete,397884.3,m3,Civil,203.77,synthetic,True
HP-034,Gates Steel,1915.7,MT,Hydromechanical,0.98,synthetic,True
HP-034,Embedded Steel,1243.9,MT,Civil,0.64,synthetic,True
HP-035,Concrete,2208152.3,m3,Civil,1161.21,synthetic,True
HP-035,Cement,772853.3,MT,Civil,406.42,synthetic,True
HP-035,Reinforcement Steel,37135.5,MT,Civil,19.53,synthetic,True
HP-035,Structural Steel,10535.8,MT,Civil,5.54,synthetic,True
HP-035,Penstock Steel,14815.0,MT,Hydromechanical,7.79,synthetic,True
HP-035,Aggregate,1876929.5,m3,Civil,987.03,synthetic,True
HP-035,Sand,993668.5,m3,Civil,522.54,synthetic,True
HP-035,Excavation,22246925.5,m3,Civil,11699.06,synthetic,True
HP-035,Rock Excavation,16685194.1,m3,Civil,8774.29,synthetic,True
HP-035,Earth Excavation,5561731.4,m3,Civil,2924.76,synthetic,True
HP-035,Grouting Cement,61828.3,MT,Civil,32.51,synthetic,True
HP-035,Shotcrete,264978.3,m3,Civil,139.34,synthetic,True
HP-035,Lining Concrete,552038.1,m3,Civil,290.3,synthetic,True
HP-035,Gates Steel,1856.8,MT,Hydromechanical,0.98,synthetic,True
HP-035,Embedded Steel,1580.4,MT,Civil,0.83,synthetic,True
HP-036,Concrete,2131049.0,m3,Civil,1112.76,synthetic,True
HP-036,Cement,745867.1,MT,Civil,389.47,synthetic,True
HP-036,Reinforcement Steel,40475.0,MT,Civil,21.13,synthetic,True
HP-036,Structural Steel,9838.9,MT,Civil,5.14,synthetic,True
HP-036,Penstock Steel,13724.4,MT,Hydromechanical,7.17,synthetic,True
HP-036,Aggregate,1811391.6,m3,Civil,945.85,synthetic,True
HP-036,Sand,958972.1,m3,Civil,500.74,synthetic,True
HP-036,Excavation,23064207.8,m3,Civil,12043.34,synthetic,True
HP-036,Rock Excavation,10378893.5,m3,Civil,5419.5,synthetic,True
HP-036,Earth Excavation,12685314.3,m3,Civil,6623.84,synthetic,True
HP-036,Grouting Cement,59669.4,MT,Civil,31.16,synthetic,True
HP-036,Shotcrete,255725.9,m3,Civil,133.53,synthetic,True
HP-036,Lining Concrete,532762.2,m3,Civil,278.19,synthetic,True
HP-036,Gates Steel,2023.8,MT,Hydromechanical,1.06,synthetic,True
HP-036,Embedded Steel,1475.8,MT,Civil,0.77,synthetic,True
HP-037,Concrete,1602278.5,m3,Civil,1358.82,synthetic,True
HP-037,Cement,560797.5,MT,Civil,475.59,synthetic,True
HP-037,Reinforcement Steel,28375.5,MT,Civil,24.06,synthetic,True
HP-037,Structural Steel,6730.9,MT,Civil,5.71,synthetic,True
HP-037,Penstock Steel,13534.5,MT,Hydromechanical,11.48,synthetic,True
HP-037,Aggregate,1361936.7,m3,Civil,1155.0,synthetic,True
HP-037,Sand,721025.3,m3,Civil,611.47,synthetic,True
HP-037,Excavation,15926385.0,m3,Civil,13506.44,synthetic,True
HP-037,Rock Excavation,7166873.2,m3,Civil,6077.9,synthetic,True
HP-037,Earth Excavation,8759511.8,m3,Civil,7428.54,synthetic,True
HP-037,Grouting Cement,44863.8,MT,Civil,38.05,synthetic,True
HP-037,Shotcrete,192273.4,m3,Civil,163.06,synthetic,True
HP-037,Lining Concrete,400569.6,m3,Civil,339.7,synthetic,True
HP-037,Gates Steel,1418.8,MT,Hydromechanical,1.2,synthetic,True
HP-037,Embedded Steel,1009.6,MT,Civil,0.86,synthetic,True
HP-038,Concrete,1166623.2,m3,Civil,2244.84,synthetic,True
HP-038,Cement,408318.1,MT,Civil,785.7,synthetic,True
HP-038,Reinforcement Steel,19179.1,MT,Civil,36.9,synthetic,True
HP-038,Structural Steel,5304.1,MT,Civil,10.21,synthetic,True
HP-038,Penstock Steel,10029.6,MT,Hydromechanical,19.3,synthetic,True
HP-038,Aggregate,991629.7,m3,Civil,1908.12,synthetic,True
HP-038,Sand,524980.4,m3,Civil,1010.18,synthetic,True
HP-038,Excavation,8532439.4,m3,Civil,16418.33,synthetic,True
HP-038,Rock Excavation,3839597.7,m3,Civil,7388.25,synthetic,True
HP-038,Earth Excavation,4692841.7,m3,Civil,9030.08,synthetic,True
HP-038,Grouting Cement,32665.4,MT,Civil,62.86,synthetic,True
HP-038,Shotcrete,139994.8,m3,Civil,269.38,synthetic,True
HP-038,Lining Concrete,291655.8,m3,Civil,561.21,synthetic,True
HP-038,Gates Steel,959.0,MT,Hydromechanical,1.85,synthetic,True
HP-038,Embedded Steel,795.6,MT,Civil,1.53,synthetic,True
HP-039,Concrete,1371790.0,m3,Civil,1564.35,synthetic,True
HP-039,Cement,480126.5,MT,Civil,547.52,synthetic,True
HP-039,Reinforcement Steel,26736.7,MT,Civil,30.49,synthetic,True
HP-039,Structural Steel,8417.3,MT,Civil,9.6,synthetic,True
HP-039,Penstock Steel,10293.6,MT,Hydromechanical,11.74,synthetic,True
HP-039,Aggregate,1166021.5,m3,Civil,1329.69,synthetic,True
HP-039,Sand,617305.5,m3,Civil,703.96,synthetic,True
HP-039,Excavation,12174480.8,m3,Civil,13883.39,synthetic,True
HP-039,Rock Excavation,5478516.4,m3,Civil,6247.52,synthetic,True
HP-039,Earth Excavation,6695964.4,m3,Civil,7635.86,synthetic,True
HP-039,Grouting Cement,38410.1,MT,Civil,43.8,synthetic,True
HP-039,Shotcrete,164614.8,m3,Civil,187.72,synthetic,True
HP-039,Lining Concrete,342947.5,m3,Civil,391.09,synthetic,True
HP-039,Gates Steel,1336.8,MT,Hydromechanical,1.52,synthetic,True
HP-039,Embedded Steel,1262.6,MT,Civil,1.44,synthetic,True
HP-040,Concrete,1500045.9,m3,Civil,2124.74,synthetic,True
HP-040,Cement,525016.1,MT,Civil,743.66,synthetic,True
HP-040,Reinforcement Steel,22837.6,MT,Civil,32.35,synthetic,True
HP-040,Structural Steel,4764.9,MT,Civil,6.75,synthetic,True
HP-040,Penstock Steel,8063.8,MT,Hydromechanical,11.42,synthetic,True
HP-040,Aggregate,1275039.0,m3,Civil,1806.03,synthetic,True
HP-040,Sand,675020.7,m3,Civil,956.13,synthetic,True
HP-040,Excavation,12915848.9,m3,Civil,18294.66,synthetic,True
HP-040,Rock Excavation,5812132.0,m3,Civil,8232.6,synthetic,True
HP-040,Earth Excavation,7103716.9,m3,Civil,10062.06,synthetic,True
HP-040,Grouting Cement,42001.3,MT,Civil,59.49,synthetic,True
HP-040,Shotcrete,180005.5,m3,Civil,254.97,synthetic,True
HP-040,Lining Concrete,375011.5,m3,Civil,531.19,synthetic,True
HP-040,Gates Steel,1141.9,MT,Hydromechanical,1.62,synthetic,True
HP-040,Embedded Steel,714.7,MT,Civil,1.01,synthetic,True
HP-041,Concrete,1604965.6,m3,Civil,916.07,synthetic,True
HP-041,Cement,561738.0,MT,Civil,320.62,synthetic,True
HP-041,Reinforcement Steel,35098.6,MT,Civil,20.03,synthetic,True
HP-041,Structural Steel,7788.0,MT,Civil,4.45,synthetic,True
HP-041,Penstock Steel,14923.9,MT,Hydromechanical,8.52,synthetic,True
HP-041,Aggregate,1364220.8,m3,Civil,778.66,synthetic,True
HP-041,Sand,722234.5,m3,Civil,412.23,synthetic,True
HP-041,Excavation,18891772.4,m3,Civil,10782.91,synthetic,True
HP-041,Rock Excavation,8501297.6,m3,Civil,4852.31,synthetic,True
HP-041,Earth Excavation,10390474.8,m3,Civil,5930.6,synthetic,True
HP-041,Grouting Cement,44939.0,MT,Civil,25.65,synthetic,True
HP-041,Shotcrete,192595.9,m3,Civil,109.93,synthetic,True
HP-041,Lining Concrete,401241.4,m3,Civil,229.02,synthetic,True
HP-041,Gates Steel,1754.9,MT,Hydromechanical,1.0,synthetic,True
HP-041,Embedded Steel,1168.2,MT,Civil,0.67,synthetic,True
HP-042,Concrete,1617124.6,m3,Civil,1573.31,synthetic,True
HP-042,Cement,565993.6,MT,Civil,550.66,synthetic,True
HP-042,Reinforcement Steel,28541.4,MT,Civil,27.77,synthetic,True
HP-042,Structural Steel,9603.2,MT,Civil,9.34,synthetic,True
HP-042,Penstock Steel,11581.0,MT,Hydromechanical,11.27,synthetic,True
HP-042,Aggregate,1374555.9,m3,Civil,1337.31,synthetic,True
HP-042,Sand,727706.1,m3,Civil,707.99,synthetic,True
HP-042,Excavation,15663100.7,m3,Civil,15238.7,synthetic,True
HP-042,Rock Excavation,7048395.3,m3,Civil,6857.42,synthetic,True
HP-042,Earth Excavation,8614705.4,m3,Civil,8381.29,synthetic,True
HP-042,Grouting Cement,45279.5,MT,Civil,44.05,synthetic,True
HP-042,Shotcrete,194055.0,m3,Civil,188.8,synthetic,True
HP-042,Lining Concrete,404281.2,m3,Civil,393.33,synthetic,True
HP-042,Gates Steel,1427.1,MT,Hydromechanical,1.39,synthetic,True
HP-042,Embedded Steel,1440.5,MT,Civil,1.4,synthetic,True
HP-043,Concrete,1229806.4,m3,Civil,1505.86,synthetic,True
HP-043,Cement,430432.2,MT,Civil,527.05,synthetic,True
HP-043,Reinforcement Steel,25683.5,MT,Civil,31.45,synthetic,True
HP-043,Structural Steel,8299.2,MT,Civil,10.16,synthetic,True
HP-043,Penstock Steel,17709.8,MT,Hydromechanical,21.69,synthetic,True
HP-043,Aggregate,1045335.4,m3,Civil,1279.98,synthetic,True
HP-043,Sand,553412.9,m3,Civil,677.64,synthetic,True
HP-043,Excavation,11732267.5,m3,Civil,14365.81,synthetic,True
HP-043,Rock Excavation,8799200.6,m3,Civil,10774.36,synthetic,True
HP-043,Earth Excavation,2933066.9,m3,Civil,3591.45,synthetic,True
HP-043,Grouting Cement,34434.6,MT,Civil,42.16,synthetic,True
HP-043,Shotcrete,147576.8,m3,Civil,180.7,synthetic,True
HP-043,Lining Concrete,307451.6,m3,Civil,376.47,synthetic,True
HP-043,Gates Steel,1284.2,MT,Hydromechanical,1.57,synthetic,True
HP-043,Embedded Steel,1244.9,MT,Civil,1.52,synthetic,True
HP-044,Concrete,1008652.4,m3,Civil,6449.6,synthetic,True
HP-044,Cement,353028.3,MT,Civil,2257.36,synthetic,True
HP-044,Reinforcement Steel,14708.3,MT,Civil,94.05,synthetic,True
HP-044,Structural Steel,4164.4,MT,Civil,26.63,synthetic,True
HP-044,Penstock Steel,11069.0,MT,Hydromechanical,70.78,synthetic,True
HP-044,Aggregate,857354.5,m3,Civil,5482.16,synthetic,True
HP-044,Sand,453893.6,m3,Civil,2902.32,synthetic,True
HP-044,Excavation,6745448.1,m3,Civil,43132.22,synthetic,True
HP-044,Rock Excavation,3035451.6,m3,Civil,19409.5,synthetic,True
HP-044,Earth Excavation,3709996.5,m3,Civil,23722.72,synthetic,True
HP-044,Grouting Cement,28242.3,MT,Civil,180.59,synthetic,True
HP-044,Shotcrete,121038.3,m3,Civil,773.95,synthetic,True
HP-044,Lining Concrete,252163.1,m3,Civil,1612.4,synthetic,True
HP-044,Gates Steel,735.4,MT,Hydromechanical,4.7,synthetic,True
HP-044,Embedded Steel,624.7,MT,Civil,3.99,synthetic,True
HP-045,Concrete,1572435.3,m3,Civil,990.77,synthetic,True
HP-045,Cement,550352.4,MT,Civil,346.77,synthetic,True
HP-045,Reinforcement Steel,33881.5,MT,Civil,21.35,synthetic,True
HP-045,Structural Steel,10925.9,MT,Civil,6.88,synthetic,True
HP-045,Penstock Steel,10513.9,MT,Hydromechanical,6.62,synthetic,True
HP-045,Aggregate,1336570.0,m3,Civil,842.15,synthetic,True
HP-045,Sand,707595.9,m3,Civil,445.84,synthetic,True
HP-045,Excavation,17922007.1,m3,Civil,11292.37,synthetic,True
HP-045,Rock Excavation,8064903.2,m3,Civil,5081.57,synthetic,True
HP-045,Earth Excavation,9857103.9,m3,Civil,6210.8,synthetic,True
HP-045,Grouting Cement,44028.2,MT,Civil,27.74,synthetic,True
HP-045,Shotcrete,188692.2,m3,Civil,118.89,synthetic,True
HP-045,Lining Concrete,393108.8,m3,Civil,247.69,synthetic,True
HP-045,Gates Steel,1694.1,MT,Hydromechanical,1.07,synthetic,True
HP-045,Embedded Steel,1638.9,MT,Civil,1.03,synthetic,True
HP-046,Concrete,1375197.5,m3,Civil,1017.54,synthetic,True
HP-046,Cement,481319.1,MT,Civil,356.14,synthetic,True
HP-046,Reinforcement Steel,29002.7,MT,Civil,21.46,synthetic,True
HP-046,Structural Steel,6926.2,MT,Civil,5.12,synthetic,True
HP-046,Penstock Steel,9722.7,MT,Hydromechanical,7.19,synthetic,True
HP-046,Aggregate,1168917.9,m3,Civil,864.91,synthetic,True
HP-046,Sand,618838.9,m3,Civil,457.89,synthetic,True
HP-046,Excavation,14967681.9,m3,Civil,11074.95,synthetic,True
HP-046,Rock Excavation,6735456.9,m3,Civil,4983.73,synthetic,True
HP-046,Earth Excavation,8232225.0,m3,Civil,6091.22,synthetic,True
HP-046,Grouting Cement,38505.5,MT,Civil,28.49,synthetic,True
HP-046,Shotcrete,165023.7,m3,Civil,122.11,synthetic,True
HP-046,Lining Concrete,343799.4,m3,Civil,254.39,synthetic,True
HP-046,Gates Steel,1450.1,MT,Hydromechanical,1.07,synthetic,True
HP-046,Embedded Steel,1038.9,MT,Civil,0.77,synthetic,True
HP-047,Concrete,1527705.7,m3,Civil,1582.8,synthetic,True
HP-047,Cement,534697.0,MT,Civil,553.98,synthetic,True
HP-047,Reinforcement Steel,25914.8,MT,Civil,26.85,synthetic,True
HP-047,Structural Steel,7922.4,MT,Civil,8.21,synthetic,True
HP-047,Penstock Steel,14447.4,MT,Hydromechanical,14.97,synthetic,True
HP-047,Aggregate,1298549.8,m3,Civil,1345.38,synthetic,True
HP-047,Sand,687467.6,m3,Civil,712.26,synthetic,True
HP-047,Excavation,13515427.8,m3,Civil,14002.87,synthetic,True
HP-047,Rock Excavation,6081942.5,m3,Civil,6301.29,synthetic,True
HP-047,Earth Excavation,7433485.3,m3,Civil,7701.58,synthetic,True
HP-047,Grouting Cement,42775.8,MT,Civil,44.32,synthetic,True
HP-047,Shotcrete,183324.7,m3,Civil,189.94,synthetic,True
HP-047,Lining Concrete,381926.4,m3,Civil,395.7,synthetic,True
HP-047,Gates Steel,1295.7,MT,Hydromechanical,1.34,synthetic,True
HP-047,Embedded Steel,1188.4,MT,Civil,1.23,synthetic,True
HP-048,Concrete,1341665.5,m3,Civil,1098.5,synthetic,True
HP-048,Cement,469582.9,MT,Civil,384.48,synthetic,True
HP-048,Reinforcement Steel,29322.1,MT,Civil,24.01,synthetic,True
HP-048,Structural Steel,8027.2,MT,Civil,6.57,synthetic,True
HP-048,Penstock Steel,9618.7,MT,Hydromechanical,7.88,synthetic,True
HP-048,Aggregate,1140415.7,m3,Civil,933.73,synthetic,True
HP-048,Sand,603749.5,m3,Civil,494.33,synthetic,True
HP-048,Excavation,14517242.5,m3,Civil,11886.13,synthetic,True
HP-048,Rock Excavation,10887931.9,m3,Civil,8914.6,synthetic,True
HP-048,Earth Excavation,3629310.6,m3,Civil,2971.53,synthetic,True
HP-048,Grouting Cement,37566.6,MT,Civil,30.76,synthetic,True
HP-048,Shotcrete,160999.9,m3,Civil,131.82,synthetic,True
HP-048,Lining Concrete,335416.4,m3,Civil,274.63,synthetic,True
HP-048,Gates Steel,1466.1,MT,Hydromechanical,1.2,synthetic,True
HP-048,Embedded Steel,1204.1,MT,Civil,0.99,synthetic,True
HP-049,Concrete,1497186.4,m3,Civil,1315.49,synthetic,True
HP-049,Cement,524015.2,MT,Civil,460.42,synthetic,True
HP-049,Reinforcement Steel,28993.0,MT,Civil,25.47,synthetic,True
HP-049,Structural Steel,9940.5,MT,Civil,8.73,synthetic,True
HP-049,Penstock Steel,16503.8,MT,Hydromechanical,14.5,synthetic,True
HP-049,Aggregate,1272608.4,m3,Civil,1118.17,synthetic,True
HP-049,Sand,673733.9,m3,Civil,591.97,synthetic,True
HP-049,Excavation,15250051.5,m3,Civil,13399.34,synthetic,True
HP-049,Rock Excavation,11437538.6,m3,Civil,10049.5,synthetic,True
HP-049,Earth Excavation,3812512.9,m3,Civil,3349.83,synthetic,True
HP-049,Grouting Cement,41921.2,MT,Civil,36.83,synthetic,True
HP-049,Shotcrete,179662.4,m3,Civil,157.86,synthetic,True
HP-049,Lining Concrete,374296.6,m3,Civil,328.87,synthetic,True
HP-049,Gates Steel,1449.7,MT,Hydromechanical,1.27,synthetic,True
HP-049,Embedded Steel,1491.1,MT,Civil,1.31,synthetic,True
HP-050,Concrete,1761662.9,m3,Civil,2167.16,synthetic,True
HP-050,Cement,616582.0,MT,Civil,758.51,synthetic,True
HP-050,Reinforcement Steel,22618.6,MT,Civil,27.82,synthetic,True
HP-050,Structural Steel,4861.6,MT,Civil,5.98,synthetic,True
HP-050,Penstock Steel,9347.4,MT,Hydromechanical,11.5,synthetic,True
HP-050,Aggregate,1497413.5,m3,Civil,1842.09,synthetic,True
HP-050,Sand,792748.3,m3,Civil,975.22,synthetic,True
HP-050,Excavation,13704952.2,m3,Civil,16859.54,synthetic,True
HP-050,Rock Excavation,6167228.5,m3,Civil,7586.79,synthetic,True
HP-050,Earth Excavation,7537723.7,m3,Civil,9272.75,synthetic,True
HP-050,Grouting Cement,49326.6,MT,Civil,60.68,synthetic,True
HP-050,Shotcrete,211399.5,m3,Civil,260.06,synthetic,True
HP-050,Lining Concrete,440415.7,m3,Civil,541.79,synthetic,True
HP-050,Gates Steel,1130.9,MT,Hydromechanical,1.39,synthetic,True
HP-050,Embedded Steel,729.2,MT,Civil,0.9,synthetic,True
HP-051,Concrete,1362658.3,m3,Civil,1057.4,synthetic,True
HP-051,Cement,476930.4,MT,Civil,370.09,synthetic,True
HP-051,Reinforcement Steel,28889.7,MT,Civil,22.42,synthetic,True
HP-051,Structural Steel,8076.9,MT,Civil,6.27,synthetic,True
HP-051,Penstock Steel,11470.9,MT,Hydromechanical,8.9,synthetic,True
HP-051,Aggregate,1158259.6,m3,Civil,898.79,synthetic,True
HP-051,Sand,613196.2,m3,Civil,475.83,synthetic,True
HP-051,Excavation,14746819.9,m3,Civil,11443.26,synthetic,True
HP-051,Rock Excavation,6636069.0,m3,Civil,5149.47,synthetic,True
HP-051,Earth Excavation,8110750.9,m3,Civil,6293.8,synthetic,True
HP-051,Grouting Cement,38154.4,MT,Civil,29.61,synthetic,True
HP-051,Shotcrete,163519.0,m3,Civil,126.89,synthetic,True
HP-051,Lining Concrete,340664.6,m3,Civil,264.35,synthetic,True
HP-051,Gates Steel,1444.5,MT,Hydromechanical,1.12,synthetic,True
HP-051,Embedded Steel,1211.5,MT,Civil,0.94,synthetic,True
HP-052,Concrete,1666555.9,m3,Civil,1341.9,synthetic,True
HP-052,Cement,583294.6,MT,Civil,469.66,synthetic,True
HP-052,Reinforcement Steel,32208.8,MT,Civil,25.93,synthetic,True
HP-052,Structural Steel,10163.6,MT,Civil,8.18,synthetic,True
HP-052,Penstock Steel,20844.4,MT,Hydromechanical,16.78,synthetic,True
HP-052,Aggregate,1416572.5,m3,Civil,1140.61,synthetic,True
HP-052,Sand,749950.2,m3,Civil,603.85,synthetic,True
HP-052,Excavation,17532804.1,m3,Civil,14117.27,synthetic,True
HP-052,Rock Excavation,7889761.8,m3,Civil,6352.77,synthetic,True
HP-052,Earth Excavation,9643042.3,m3,Civil,7764.5,synthetic,True
HP-052,Grouting Cement,46663.6,MT,Civil,37.57,synthetic,True
HP-052,Shotcrete,199986.7,m3,Civil,161.03,synthetic,True
HP-052,Lining Concrete,416639.0,m3,Civil,335.47,synthetic,True
HP-052,Gates Steel,1610.4,MT,Hydromechanical,1.3,synthetic,True
HP-052,Embedded Steel,1524.5,MT,Civil,1.23,synthetic,True
HP-053,Concrete,1699044.0,m3,Civil,1399.23,synthetic,True
HP-053,Cement,594665.4,MT,Civil,489.73,synthetic,True
HP-053,Reinforcement Steel,31559.3,MT,Civil,25.99,synthetic,True
HP-053,Structural Steel,7897.8,MT,Civil,6.5,synthetic,True
HP-053,Penstock Steel,16397.2,MT,Hydromechanical,13.5,synthetic,True
HP-053,Aggregate,1444187.4,m3,Civil,1189.35,synthetic,True
HP-053,Sand,764569.8,m3,Civil,629.65,synthetic,True
HP-053,Excavation,17565041.6,m3,Civil,14465.52,synthetic,True
HP-053,Rock Excavation,7904268.7,m3,Civil,6509.48,synthetic,True
HP-053,Earth Excavation,9660772.9,m3,Civil,7956.03,synthetic,True
HP-053,Grouting Cement,47573.2,MT,Civil,39.18,synthetic,True
HP-053,Shotcrete,203885.3,m3,Civil,167.91,synthetic,True
HP-053,Lining Concrete,424761.0,m3,Civil,349.81,synthetic,True
HP-053,Gates Steel,1578.0,MT,Hydromechanical,1.3,synthetic,True
HP-053,Embedded Steel,1184.7,MT,Civil,0.98,synthetic,True
HP-054,Concrete,1423335.8,m3,Civil,7592.74,synthetic,True
HP-054,Cement,498167.5,MT,Civil,2657.46,synthetic,True
HP-054,Reinforcement Steel,16886.0,MT,Civil,90.08,synthetic,True
HP-054,Structural Steel,5250.5,MT,Civil,28.01,synthetic,True
HP-054,Penstock Steel,5084.7,MT,Hydromechanical,27.12,synthetic,True
HP-054,Aggregate,1209835.4,m3,Civil,6453.83,synthetic,True
HP-054,Sand,640501.1,m3,Civil,3416.73,synthetic,True
HP-054,Excavation,9842910.6,m3,Civil,52506.72,synthetic,True
HP-054,Rock Excavation,4429309.8,m3,Civil,23628.03,synthetic,True
HP-054,Earth Excavation,5413600.8,m3,Civil,28878.7,synthetic,True
HP-054,Grouting Cement,39853.4,MT,Civil,212.6,synthetic,True
HP-054,Shotcrete,170800.3,m3,Civil,911.13,synthetic,True
HP-054,Lining Concrete,355834.0,m3,Civil,1898.19,synthetic,True
HP-054,Gates Steel,844.3,MT,Hydromechanical,4.5,synthetic,True
HP-054,Embedded Steel,787.6,MT,Civil,4.2,synthetic,True
HP-055,Concrete,1285206.6,m3,Civil,2623.14,synthetic,True
HP-055,Cement,449822.3,MT,Civil,918.1,synthetic,True
HP-055,Reinforcement Steel,21559.6,MT,Civil,44.0,synthetic,True
HP-055,Structural Steel,4752.1,MT,Civil,9.7,synthetic,True
HP-055,Penstock Steel,6457.5,MT,Hydromechanical,13.18,synthetic,True
HP-055,Aggregate,1092425.6,m3,Civil,2229.67,synthetic,True
HP-055,Sand,578343.0,m3,Civil,1180.41,synthetic,True
HP-055,Excavation,9236877.4,m3,Civil,18852.69,synthetic,True
HP-055,Rock Excavation,4156594.8,m3,Civil,8483.71,synthetic,True
HP-055,Earth Excavation,5080282.6,m3,Civil,10368.98,synthetic,True
HP-055,Grouting Cement,35985.8,MT,Civil,73.45,synthetic,True
HP-055,Shotcrete,154224.8,m3,Civil,314.78,synthetic,True
HP-055,Lining Concrete,321301.7,m3,Civil,655.78,synthetic,True
HP-055,Gates Steel,1078.0,MT,Hydromechanical,2.2,synthetic,True
HP-055,Embedded Steel,712.8,MT,Civil,1.45,synthetic,True
HP-056,Concrete,1628078.9,m3,Civil,839.23,synthetic,True
HP-056,Cement,569827.6,MT,Civil,293.73,synthetic,True
HP-056,Reinforcement Steel,36650.2,MT,Civil,18.89,synthetic,True
HP-056,Structural Steel,11988.0,MT,Civil,6.18,synthetic,True
HP-056,Penstock Steel,15850.7,MT,Hydromechanical,8.17,synthetic,True
HP-056,Aggregate,1383867.1,m3,Civil,713.35,synthetic,True
HP-056,Sand,732635.5,m3,Civil,377.65,synthetic,True
HP-056,Excavation,19950476.0,m3,Civil,10283.96,synthetic,True
HP-056,Rock Excavation,8977714.2,m3,Civil,4627.78,synthetic,True
HP-056,Earth Excavation,10972761.8,m3,Civil,5656.18,synthetic,True
HP-056,Grouting Cement,45586.2,MT,Civil,23.5,synthetic,True
HP-056,Shotcrete,195369.5,m3,Civil,100.71,synthetic,True
HP-056,Lining Concrete,407019.7,m3,Civil,209.81,synthetic,True
HP-056,Gates Steel,1832.5,MT,Hydromechanical,0.94,synthetic,True
HP-056,Embedded Steel,1798.2,MT,Civil,0.93,synthetic,True
HP-057,Concrete,1501714.3,m3,Civil,1701.0,synthetic,True
HP-057,Cement,525600.0,MT,Civil,595.35,synthetic,True
HP-057,Reinforcement Steel,26380.7,MT,Civil,29.88,synthetic,True
HP-057,Structural Steel,9231.7,MT,Civil,10.46,synthetic,True
HP-057,Penstock Steel,7847.5,MT,Hydromechanical,8.89,synthetic,True
HP-057,Aggregate,1276457.2,m3,Civil,1445.85,synthetic,True
HP-057,Sand,675771.4,m3,Civil,765.45,synthetic,True
HP-057,Excavation,14053456.5,m3,Civil,15918.46,synthetic,True
HP-057,Rock Excavation,6324055.4,m3,Civil,7163.31,synthetic,True
HP-057,Earth Excavation,7729401.1,m3,Civil,8755.16,synthetic,True
HP-057,Grouting Cement,42048.0,MT,Civil,47.63,synthetic,True
HP-057,Shotcrete,180205.7,m3,Civil,204.12,synthetic,True
HP-057,Lining Concrete,375428.6,m3,Civil,425.25,synthetic,True
HP-057,Gates Steel,1319.0,MT,Hydromechanical,1.49,synthetic,True
HP-057,Embedded Steel,1384.8,MT,Civil,1.57,synthetic,True
HP-058,Concrete,1942900.3,m3,Civil,1022.38,synthetic,True
HP-058,Cement,680015.1,MT,Civil,357.83,synthetic,True
HP-058,Reinforcement Steel,38042.8,MT,Civil,20.02,synthetic,True
HP-058,Structural Steel,8185.1,MT,Civil,4.31,synthetic,True
HP-058,Penstock Steel,10881.1,MT,Hydromechanical,5.73,synthetic,True
HP-058,Aggregate,1651465.3,m3,Civil,869.02,synthetic,True
HP-058,Sand,874305.1,m3,Civil,460.07,synthetic,True
HP-058,Excavation,22292692.3,m3,Civil,11730.71,synthetic,True
HP-058,Rock Excavation,16719519.2,m3,Civil,8798.03,synthetic,True
HP-058,Earth Excavation,5573173.1,m3,Civil,2932.68,synthetic,True
HP-058,Grouting Cement,54401.2,MT,Civil,28.63,synthetic,True
HP-058,Shotcrete,233148.0,m3,Civil,122.69,synthetic,True
HP-058,Lining Concrete,485725.1,m3,Civil,255.6,synthetic,True
HP-058,Gates Steel,1902.1,MT,Hydromechanical,1.0,synthetic,True
HP-058,Embedded Steel,1227.8,MT,Civil,0.65,synthetic,True
HP-059,Concrete,1388102.3,m3,Civil,1644.48,synthetic,True
HP-059,Cement,485835.8,MT,Civil,575.57,synthetic,True
HP-059,Reinforcement Steel,26316.1,MT,Civil,31.18,synthetic,True
HP-059,Structural Steel,7209.6,MT,Civil,8.54,synthetic,True
HP-059,Penstock Steel,9409.8,MT,Hydromechanical,11.15,synthetic,True
HP-059,Aggregate,1179887.0,m3,Civil,1397.8,synthetic,True
HP-059,Sand,624646.0,m3,Civil,740.01,synthetic,True
HP-059,Excavation,13111361.8,m3,Civil,15532.95,synthetic,True
HP-059,Rock Excavation,9833521.4,m3,Civil,11649.71,synthetic,True
HP-059,Earth Excavation,3277840.4,m3,Civil,3883.24,synthetic,True
HP-059,Grouting Cement,38866.9,MT,Civil,46.05,synthetic,True
HP-059,Shotcrete,166572.3,m3,Civil,197.34,synthetic,True
HP-059,Lining Concrete,347025.6,m3,Civil,411.12,synthetic,True
HP-059,Gates Steel,1315.8,MT,Hydromechanical,1.56,synthetic,True
HP-059,Embedded Steel,1081.4,MT,Civil,1.28,synthetic,True
HP-060,Concrete,1674417.7,m3,Civil,849.08,synthetic,True
HP-060,Cement,586046.2,MT,Civil,297.18,synthetic,True
HP-060,Reinforcement Steel,37544.7,MT,Civil,19.04,synthetic,True
HP-060,Structural Steel,9152.3,MT,Civil,4.64,synthetic,True
HP-060,Penstock Steel,12140.9,MT,Hydromechanical,6.16,synthetic,True
HP-060,Aggregate,1423255.0,m3,Civil,721.72,synthetic,True
HP-060,Sand,753488.0,m3,Civil,382.09,synthetic,True
HP-060,Excavation,20512276.9,m3,Civil,10401.6,synthetic,True
HP-060,Rock Excavation,9230524.6,m3,Civil,4680.72,synthetic,True
HP-060,Earth Excavation,11281752.3,m3,Civil,5720.88,synthetic,True
HP-060,Grouting Cement,46883.7,MT,Civil,23.77,synthetic,True
HP-060,Shotcrete,200930.1,m3,Civil,101.89,synthetic,True
HP-060,Lining Concrete,418604.4,m3,Civil,212.27,synthetic,True
HP-060,Gates Steel,1877.2,MT,Hydromechanical,0.95,synthetic,True
HP-060,Embedded Steel,1372.8,MT,Civil,0.7,synthetic,True
HP-061,Concrete,1484251.2,m3,Civil,1970.41,synthetic,True
HP-061,Cement,519487.9,MT,Civil,689.64,synthetic,True
HP-061,Reinforcement Steel,25439.1,MT,Civil,33.77,synthetic,True
HP-061,Structural Steel,6749.2,MT,Civil,8.96,synthetic,True
HP-061,Penstock Steel,9143.9,MT,Hydromechanical,12.14,synthetic,True
HP-061,Aggregate,1261613.5,m3,Civil,1674.85,synthetic,True
HP-061,Sand,667913.0,m3,Civil,886.68,synthetic,True
HP-061,Excavation,13368339.1,m3,Civil,17747.07,synthetic,True
HP-061,Rock Excavation,6015752.6,m3,Civil,7986.18,synthetic,True
HP-061,Earth Excavation,7352586.5,m3,Civil,9760.89,synthetic,True
HP-061,Grouting Cement,41559.0,MT,Civil,55.17,synthetic,True
HP-061,Shotcrete,178110.1,m3,Civil,236.45,synthetic,True
HP-061,Lining Concrete,371062.8,m3,Civil,492.6,synthetic,True
HP-061,Gates Steel,1272.0,MT,Hydromechanical,1.69,synthetic,True
HP-061,Embedded Steel,1012.4,MT,Civil,1.34,synthetic,True
HP-062,Concrete,1528794.6,m3,Civil,1256.08,synthetic,True
HP-062,Cement,535078.1,MT,Civil,439.63,synthetic,True
HP-062,Reinforcement Steel,31944.2,MT,Civil,26.25,synthetic,True
HP-062,Structural Steel,7481.1,MT,Civil,6.15,synthetic,True
HP-062,Penstock Steel,19364.3,MT,Hydromechanical,15.91,synthetic,True
HP-062,Aggregate,1299475.4,m3,Civil,1067.66,synthetic,True
HP-062,Sand,687957.6,m3,Civil,565.23,synthetic,True
HP-062,Excavation,16079105.3,m3,Civil,13210.78,synthetic,True
HP-062,Rock Excavation,12059329.0,m3,Civil,9908.09,synthetic,True
HP-062,Earth Excavation,4019776.3,m3,Civil,3302.7,synthetic,True
HP-062,Grouting Cement,42806.2,MT,Civil,35.17,synthetic,True
HP-062,Shotcrete,183455.4,m3,Civil,150.73,synthetic,True
HP-062,Lining Concrete,382198.7,m3,Civil,314.02,synthetic,True
HP-062,Gates Steel,1597.2,MT,Hydromechanical,1.31,synthetic,True
HP-062,Embedded Steel,1122.2,MT,Civil,0.92,synthetic,True
HP-063,Concrete,1570142.3,m3,Civil,3367.02,synthetic,True
HP-063,Cement,549549.8,MT,Civil,1178.46,synthetic,True
HP-063,Reinforcement Steel,18890.1,MT,Civil,40.51,synthetic,True
HP-063,Structural Steel,5624.3,MT,Civil,12.06,synthetic,True
HP-063,Penstock Steel,9293.6,MT,Hydromechanical,19.93,synthetic,True
HP-063,Aggregate,1334621.0,m3,Civil,2861.97,synthetic,True
HP-063,Sand,706564.0,m3,Civil,1515.16,synthetic,True
HP-063,Excavation,11101958.6,m3,Civil,23807.09,synthetic,True
HP-063,Rock Excavation,8326468.9,m3,Civil,17855.31,synthetic,True
HP-063,Earth Excavation,2775489.7,m3,Civil,5951.77,synthetic,True
HP-063,Grouting Cement,43964.0,MT,Civil,94.28,synthetic,True
HP-063,Shotcrete,188417.1,m3,Civil,404.04,synthetic,True
HP-063,Lining Concrete,392535.6,m3,Civil,841.75,synthetic,True
HP-063,Gates Steel,944.5,MT,Hydromechanical,2.03,synthetic,True
HP-063,Embedded Steel,843.6,MT,Civil,1.81,synthetic,True
HP-064,Concrete,1471337.6,m3,Civil,1350.77,synthetic,True
HP-064,Cement,514968.2,MT,Civil,472.77,synthetic,True
HP-064,Reinforcement Steel,29840.6,MT,Civil,27.4,synthetic,True
HP-064,Structural Steel,7779.1,MT,Civil,7.14,synthetic,True
HP-064,Penstock Steel,17091.1,MT,Hydromechanical,15.69,synthetic,True
HP-064,Aggregate,1250637.0,m3,Civil,1148.15,synthetic,True
HP-064,Sand,662101.9,m3,Civil,607.85,synthetic,True
HP-064,Excavation,15080349.9,m3,Civil,13844.58,synthetic,True
HP-064,Rock Excavation,6786157.5,m3,Civil,6230.06,synthetic,True
HP-064,Earth Excavation,8294192.4,m3,Civil,7614.52,synthetic,True
HP-064,Grouting Cement,41197.5,MT,Civil,37.82,synthetic,True
HP-064,Shotcrete,176560.5,m3,Civil,162.09,synthetic,True
HP-064,Lining Concrete,367834.4,m3,Civil,337.69,synthetic,True
HP-064,Gates Steel,1492.0,MT,Hydromechanical,1.37,synthetic,True
HP-064,Embedded Steel,1166.9,MT,Civil,1.07,synthetic,True
HP-065,Concrete,1143750.2,m3,Civil,4239.88,synthetic,True
HP-065,Cement,400312.6,MT,Civil,1483.96,synthetic,True
HP-065,Reinforcement Steel,16352.3,MT,Civil,60.62,synthetic,True
HP-065,Structural Steel,3468.7,MT,Civil,12.86,synthetic,True
HP-065,Penstock Steel,8629.0,MT,Hydromechanical,31.99,synthetic,True
HP-065,Aggregate,972187.7,m3,Civil,3603.9,synthetic,True
HP-065,Sand,514687.6,m3,Civil,1907.95,synthetic,True
HP-065,Excavation,8283953.7,m3,Civil,30708.61,synthetic,True
HP-065,Rock Excavation,6212965.3,m3,Civil,23031.45,synthetic,True
HP-065,Earth Excavation,2070988.4,m3,Civil,7677.15,synthetic,True
HP-065,Grouting Cement,32025.0,MT,Civil,118.72,synthetic,True
HP-065,Shotcrete,137250.0,m3,Civil,508.79,synthetic,True
HP-065,Lining Concrete,285937.5,m3,Civil,1059.97,synthetic,True
HP-065,Gates Steel,817.6,MT,Hydromechanical,3.03,synthetic,True
HP-065,Embedded Steel,520.3,MT,Civil,1.93,synthetic,True
HP-066,Concrete,1767650.3,m3,Civil,984.86,synthetic,True
HP-066,Cement,618677.6,MT,Civil,344.7,synthetic,True
HP-066,Reinforcement Steel,38656.0,MT,Civil,21.54,synthetic,True
HP-066,Structural Steel,8492.0,MT,Civil,4.73,synthetic,True
HP-066,Penstock Steel,12839.5,MT,Hydromechanical,7.15,synthetic,True
HP-066,Aggregate,1502502.8,m3,Civil,837.13,synthetic,True
HP-066,Sand,795442.6,m3,Civil,443.19,synthetic,True
HP-066,Excavation,20968821.7,m3,Civil,11682.97,synthetic,True
HP-066,Rock Excavation,15726616.3,m3,Civil,8762.22,synthetic,True
HP-066,Earth Excavation,5242205.4,m3,Civil,2920.74,synthetic,True
HP-066,Grouting Cement,49494.2,MT,Civil,27.58,synthetic,True
HP-066,Shotcrete,212118.0,m3,Civil,118.18,synthetic,True
HP-066,Lining Concrete,441912.6,m3,Civil,246.22,synthetic,True
HP-066,Gates Steel,1932.8,MT,Hydromechanical,1.08,synthetic,True
HP-066,Embedded Steel,1273.8,MT,Civil,0.71,synthetic,True
HP-067,Concrete,1463505.8,m3,Civil,2983.58,synthetic,True
HP-067,Cement,512227.0,MT,Civil,1044.25,synthetic,True
HP-067,Reinforcement Steel,20691.4,MT,Civil,42.18,synthetic,True
HP-067,Structural Steel,6953.0,MT,Civil,14.17,synthetic,True
HP-067,Penstock Steel,8149.2,MT,Hydromechanical,16.61,synthetic,True
HP-067,Aggregate,1243979.9,m3,Civil,2536.04,synthetic,True
HP-067,Sand,658577.6,m3,Civil,1342.61,synthetic,True
HP-067,Excavation,11658423.8,m3,Civil,23767.48,synthetic,True
HP-067,Rock Excavation,5246290.7,m3,Civil,10695.37,synthetic,True
HP-067,Earth Excavation,6412133.1,m3,Civil,13072.11,synthetic,True
HP-067,Grouting Cement,40978.2,MT,Civil,83.54,synthetic,True
HP-067,Shotcrete,175620.7,m3,Civil,358.03,synthetic,True
HP-067,Lining Concrete,365876.5,m3,Civil,745.9,synthetic,True
HP-067,Gates Steel,1034.6,MT,Hydromechanical,2.11,synthetic,True
HP-067,Embedded Steel,1043.0,MT,Civil,2.13,synthetic,True
HP-068,Concrete,1603558.0,m3,Civil,5714.95,synthetic,True
HP-068,Cement,561245.3,MT,Civil,2000.23,synthetic,True
HP-068,Reinforcement Steel,18152.3,MT,Civil,64.69,synthetic,True
HP-068,Structural Steel,5295.1,MT,Civil,18.87,synthetic,True
HP-068,Penstock Steel,6487.3,MT,Hydromechanical,23.12,synthetic,True
HP-068,Aggregate,1363024.3,m3,Civil,4857.71,synthetic,True
HP-068,Sand,721601.1,m3,Civil,2571.73,synthetic,True
HP-068,Excavation,10262323.2,m3,Civil,36574.09,synthetic,True
HP-068,Rock Excavation,7696742.4,m3,Civil,27430.57,synthetic,True
HP-068,Earth Excavation,2565580.8,m3,Civil,9143.52,synthetic,True
HP-068,Grouting Cement,44899.6,MT,Civil,160.02,synthetic,True
HP-068,Shotcrete,192427.0,m3,Civil,685.79,synthetic,True
HP-068,Lining Concrete,400889.5,m3,Civil,1428.74,synthetic,True
HP-068,Gates Steel,907.6,MT,Hydromechanical,3.23,synthetic,True
HP-068,Embedded Steel,794.3,MT,Civil,2.83,synthetic,True
HP-069,Concrete,1768722.4,m3,Civil,1303.13,synthetic,True
HP-069,Cement,619052.8,MT,Civil,456.09,synthetic,True
HP-069,Reinforcement Steel,33969.2,MT,Civil,25.03,synthetic,True
HP-069,Structural Steel,10591.1,MT,Civil,7.8,synthetic,True
HP-069,Penstock Steel,13013.0,MT,Hydromechanical,9.59,synthetic,True
HP-069,Aggregate,1503414.0,m3,Civil,1107.66,synthetic,True
HP-069,Sand,795925.1,m3,Civil,586.41,synthetic,True
HP-069,Excavation,17434690.3,m3,Civil,12845.22,synthetic,True
HP-069,Rock Excavation,7845610.6,m3,Civil,5780.35,synthetic,True
HP-069,Earth Excavation,9589079.7,m3,Civil,7064.87,synthetic,True
HP-069,Grouting Cement,49524.2,MT,Civil,36.49,synthetic,True
HP-069,Shotcrete,212246.7,m3,Civil,156.38,synthetic,True
HP-069,Lining Concrete,442180.6,m3,Civil,325.78,synthetic,True
HP-069,Gates Steel,1698.5,MT,Hydromechanical,1.25,synthetic,True
HP-069,Embedded Steel,1588.7,MT,Civil,1.17,synthetic,True
HP-070,Concrete,1470787.5,m3,Civil,1861.0,synthetic,True
HP-070,Cement,514775.6,MT,Civil,651.35,synthetic,True
HP-070,Reinforcement Steel,24746.5,MT,Civil,31.31,synthetic,True
HP-070,Structural Steel,5406.7,MT,Civil,6.84,synthetic,True
HP-070,Penstock Steel,13233.6,MT,Hydromechanical,16.74,synthetic,True
HP-070,Aggregate,1250169.4,m3,Civil,1581.85,synthetic,True
HP-070,Sand,661854.4,m3,Civil,837.45,synthetic,True
HP-070,Excavation,13297312.9,m3,Civil,16825.23,synthetic,True
HP-070,Rock Excavation,9972984.7,m3,Civil,12618.92,synthetic,True
HP-070,Earth Excavation,3324328.2,m3,Civil,4206.31,synthetic,True
HP-070,Grouting Cement,41182.0,MT,Civil,52.11,synthetic,True
HP-070,Shotcrete,176494.5,m3,Civil,223.32,synthetic,True
HP-070,Lining Concrete,367696.9,m3,Civil,465.25,synthetic,True
HP-070,Gates Steel,1237.3,MT,Hydromechanical,1.57,synthetic,True
HP-070,Embedded Steel,811.0,MT,Civil,1.03,synthetic,True
HP-071,Concrete,1655936.7,m3,Civil,933.11,synthetic,True
HP-071,Cement,579577.8,MT,Civil,326.59,synthetic,True
HP-071,Reinforcement Steel,38281.3,MT,Civil,21.57,synthetic,True
HP-071,Structural Steel,12024.8,MT,Civil,6.78,synthetic,True
HP-071,Penstock Steel,17484.8,MT,Hydromechanical,9.85,synthetic,True
HP-071,Aggregate,1407546.2,m3,Civil,793.14,synthetic,True
HP-071,Sand,745171.5,m3,Civil,419.9,synthetic,True
HP-071,Excavation,19977172.3,m3,Civil,11256.96,synthetic,True
HP-071,Rock Excavation,8989727.5,m3,Civil,5065.63,synthetic,True
HP-071,Earth Excavation,10987444.8,m3,Civil,6191.33,synthetic,True
HP-071,Grouting Cement,46366.2,MT,Civil,26.13,synthetic,True
HP-071,Shotcrete,198712.4,m3,Civil,111.97,synthetic,True
HP-071,Lining Concrete,413984.2,m3,Civil,233.28,synthetic,True
HP-071,Gates Steel,1914.1,MT,Hydromechanical,1.08,synthetic,True
HP-071,Embedded Steel,1803.7,MT,Civil,1.02,synthetic,True
HP-072,Concrete,1633855.4,m3,Civil,1156.99,synthetic,True
HP-072,Cement,571849.4,MT,Civil,404.95,synthetic,True
HP-072,Reinforcement Steel,34389.5,MT,Civil,24.35,synthetic,True
HP-072,Structural Steel,10512.7,MT,Civil,7.44,synthetic,True
HP-072,Penstock Steel,17909.1,MT,Hydromechanical,12.68,synthetic,True
HP-072,Aggregate,1388777.1,m3,Civil,983.44,synthetic,True
HP-072,Sand,735234.9,m3,Civil,520.65,synthetic,True
HP-072,Excavation,18229771.4,m3,Civil,12909.14,synthetic,True
HP-072,Rock Excavation,13672328.5,m3,Civil,9681.86,synthetic,True
HP-072,Earth Excavation,4557442.9,m3,Civil,3227.29,synthetic,True
HP-072,Grouting Cement,45748.0,MT,Civil,32.4,synthetic,True
HP-072,Shotcrete,196062.6,m3,Civil,138.84,synthetic,True
HP-072,Lining Concrete,408463.8,m3,Civil,289.25,synthetic,True
HP-072,Gates Steel,1719.5,MT,Hydromechanical,1.22,synthetic,True
HP-072,Embedded Steel,1576.9,MT,Civil,1.12,synthetic,True
HP-073,Concrete,1875652.6,m3,Civil,1294.95,synthetic,True
HP-073,Cement,656478.4,MT,Civil,453.23,synthetic,True
HP-073,Reinforcement Steel,35263.2,MT,Civil,24.35,synthetic,True
HP-073,Structural Steel,7099.2,MT,Civil,4.9,synthetic,True
HP-073,Penstock Steel,17988.8,MT,Hydromechanical,12.42,synthetic,True
HP-073,Aggregate,1594304.7,m3,Civil,1100.7,synthetic,True
HP-073,Sand,844043.7,m3,Civil,582.73,synthetic,True
HP-073,Excavation,18662596.1,m3,Civil,12884.62,synthetic,True
HP-073,Rock Excavation,13996947.1,m3,Civil,9663.46,synthetic,True
HP-073,Earth Excavation,4665649.0,m3,Civil,3221.15,synthetic,True
HP-073,Grouting Cement,52518.3,MT,Civil,36.26,synthetic,True
HP-073,Shotcrete,225078.3,m3,Civil,155.39,synthetic,True
HP-073,Lining Concrete,468913.2,m3,Civil,323.74,synthetic,True
HP-073,Gates Steel,1763.2,MT,Hydromechanical,1.22,synthetic,True
HP-073,Embedded Steel,1064.9,MT,Civil,0.74,synthetic,True
HP-074,Concrete,1739989.5,m3,Civil,963.05,synthetic,True
HP-074,Cement,608996.3,MT,Civil,337.07,synthetic,True
HP-074,Reinforcement Steel,37164.3,MT,Civil,20.57,synthetic,True
HP-074,Structural Steel,9687.5,MT,Civil,5.36,synthetic,True
HP-074,Penstock Steel,11412.9,MT,Hydromechanical,6.32,synthetic,True
HP-074,Aggregate,1478991.1,m3,Civil,818.59,synthetic,True
HP-074,Sand,782995.3,m3,Civil,433.37,synthetic,True
HP-074,Excavation,19244274.7,m3,Civil,10651.32,synthetic,True
HP-074,Rock Excavation,8659923.6,m3,Civil,4793.09,synthetic,True
HP-074,Earth Excavation,10584351.1,m3,Civil,5858.23,synthetic,True
HP-074,Grouting Cement,48719.7,MT,Civil,26.97,synthetic,True
HP-074,Shotcrete,208798.7,m3,Civil,115.57,synthetic,True
HP-074,Lining Concrete,434997.4,m3,Civil,240.76,synthetic,True
HP-074,Gates Steel,1858.2,MT,Hydromechanical,1.03,synthetic,True
HP-074,Embedded Steel,1453.1,MT,Civil,0.8,synthetic,True
HP-075,Concrete,1617525.8,m3,Civil,1452.47,synthetic,True
HP-075,Cement,566134.0,MT,Civil,508.36,synthetic,True
HP-075,Reinforcement Steel,29855.1,MT,Civil,26.81,synthetic,True
HP-075,Structural Steel,6841.3,MT,Civil,6.14,synthetic,True
HP-075,Penstock Steel,10547.3,MT,Hydromechanical,9.47,synthetic,True
HP-075,Aggregate,1374896.9,m3,Civil,1234.6,synthetic,True
HP-075,Sand,727886.6,m3,Civil,653.61,synthetic,True
HP-075,Excavation,16029827.3,m3,Civil,14394.08,synthetic,True
HP-075,Rock Excavation,7213422.3,m3,Civil,6477.34,synthetic,True
HP-075,Earth Excavation,8816405.0,m3,Civil,7916.75,synthetic,True
HP-075,Grouting Cement,45290.7,MT,Civil,40.67,synthetic,True
HP-075,Shotcrete,194103.1,m3,Civil,174.3,synthetic,True
HP-075,Lining Concrete,404381.5,m3,Civil,363.12,synthetic,True
HP-075,Gates Steel,1492.8,MT,Hydromechanical,1.34,synthetic,True
HP-075,Embedded Steel,1026.2,MT,Civil,0.92,synthetic,True
HP-076,Concrete,1925332.7,m3,Civil,1063.58,synthetic,True
HP-076,Cement,673866.4,MT,Civil,372.25,synthetic,True
HP-076,Reinforcement Steel,39851.1,MT,Civil,22.01,synthetic,True
HP-076,Structural Steel,9144.4,MT,Civil,5.05,synthetic,True
HP-076,Penstock Steel,14523.3,MT,Hydromechanical,8.02,synthetic,True
HP-076,Aggregate,1636532.8,m3,Civil,904.04,synthetic,True
HP-076,Sand,866399.7,m3,Civil,478.61,synthetic,True
HP-076,Excavation,22466452.6,m3,Civil,12410.76,synthetic,True
HP-076,Rock Excavation,10109903.7,m3,Civil,5584.84,synthetic,True
HP-076,Earth Excavation,12356548.9,m3,Civil,6825.92,synthetic,True
HP-076,Grouting Cement,53909.3,MT,Civil,29.78,synthetic,True
HP-076,Shotcrete,231039.9,m3,Civil,127.63,synthetic,True
HP-076,Lining Concrete,481333.2,m3,Civil,265.89,synthetic,True
HP-076,Gates Steel,1992.6,MT,Hydromechanical,1.1,synthetic,True
HP-076,Embedded Steel,1371.7,MT,Civil,0.76,synthetic,True
HP-077,Concrete,1476546.6,m3,Civil,1403.32,synthetic,True
HP-077,Cement,516791.3,MT,Civil,491.16,synthetic,True
HP-077,Reinforcement Steel,29592.0,MT,Civil,28.12,synthetic,True
HP-077,Structural Steel,8730.7,MT,Civil,8.3,synthetic,True
HP-077,Penstock Steel,13500.8,MT,Hydromechanical,12.83,synthetic,True
HP-077,Aggregate,1255064.6,m3,Civil,1192.82,synthetic,True
HP-077,Sand,664446.0,m3,Civil,631.49,synthetic,True
HP-077,Excavation,14767583.3,m3,Civil,14035.23,synthetic,True
HP-077,Rock Excavation,6645412.5,m3,Civil,6315.85,synthetic,True
HP-077,Earth Excavation,8122170.8,m3,Civil,7719.37,synthetic,True
HP-077,Grouting Cement,41343.3,MT,Civil,39.29,synthetic,True
HP-077,Shotcrete,177185.6,m3,Civil,168.4,synthetic,True
HP-077,Lining Concrete,369136.7,m3,Civil,350.83,synthetic,True
HP-077,Gates Steel,1479.6,MT,Hydromechanical,1.41,synthetic,True
HP-077,Embedded Steel,1309.6,MT,Civil,1.24,synthetic,True
HP-078,Concrete,1140674.7,m3,Civil,2123.92,synthetic,True
HP-078,Cement,399236.1,MT,Civil,743.37,synthetic,True
HP-078,Reinforcement Steel,22308.7,MT,Civil,41.54,synthetic,True
HP-078,Structural Steel,6595.4,MT,Civil,12.28,synthetic,True
HP-078,Penstock Steel,7661.6,MT,Hydromechanical,14.27,synthetic,True
HP-078,Aggregate,969573.5,m3,Civil,1805.34,synthetic,True
HP-078,Sand,513303.6,m3,Civil,955.77,synthetic,True
HP-078,Excavation,9599726.7,m3,Civil,17874.59,synthetic,True
HP-078,Rock Excavation,4319877.0,m3,Civil,8043.56,synthetic,True
HP-078,Earth Excavation,5279849.7,m3,Civil,9831.02,synthetic,True
HP-078,Grouting Cement,31938.9,MT,Civil,59.47,synthetic,True
HP-078,Shotcrete,136881.0,m3,Civil,254.87,synthetic,True
HP-078,Lining Concrete,285168.7,m3,Civil,530.98,synthetic,True
HP-078,Gates Steel,1115.4,MT,Hydromechanical,2.08,synthetic,True
HP-078,Embedded Steel,989.3,MT,Civil,1.84,synthetic,True
HP-079,Concrete,1894419.9,m3,Civil,2275.74,synthetic,True
HP-079,Cement,663047.0,MT,Civil,796.51,synthetic,True
HP-079,Reinforcement Steel,25838.2,MT,Civil,31.04,synthetic,True
HP-079,Structural Steel,8686.3,MT,Civil,10.43,synthetic,True
HP-079,Penstock Steel,10137.6,MT,Hydromechanical,12.18,synthetic,True
HP-079,Aggregate,1610256.9,m3,Civil,1934.38,synthetic,True
HP-079,Sand,852489.0,m3,Civil,1024.08,synthetic,True
HP-079,Excavation,15042949.4,m3,Civil,18070.91,synthetic,True
HP-079,Rock Excavation,11282212.1,m3,Civil,13553.18,synthetic,True
HP-079,Earth Excavation,3760737.3,m3,Civil,4517.73,synthetic,True
HP-079,Grouting Cement,53043.8,MT,Civil,63.72,synthetic,True
HP-079,Shotcrete,227330.4,m3,Civil,273.09,synthetic,True
HP-079,Lining Concrete,473605.0,m3,Civil,568.94,synthetic,True
HP-079,Gates Steel,1291.9,MT,Hydromechanical,1.55,synthetic,True
HP-079,Embedded Steel,1302.9,MT,Civil,1.57,synthetic,True
HP-080,Concrete,1191485.5,m3,Civil,3022.85,synthetic,True
HP-080,Cement,417019.9,MT,Civil,1058.0,synthetic,True
HP-080,Reinforcement Steel,19023.2,MT,Civil,48.26,synthetic,True
HP-080,Structural Steel,5793.7,MT,Civil,14.7,synthetic,True
HP-080,Penstock Steel,9031.8,MT,Hydromechanical,22.91,synthetic,True
HP-080,Aggregate,1012762.7,m3,Civil,2569.42,synthetic,True
HP-080,Sand,536168.5,m3,Civil,1360.28,synthetic,True
HP-080,Excavation,9174369.4,m3,Civil,23275.75,synthetic,True
HP-080,Rock Excavation,4128466.2,m3,Civil,10474.09,synthetic,True
HP-080,Earth Excavation,5045903.2,m3,Civil,12801.66,synthetic,True
HP-080,Grouting Cement,33361.6,MT,Civil,84.64,synthetic,True
HP-080,Shotcrete,142978.3,m3,Civil,362.74,synthetic,True
HP-080,Lining Concrete,297871.4,m3,Civil,755.71,synthetic,True
HP-080,Gates Steel,951.2,MT,Hydromechanical,2.41,synthetic,True
HP-080,Embedded Steel,869.1,MT,Civil,2.2,synthetic,True
HP-081,Concrete,1664606.5,m3,Civil,1601.58,synthetic,True
HP-081,Cement,582612.3,MT,Civil,560.55,synthetic,True
HP-081,Reinforcement Steel,26161.7,MT,Civil,25.17,synthetic,True
HP-081,Structural Steel,9011.6,MT,Civil,8.67,synthetic,True
HP-081,Penstock Steel,10113.2,MT,Hydromechanical,9.73,synthetic,True
HP-081,Aggregate,1414915.5,m3,Civil,1361.35,synthetic,True
HP-081,Sand,749072.9,m3,Civil,720.71,synthetic,True
HP-081,Excavation,14341794.1,m3,Civil,13798.81,synthetic,True
HP-081,Rock Excavation,10756345.6,m3,Civil,10349.11,synthetic,True
HP-081,Earth Excavation,3585448.5,m3,Civil,3449.7,synthetic,True
HP-081,Grouting Cement,46609.0,MT,Civil,44.84,synthetic,True
HP-081,Shotcrete,199752.8,m3,Civil,192.19,synthetic,True
HP-081,Lining Concrete,416151.6,m3,Civil,400.4,synthetic,True
HP-081,Gates Steel,1308.1,MT,Hydromechanical,1.26,synthetic,True
HP-081,Embedded Steel,1351.7,MT,Civil,1.3,synthetic,True
HP-082,Concrete,1634969.4,m3,Civil,1676.17,synthetic,True
HP-082,Cement,572239.3,MT,Civil,586.66,synthetic,True
HP-082,Reinforcement Steel,27524.7,MT,Civil,28.22,synthetic,True
HP-082,Structural Steel,6474.6,MT,Civil,6.64,synthetic,True
HP-082,Penstock Steel,14718.4,MT,Hydromechanical,15.09,synthetic,True
HP-082,Aggregate,1389724.0,m3,Civil,1424.74,synthetic,True
HP-082,Sand,735736.2,m3,Civil,754.28,synthetic,True
HP-082,Excavation,15678697.6,m3,Civil,16073.79,synthetic,True
HP-082,Rock Excavation,11759023.2,m3,Civil,12055.34,synthetic,True
HP-082,Earth Excavation,3919674.4,m3,Civil,4018.45,synthetic,True
HP-082,Grouting Cement,45779.1,MT,Civil,46.93,synthetic,True
HP-082,Shotcrete,196196.3,m3,Civil,201.14,synthetic,True
HP-082,Lining Concrete,408742.3,m3,Civil,419.04,synthetic,True
HP-082,Gates Steel,1376.2,MT,Hydromechanical,1.41,synthetic,True
HP-082,Embedded Steel,971.2,MT,Civil,1.0,synthetic,True
HP-083,Concrete,1492328.0,m3,Civil,757.39,synthetic,True
HP-083,Cement,522314.8,MT,Civil,265.09,synthetic,True
HP-083,Reinforcement Steel,37606.6,MT,Civil,19.09,synthetic,True
HP-083,Structural Steel,9912.8,MT,Civil,5.03,synthetic,True
HP-083,Penstock Steel,14099.4,MT,Hydromechanical,7.16,synthetic,True
HP-083,Aggregate,1268478.8,m3,Civil,643.78,synthetic,True
HP-083,Sand,671547.6,m3,Civil,340.83,synthetic,True
HP-083,Excavation,19169483.1,m3,Civil,9728.97,synthetic,True
HP-083,Rock Excavation,8626267.4,m3,Civil,4378.04,synthetic,True
HP-083,Earth Excavation,10543215.7,m3,Civil,5350.94,synthetic,True
HP-083,Grouting Cement,41785.2,MT,Civil,21.21,synthetic,True
HP-083,Shotcrete,179079.4,m3,Civil,90.89,synthetic,True
HP-083,Lining Concrete,373082.0,m3,Civil,189.35,synthetic,True
HP-083,Gates Steel,1880.3,MT,Hydromechanical,0.95,synthetic,True
HP-083,Embedded Steel,1486.9,MT,Civil,0.75,synthetic,True
HP-084,Concrete,1278373.7,m3,Civil,3595.18,synthetic,True
HP-084,Cement,447430.8,MT,Civil,1258.31,synthetic,True
HP-084,Reinforcement Steel,19186.5,MT,Civil,53.96,synthetic,True
HP-084,Structural Steel,4859.3,MT,Civil,13.67,synthetic,True
HP-084,Penstock Steel,7615.7,MT,Hydromechanical,21.42,synthetic,True
HP-084,Aggregate,1086617.6,m3,Civil,3055.9,synthetic,True
HP-084,Sand,575268.2,m3,Civil,1617.83,synthetic,True
HP-084,Excavation,9699478.5,m3,Civil,27277.91,synthetic,True
HP-084,Rock Excavation,4364765.3,m3,Civil,12275.06,synthetic,True
HP-084,Earth Excavation,5334713.2,m3,Civil,15002.85,synthetic,True
HP-084,Grouting Cement,35794.5,MT,Civil,100.67,synthetic,True
HP-084,Shotcrete,153404.8,m3,Civil,431.42,synthetic,True
HP-084,Lining Concrete,319593.4,m3,Civil,898.79,synthetic,True
HP-084,Gates Steel,959.3,MT,Hydromechanical,2.7,synthetic,True
HP-084,Embedded Steel,728.9,MT,Civil,2.05,synthetic,True
HP-085,Concrete,1097591.6,m3,Civil,1679.17,synthetic,True
HP-085,Cement,384157.1,MT,Civil,587.71,synthetic,True
HP-085,Reinforcement Steel,21892.1,MT,Civil,33.49,synthetic,True
HP-085,Structural Steel,5131.6,MT,Civil,7.85,synthetic,True
HP-085,Penstock Steel,7638.4,MT,Hydromechanical,11.69,synthetic,True
HP-085,Aggregate,932952.9,m3,Civil,1427.3,synthetic,True
HP-085,Sand,493916.2,m3,Civil,755.63,synthetic,True
HP-085,Excavation,9909562.3,m3,Civil,15160.35,synthetic,True
HP-085,Rock Excavation,4459303.0,m3,Civil,6822.16,synthetic,True
HP-085,Earth Excavation,5450259.3,m3,Civil,8338.19,synthetic,True
HP-085,Grouting Cement,30732.6,MT,Civil,47.02,synthetic,True
HP-085,Shotcrete,131711.0,m3,Civil,201.5,synthetic,True
HP-085,Lining Concrete,274397.9,m3,Civil,419.79,synthetic,True
HP-085,Gates Steel,1094.6,MT,Hydromechanical,1.67,synthetic,True
HP-085,Embedded Steel,769.7,MT,Civil,1.18,synthetic,True
HP-086,Concrete,1525393.3,m3,Civil,1502.57,synthetic,True
HP-086,Cement,533887.7,MT,Civil,525.9,synthetic,True
HP-086,Reinforcement Steel,25221.3,MT,Civil,24.84,synthetic,True
HP-086,Structural Steel,7410.0,MT,Civil,7.3,synthetic,True
HP-086,Penstock Steel,9686.9,MT,Hydromechanical,9.54,synthetic,True
HP-086,Aggregate,1296584.3,m3,Civil,1277.18,synthetic,True
HP-086,Sand,686427.0,m3,Civil,676.16,synthetic,True
HP-086,Excavation,13911306.0,m3,Civil,13703.16,synthetic,True
HP-086,Rock Excavation,10433479.5,m3,Civil,10277.37,synthetic,True
HP-086,Earth Excavation,3477826.5,m3,Civil,3425.79,synthetic,True
HP-086,Grouting Cement,42711.0,MT,Civil,42.07,synthetic,True
HP-086,Shotcrete,183047.2,m3,Civil,180.31,synthetic,True
HP-086,Lining Concrete,381348.3,m3,Civil,375.64,synthetic,True
HP-086,Gates Steel,1261.1,MT,Hydromechanical,1.24,synthetic,True
HP-086,Embedded Steel,1111.5,MT,Civil,1.09,synthetic,True
HP-087,Concrete,1567700.6,m3,Civil,805.01,synthetic,True
HP-087,Cement,548695.2,MT,Civil,281.75,synthetic,True
HP-087,Reinforcement Steel,38583.7,MT,Civil,19.81,synthetic,True
HP-087,Structural Steel,13359.4,MT,Civil,6.86,synthetic,True
HP-087,Penstock Steel,11262.4,MT,Hydromechanical,5.78,synthetic,True
HP-087,Aggregate,1332545.5,m3,Civil,684.26,synthetic,True
HP-087,Sand,705465.3,m3,Civil,362.25,synthetic,True
HP-087,Excavation,19785576.9,m3,Civil,10159.84,synthetic,True
HP-087,Rock Excavation,8903509.6,m3,Civil,4571.93,synthetic,True
HP-087,Earth Excavation,10882067.3,m3,Civil,5587.91,synthetic,True
HP-087,Grouting Cement,43895.6,MT,Civil,22.54,synthetic,True
HP-087,Shotcrete,188124.1,m3,Civil,96.6,synthetic,True
HP-087,Lining Concrete,391925.2,m3,Civil,201.25,synthetic,True
HP-087,Gates Steel,1929.2,MT,Hydromechanical,0.99,synthetic,True
HP-087,Embedded Steel,2003.9,MT,Civil,1.03,synthetic,True
HP-088,Concrete,1793422.8,m3,Civil,1030.13,synthetic,True
HP-088,Cement,627698.0,MT,Civil,360.55,synthetic,True
HP-088,Reinforcement Steel,38281.0,MT,Civil,21.99,synthetic,True
HP-088,Structural Steel,12001.3,MT,Civil,6.89,synthetic,True
HP-088,Penstock Steel,13442.8,MT,Hydromechanical,7.72,synthetic,True
HP-088,Aggregate,1524409.4,m3,Civil,875.61,synthetic,True
HP-088,Sand,807040.3,m3,Civil,463.56,synthetic,True
HP-088,Excavation,20362525.4,m3,Civil,11696.15,synthetic,True
HP-088,Rock Excavation,15271894.0,m3,Civil,8772.11,synthetic,True
HP-088,Earth Excavation,5090631.4,m3,Civil,2924.04,synthetic,True
HP-088,Grouting Cement,50215.8,MT,Civil,28.84,synthetic,True
HP-088,Shotcrete,215210.7,m3,Civil,123.62,synthetic,True
HP-088,Lining Concrete,448355.7,m3,Civil,257.53,synthetic,True
HP-088,Gates Steel,1914.1,MT,Hydromechanical,1.1,synthetic,True
HP-088,Embedded Steel,1800.2,MT,Civil,1.03,synthetic,True
HP-089,Concrete,1310829.8,m3,Civil,3321.67,synthetic,True
HP-089,Cement,458790.4,MT,Civil,1162.58,synthetic,True
HP-089,Reinforcement Steel,17976.9,MT,Civil,45.55,synthetic,True
HP-089,Structural Steel,4904.2,MT,Civil,12.43,synthetic,True
HP-089,Penstock Steel,6943.6,MT,Hydromechanical,17.6,synthetic,True
HP-089,Aggregate,1114205.3,m3,Civil,2823.42,synthetic,True
HP-089,Sand,589873.4,m3,Civil,1494.75,synthetic,True
HP-089,Excavation,10092614.0,m3,Civil,25574.88,synthetic,True
HP-089,Rock Excavation,4541676.3,m3,Civil,11508.69,synthetic,True
HP-089,Earth Excavation,5550937.7,m3,Civil,14066.18,synthetic,True
HP-089,Grouting Cement,36703.2,MT,Civil,93.01,synthetic,True
HP-089,Shotcrete,157299.6,m3,Civil,398.6,synthetic,True
HP-089,Lining Concrete,327707.5,m3,Civil,830.42,synthetic,True
HP-089,Gates Steel,898.8,MT,Hydromechanical,2.28,synthetic,True
HP-089,Embedded Steel,735.6,MT,Civil,1.86,synthetic,True
HP-090,Concrete,2072689.1,m3,Civil,1288.11,synthetic,True
HP-090,Cement,725441.2,MT,Civil,450.84,synthetic,True
HP-090,Reinforcement Steel,37636.2,MT,Civil,23.39,synthetic,True
HP-090,Structural Steel,10028.2,MT,Civil,6.23,synthetic,True
HP-090,Penstock Steel,16979.1,MT,Hydromechanical,10.55,synthetic,True
HP-090,Aggregate,1761785.7,m3,Civil,1094.9,synthetic,True
HP-090,Sand,932710.1,m3,Civil,579.65,synthetic,True
HP-090,Excavation,21382138.8,m3,Civil,13288.34,synthetic,True
HP-090,Rock Excavation,9621962.5,m3,Civil,5979.75,synthetic,True
HP-090,Earth Excavation,11760176.3,m3,Civil,7308.59,synthetic,True
HP-090,Grouting Cement,58035.3,MT,Civil,36.07,synthetic,True
HP-090,Shotcrete,248722.7,m3,Civil,154.57,synthetic,True
HP-090,Lining Concrete,518172.3,m3,Civil,322.03,synthetic,True
HP-090,Gates Steel,1881.8,MT,Hydromechanical,1.17,synthetic,True
HP-090,Embedded Steel,1504.2,MT,Civil,0.93,synthetic,True
HP-091,Concrete,1303746.3,m3,Civil,3654.51,synthetic,True
HP-091,Cement,456311.2,MT,Civil,1279.08,synthetic,True
HP-091,Reinforcement Steel,19551.6,MT,Civil,54.8,synthetic,True
HP-091,Structural Steel,5971.6,MT,Civil,16.74,synthetic,True
HP-091,Penstock Steel,8644.9,MT,Hydromechanical,24.23,synthetic,True
HP-091,Aggregate,1108184.4,m3,Civil,3106.33,synthetic,True
HP-091,Sand,586685.8,m3,Civil,1644.53,synthetic,True
HP-091,Excavation,9930802.8,m3,Civil,27836.87,synthetic,True
HP-091,Rock Excavation,7448102.1,m3,Civil,20877.65,synthetic,True
HP-091,Earth Excavation,2482700.7,m3,Civil,6959.22,synthetic,True
HP-091,Grouting Cement,36504.9,MT,Civil,102.33,synthetic,True
HP-091,Shotcrete,156449.6,m3,Civil,438.54,synthetic,True
HP-091,Lining Concrete,325936.6,m3,Civil,913.63,synthetic,True
HP-091,Gates Steel,977.6,MT,Hydromechanical,2.74,synthetic,True
HP-091,Embedded Steel,895.7,MT,Civil,2.51,synthetic,True
HP-092,Concrete,1468570.3,m3,Civil,2162.33,synthetic,True
HP-092,Cement,513999.6,MT,Civil,756.82,synthetic,True
HP-092,Reinforcement Steel,21520.6,MT,Civil,31.69,synthetic,True
HP-092,Structural Steel,6292.6,MT,Civil,9.27,synthetic,True
HP-092,Penstock Steel,7751.2,MT,Hydromechanical,11.41,synthetic,True
HP-092,Aggregate,1248284.8,m3,Civil,1837.98,synthetic,True
HP-092,Sand,660856.6,m3,Civil,973.05,synthetic,True
HP-092,Excavation,12150670.4,m3,Civil,17890.73,synthetic,True
HP-092,Rock Excavation,5467801.7,m3,Civil,8050.83,synthetic,True
HP-092,Earth Excavation,6682868.7,m3,Civil,9839.9,synthetic,True
HP-092,Grouting Cement,41120.0,MT,Civil,60.55,synthetic,True
HP-092,Shotcrete,176228.4,m3,Civil,259.48,synthetic,True
HP-092,Lining Concrete,367142.6,m3,Civil,540.58,synthetic,True
HP-092,Gates Steel,1076.0,MT,Hydromechanical,1.58,synthetic,True
HP-092,Embedded Steel,943.9,MT,Civil,1.39,synthetic,True
HP-093,Concrete,1595496.2,m3,Civil,859.64,synthetic,True
HP-093,Cement,558423.7,MT,Civil,300.87,synthetic,True
HP-093,Reinforcement Steel,36614.4,MT,Civil,19.73,synthetic,True
HP-093,Structural Steel,7653.0,MT,Civil,4.12,synthetic,True
HP-093,Penstock Steel,12210.4,MT,Hydromechanical,6.58,synthetic,True
HP-093,Aggregate,1356171.8,m3,Civil,730.69,synthetic,True
HP-093,Sand,717973.3,m3,Civil,386.84,synthetic,True
HP-093,Excavation,19219575.3,m3,Civil,10355.32,synthetic,True
HP-093,Rock Excavation,14414681.5,m3,Civil,7766.49,synthetic,True
HP-093,Earth Excavation,4804893.8,m3,Civil,2588.83,synthetic,True
HP-093,Grouting Cement,44673.9,MT,Civil,24.07,synthetic,True
HP-093,Shotcrete,191459.5,m3,Civil,103.16,synthetic,True
HP-093,Lining Concrete,398874.0,m3,Civil,214.91,synthetic,True
HP-093,Gates Steel,1830.7,MT,Hydromechanical,0.99,synthetic,True
HP-093,Embedded Steel,1148.0,MT,Civil,0.62,synthetic,True
HP-094,Concrete,1489799.9,m3,Civil,3117.13,synthetic,True
HP-094,Cement,521430.0,MT,Civil,1090.99,synthetic,True
HP-094,Reinforcement Steel,20541.7,MT,Civil,42.98,synthetic,True
HP-094,Structural Steel,6797.4,MT,Civil,14.22,synthetic,True
HP-094,Penstock Steel,5947.5,MT,Hydromechanical,12.44,synthetic,True
HP-094,Aggregate,1266329.9,m3,Civil,2649.56,synthetic,True
HP-094,Sand,670410.0,m3,Civil,1402.71,synthetic,True
HP-094,Excavation,11776907.1,m3,Civil,24640.97,synthetic,True
HP-094,Rock Excavation,5299608.2,m3,Civil,11088.44,synthetic,True
HP-094,Earth Excavation,6477298.9,m3,Civil,13552.54,synthetic,True
HP-094,Grouting Cement,41714.4,MT,Civil,87.28,synthetic,True
HP-094,Shotcrete,178776.0,m3,Civil,374.06,synthetic,True
HP-094,Lining Concrete,372450.0,m3,Civil,779.28,synthetic,True
HP-094,Gates Steel,1027.1,MT,Hydromechanical,2.15,synthetic,True
HP-094,Embedded Steel,1019.6,MT,Civil,2.13,synthetic,True
HP-095,Concrete,1763773.9,m3,Civil,1521.82,synthetic,True
HP-095,Cement,617320.9,MT,Civil,532.64,synthetic,True
HP-095,Reinforcement Steel,29418.8,MT,Civil,25.38,synthetic,True
HP-095,Structural Steel,9025.8,MT,Civil,7.79,synthetic,True
HP-095,Penstock Steel,13571.6,MT,Hydromechanical,11.71,synthetic,True
HP-095,Aggregate,1499207.8,m3,Civil,1293.55,synthetic,True
HP-095,Sand,793698.3,m3,Civil,684.82,synthetic,True
HP-095,Excavation,17493886.7,m3,Civil,15094.08,synthetic,True
HP-095,Rock Excavation,13120415.0,m3,Civil,11320.56,synthetic,True
HP-095,Earth Excavation,4373471.7,m3,Civil,3773.52,synthetic,True
HP-095,Grouting Cement,49385.7,MT,Civil,42.61,synthetic,True
HP-095,Shotcrete,211652.9,m3,Civil,182.62,synthetic,True
HP-095,Lining Concrete,440943.5,m3,Civil,380.45,synthetic,True
HP-095,Gates Steel,1470.9,MT,Hydromechanical,1.27,synthetic,True
HP-095,Embedded Steel,1353.9,MT,Civil,1.17,synthetic,True
HP-096,Concrete,1702031.8,m3,Civil,952.76,synthetic,True
HP-096,Cement,595711.1,MT,Civil,333.46,synthetic,True
HP-096,Reinforcement Steel,35205.3,MT,Civil,19.71,synthetic,True
HP-096,Structural Steel,8595.8,MT,Civil,4.81,synthetic,True
HP-096,Penstock Steel,9994.9,MT,Hydromechanical,5.59,synthetic,True
HP-096,Aggregate,1446727.0,m3,Civil,809.84,synthetic,True
HP-096,Sand,765914.3,m3,Civil,428.74,synthetic,True
HP-096,Excavation,19633451.0,m3,Civil,10990.33,synthetic,True
HP-096,Rock Excavation,8835053.0,m3,Civil,4945.65,synthetic,True
HP-096,Earth Excavation,10798398.0,m3,Civil,6044.68,synthetic,True
HP-096,Grouting Cement,47656.9,MT,Civil,26.68,synthetic,True
HP-096,Shotcrete,204243.8,m3,Civil,114.33,synthetic,True
HP-096,Lining Concrete,425508.0,m3,Civil,238.19,synthetic,True
HP-096,Gates Steel,1760.3,MT,Hydromechanical,0.99,synthetic,True
HP-096,Embedded Steel,1289.4,MT,Civil,0.72,synthetic,True
HP-097,Concrete,1784732.1,m3,Civil,1261.93,synthetic,True
HP-097,Cement,624656.2,MT,Civil,441.67,synthetic,True
HP-097,Reinforcement Steel,34352.5,MT,Civil,24.29,synthetic,True
HP-097,Structural Steel,11819.5,MT,Civil,8.36,synthetic,True
HP-097,Penstock Steel,13744.0,MT,Hydromechanical,9.72,synthetic,True
HP-097,Aggregate,1517022.3,m3,Civil,1072.64,synthetic,True
HP-097,Sand,803129.4,m3,Civil,567.87,synthetic,True
HP-097,Excavation,19090648.9,m3,Civil,13498.4,synthetic,True
HP-097,Rock Excavation,14317986.7,m3,Civil,10123.8,synthetic,True
HP-097,Earth Excavation,4772662.2,m3,Civil,3374.6,synthetic,True
HP-097,Grouting Cement,49972.5,MT,Civil,35.33,synthetic,True
HP-097,Shotcrete,214167.9,m3,Civil,151.43,synthetic,True
HP-097,Lining Concrete,446183.0,m3,Civil,315.48,synthetic,True
HP-097,Gates Steel,1717.6,MT,Hydromechanical,1.21,synthetic,True
HP-097,Embedded Steel,1772.9,MT,Civil,1.25,synthetic,True
HP-098,Concrete,916665.5,m3,Civil,4477.65,synthetic,True
HP-098,Cement,320832.9,MT,Civil,1567.18,synthetic,True
HP-098,Reinforcement Steel,15930.3,MT,Civil,77.82,synthetic,True
HP-098,Structural Steel,4174.8,MT,Civil,20.39,synthetic,True
HP-098,Penstock Steel,8420.5,MT,Hydromechanical,41.13,synthetic,True
HP-098,Aggregate,779165.7,m3,Civil,3806.01,synthetic,True
HP-098,Sand,412499.5,m3,Civil,2014.94,synthetic,True
HP-098,Excavation,6157111.7,m3,Civil,30075.77,synthetic,True
HP-098,Rock Excavation,4617833.8,m3,Civil,22556.83,synthetic,True
HP-098,Earth Excavation,1539277.9,m3,Civil,7518.94,synthetic,True
HP-098,Grouting Cement,25666.6,MT,Civil,125.37,synthetic,True
HP-098,Shotcrete,109999.9,m3,Civil,537.32,synthetic,True
HP-098,Lining Concrete,229166.4,m3,Civil,1119.41,synthetic,True
HP-098,Gates Steel,796.5,MT,Hydromechanical,3.89,synthetic,True
HP-098,Embedded Steel,626.2,MT,Civil,3.06,synthetic,True
HP-099,Concrete,1532339.3,m3,Civil,1031.54,synthetic,True
HP-099,Cement,536318.8,MT,Civil,361.04,synthetic,True
HP-099,Reinforcement Steel,34423.1,MT,Civil,23.17,synthetic,True
HP-099,Structural Steel,10065.3,MT,Civil,6.78,synthetic,True
HP-099,Penstock Steel,13340.7,MT,Hydromechanical,8.98,synthetic,True
HP-099,Aggregate,1302488.4,m3,Civil,876.81,synthetic,True
HP-099,Sand,689552.7,m3,Civil,464.2,synthetic,True
HP-099,Excavation,17635229.4,m3,Civil,11871.74,synthetic,True
HP-099,Rock Excavation,7935853.2,m3,Civil,5342.28,synthetic,True
HP-099,Earth Excavation,9699376.2,m3,Civil,6529.46,synthetic,True
HP-099,Grouting Cement,42905.5,MT,Civil,28.88,synthetic,True
HP-099,Shotcrete,183880.7,m3,Civil,123.79,synthetic,True
HP-099,Lining Concrete,383084.8,m3,Civil,257.89,synthetic,True
HP-099,Gates Steel,1721.2,MT,Hydromechanical,1.16,synthetic,True
HP-099,Embedded Steel,1509.8,MT,Civil,1.02,synthetic,True
HP-100,Concrete,871570.3,m3,Civil,6424.67,synthetic,True
HP-100,Cement,305049.6,MT,Civil,2248.63,synthetic,True
HP-100,Reinforcement Steel,14731.9,MT,Civil,108.59,synthetic,True
HP-100,Structural Steel,3151.0,MT,Civil,23.23,synthetic,True
HP-100,Penstock Steel,6701.1,MT,Hydromechanical,49.4,synthetic,True
HP-100,Aggregate,740834.8,m3,Civil,5460.97,synthetic,True
HP-100,Sand,392206.6,m3,Civil,2891.1,synthetic,True
HP-100,Excavation,5503186.3,m3,Civil,40566.02,synthetic,True
HP-100,Rock Excavation,2476433.8,m3,Civil,18254.71,synthetic,True
HP-100,Earth Excavation,3026752.5,m3,Civil,22311.31,synthetic,True
HP-100,Grouting Cement,24404.0,MT,Civil,179.89,synthetic,True
HP-100,Shotcrete,104588.4,m3,Civil,770.96,synthetic,True
HP-100,Lining Concrete,217892.6,m3,Civil,1606.17,synthetic,True
HP-100,Gates Steel,736.6,MT,Hydromechanical,5.43,synthetic,True
HP-100,Embedded Steel,472.6,MT,Civil,3.48,synthetic,True
HP-101,Concrete,320235.4,m3,Civil,3373.38,synthetic,True
HP-101,Cement,112082.4,MT,Civil,1180.68,synthetic,True
HP-101,Reinforcement Steel,7073.4,MT,Civil,74.51,synthetic,True
HP-101,Structural Steel,2065.4,MT,Civil,21.76,synthetic,True
HP-101,Penstock Steel,4432.6,MT,Hydromechanical,46.69,synthetic,True
HP-101,Aggregate,272200.1,m3,Civil,2867.38,synthetic,True
HP-101,Sand,144105.9,m3,Civil,1518.02,synthetic,True
HP-101,Excavation,2636790.2,m3,Civil,27776.15,synthetic,True
HP-101,Rock Excavation,1186555.6,m3,Civil,12499.27,synthetic,True
HP-101,Earth Excavation,1450234.6,m3,Civil,15276.88,synthetic,True
HP-101,Grouting Cement,8966.6,MT,Civil,94.45,synthetic,True
HP-101,Shotcrete,38428.2,m3,Civil,404.81,synthetic,True
HP-101,Lining Concrete,80058.9,m3,Civil,843.35,synthetic,True
HP-101,Gates Steel,353.7,MT,Hydromechanical,3.73,synthetic,True
HP-101,Embedded Steel,309.8,MT,Civil,3.26,synthetic,True
HP-102,Concrete,235967.3,m3,Civil,3491.67,synthetic,True
HP-102,Cement,82588.6,MT,Civil,1222.09,synthetic,True
HP-102,Reinforcement Steel,5681.1,MT,Civil,84.06,synthetic,True
HP-102,Structural Steel,1815.2,MT,Civil,26.86,synthetic,True
HP-102,Penstock Steel,2223.0,MT,Hydromechanical,32.89,synthetic,True
HP-102,Aggregate,200572.2,m3,Civil,2967.92,synthetic,True
HP-102,Sand,106185.3,m3,Civil,1571.25,synthetic,True
HP-102,Excavation,2016851.7,m3,Civil,29843.91,synthetic,True
HP-102,Rock Excavation,907583.3,m3,Civil,13429.76,synthetic,True
HP-102,Earth Excavation,1109268.4,m3,Civil,16414.15,synthetic,True
HP-102,Grouting Cement,6607.1,MT,Civil,97.77,synthetic,True
HP-102,Shotcrete,28316.1,m3,Civil,419.0,synthetic,True
HP-102,Lining Concrete,58991.8,m3,Civil,872.92,synthetic,True
HP-102,Gates Steel,284.1,MT,Hydromechanical,4.2,synthetic,True
HP-102,Embedded Steel,272.3,MT,Civil,4.03,synthetic,True
HP-103,Concrete,388295.9,m3,Civil,4424.52,synthetic,True
HP-103,Cement,135903.6,MT,Civil,1548.58,synthetic,True
HP-103,Reinforcement Steel,6795.8,MT,Civil,77.44,synthetic,True
HP-103,Structural Steel,2168.9,MT,Civil,24.71,synthetic,True
HP-103,Penstock Steel,2281.1,MT,Hydromechanical,25.99,synthetic,True
HP-103,Aggregate,330051.5,m3,Civil,3760.84,synthetic,True
HP-103,Sand,174733.2,m3,Civil,1991.03,synthetic,True
HP-103,Excavation,2508946.2,m3,Civil,28588.72,synthetic,True
HP-103,Rock Excavation,1129025.8,m3,Civil,12864.92,synthetic,True
HP-103,Earth Excavation,1379920.4,m3,Civil,15723.8,synthetic,True
HP-103,Grouting Cement,10872.3,MT,Civil,123.89,synthetic,True
HP-103,Shotcrete,46595.5,m3,Civil,530.94,synthetic,True
HP-103,Lining Concrete,97074.0,m3,Civil,1106.13,synthetic,True
HP-103,Gates Steel,339.8,MT,Hydromechanical,3.87,synthetic,True
HP-103,Embedded Steel,325.3,MT,Civil,3.71,synthetic,True
HP-104,Concrete,290561.7,m3,Civil,6814.3,synthetic,True
HP-104,Cement,101696.6,MT,Civil,2385.0,synthetic,True
HP-104,Reinforcement Steel,3478.5,MT,Civil,81.58,synthetic,True
HP-104,Structural Steel,932.8,MT,Civil,21.88,synthetic,True
HP-104,Penstock Steel,6310.5,MT,Hydromechanical,147.99,synthetic,True
HP-104,Aggregate,246977.4,m3,Civil,5792.15,synthetic,True
HP-104,Sand,130752.8,m3,Civil,3066.44,synthetic,True
HP-104,Excavation,1109455.1,m3,Civil,26019.12,synthetic,True
HP-104,Rock Excavation,499254.8,m3,Civil,11708.6,synthetic,True
HP-104,Earth Excavation,610200.3,m3,Civil,14310.51,synthetic,True
HP-104,Grouting Cement,8135.7,MT,Civil,190.8,synthetic,True
HP-104,Shotcrete,34867.4,m3,Civil,817.72,synthetic,True
HP-104,Lining Concrete,72640.4,m3,Civil,1703.57,synthetic,True
HP-104,Gates Steel,173.9,MT,Hydromechanical,4.08,synthetic,True
HP-104,Embedded Steel,139.9,MT,Civil,3.28,synthetic,True
HP-105,Concrete,423450.2,m3,Civil,6640.27,synthetic,True
HP-105,Cement,148207.6,MT,Civil,2324.1,synthetic,True
HP-105,Reinforcement Steel,4735.6,MT,Civil,74.26,synthetic,True
HP-105,Structural Steel,1650.6,MT,Civil,25.88,synthetic,True
HP-105,Penstock Steel,3522.6,MT,Hydromechanical,55.24,synthetic,True
HP-105,Aggregate,359932.7,m3,Civil,5644.23,synthetic,True
HP-105,Sand,190552.6,m3,Civil,2988.12,synthetic,True
HP-105,Excavation,1663749.9,m3,Civil,26089.85,synthetic,True
HP-105,Rock Excavation,748687.5,m3,Civil,11740.43,synthetic,True
HP-105,Earth Excavation,915062.4,m3,Civil,14349.42,synthetic,True
HP-105,Grouting Cement,11856.6,MT,Civil,185.93,synthetic,True
HP-105,Shotcrete,50814.0,m3,Civil,796.83,synthetic,True
HP-105,Lining Concrete,105862.6,m3,Civil,1660.07,synthetic,True
HP-105,Gates Steel,236.8,MT,Hydromechanical,3.71,synthetic,True
HP-105,Embedded Steel,247.6,MT,Civil,3.88,synthetic,True
HP-106,Concrete,234278.5,m3,Civil,2757.84,synthetic,True
HP-106,Cement,81997.5,MT,Civil,965.24,synthetic,True
HP-106,Reinforcement Steel,6566.3,MT,Civil,77.3,synthetic,True
HP-106,Structural Steel,2098.6,MT,Civil,24.7,synthetic,True
HP-106,Penstock Steel,5128.4,MT,Hydromechanical,60.37,synthetic,True
HP-106,Aggregate,199136.7,m3,Civil,2344.16,synthetic,True
HP-106,Sand,105425.3,m3,Civil,1241.03,synthetic,True
HP-106,Excavation,2413906.5,m3,Civil,28415.62,synthetic,True
HP-106,Rock Excavation,1810429.9,m3,Civil,21311.71,synthetic,True
HP-106,Earth Excavation,603476.6,m3,Civil,7103.9,synthetic,True
HP-106,Grouting Cement,6559.8,MT,Civil,77.22,synthetic,True
HP-106,Shotcrete,28113.4,m3,Civil,330.94,synthetic,True
HP-106,Lining Concrete,58569.6,m3,Civil,689.46,synthetic,True
HP-106,Gates Steel,328.3,MT,Hydromechanical,3.86,synthetic,True
HP-106,Embedded Steel,314.8,MT,Civil,3.71,synthetic,True
HP-107,Concrete,284002.2,m3,Civil,5645.04,synthetic,True
HP-107,Cement,99400.8,MT,Civil,1975.77,synthetic,True
HP-107,Reinforcement Steel,4305.7,MT,Civil,85.58,synthetic,True
HP-107,Structural Steel,1273.7,MT,Civil,25.32,synthetic,True
HP-107,Penstock Steel,3062.9,MT,Hydromechanical,60.88,synthetic,True
HP-107,Aggregate,241401.9,m3,Civil,4798.29,synthetic,True
HP-107,Sand,127801.0,m3,Civil,2540.27,synthetic,True
HP-107,Excavation,1437440.0,m3,Civil,28571.66,synthetic,True
HP-107,Rock Excavation,646848.0,m3,Civil,12857.25,synthetic,True
HP-107,Earth Excavation,790592.0,m3,Civil,15714.41,synthetic,True
HP-107,Grouting Cement,7952.1,MT,Civil,158.06,synthetic,True
HP-107,Shotcrete,34080.3,m3,Civil,677.41,synthetic,True
HP-107,Lining Concrete,71000.6,m3,Civil,1411.26,synthetic,True
HP-107,Gates Steel,215.3,MT,Hydromechanical,4.28,synthetic,True
HP-107,Embedded Steel,191.1,MT,Civil,3.8,synthetic,True
HP-108,Concrete,296450.7,m3,Civil,4789.19,synthetic,True
HP-108,Cement,103757.7,MT,Civil,1676.21,synthetic,True
HP-108,Reinforcement Steel,4860.4,MT,Civil,78.52,synthetic,True
HP-108,Structural Steel,1474.6,MT,Civil,23.82,synthetic,True
HP-108,Penstock Steel,5807.8,MT,Hydromechanical,93.83,synthetic,True
HP-108,Aggregate,251983.1,m3,Civil,4070.81,synthetic,True
HP-108,Sand,133402.8,m3,Civil,2155.13,synthetic,True
HP-108,Excavation,1698008.5,m3,Civil,27431.48,synthetic,True
HP-108,Rock Excavation,764103.8,m3,Civil,12344.16,synthetic,True
HP-108,Earth Excavation,933904.7,m3,Civil,15087.31,synthetic,True
HP-108,Grouting Cement,8300.6,MT,Civil,134.1,synthetic,True
HP-108,Shotcrete,35574.1,m3,Civil,574.7,synthetic,True
HP-108,Lining Concrete,74112.7,m3,Civil,1197.3,synthetic,True
HP-108,Gates Steel,243.0,MT,Hydromechanical,3.93,synthetic,True
HP-108,Embedded Steel,221.2,MT,Civil,3.57,synthetic,True
HP-109,Concrete,264639.9,m3,Civil,3428.42,synthetic,True
HP-109,Cement,92624.0,MT,Civil,1199.95,synthetic,True
HP-109,Reinforcement Steel,6253.6,MT,Civil,81.02,synthetic,True
HP-109,Structural Steel,2118.2,MT,Civil,27.44,synthetic,True
HP-109,Penstock Steel,6494.4,MT,Hydromechanical,84.14,synthetic,True
HP-109,Aggregate,224943.9,m3,Civil,2914.16,synthetic,True
HP-109,Sand,119088.0,m3,Civil,1542.79,synthetic,True
HP-109,Excavation,2268099.9,m3,Civil,29383.34,synthetic,True
HP-109,Rock Excavation,1020645.0,m3,Civil,13222.5,synthetic,True
HP-109,Earth Excavation,1247454.9,m3,Civil,16160.84,synthetic,True
HP-109,Grouting Cement,7409.9,MT,Civil,96.0,synthetic,True
HP-109,Shotcrete,31756.8,m3,Civil,411.41,synthetic,True
HP-109,Lining Concrete,66160.0,m3,Civil,857.11,synthetic,True
HP-109,Gates Steel,312.7,MT,Hydromechanical,4.05,synthetic,True
HP-109,Embedded Steel,317.7,MT,Civil,4.12,synthetic,True
HP-110,Concrete,120856.0,m3,Civil,4065.12,synthetic,True
HP-110,Cement,42299.6,MT,Civil,1422.79,synthetic,True
HP-110,Reinforcement Steel,2373.4,MT,Civil,79.83,synthetic,True
HP-110,Structural Steel,476.9,MT,Civil,16.04,synthetic,True
HP-110,Penstock Steel,2036.6,MT,Hydromechanical,68.5,synthetic,True
HP-110,Aggregate,102727.6,m3,Civil,3455.35,synthetic,True
HP-110,Sand,54385.2,m3,Civil,1829.3,synthetic,True
HP-110,Excavation,656295.3,m3,Civil,22075.19,synthetic,True
HP-110,Rock Excavation,492221.5,m3,Civil,16556.39,synthetic,True
HP-110,Earth Excavation,164073.8,m3,Civil,5518.8,synthetic,True
HP-110,Grouting Cement,3384.0,MT,Civil,113.82,synthetic,True
HP-110,Shotcrete,14502.7,m3,Civil,487.81,synthetic,True
HP-110,Lining Concrete,30214.0,m3,Civil,1016.28,synthetic,True
HP-110,Gates Steel,118.7,MT,Hydromechanical,3.99,synthetic,True
HP-110,Embedded Steel,71.5,MT,Civil,2.4,synthetic,True
HP-111,Concrete,348318.6,m3,Civil,4004.12,synthetic,True
HP-111,Cement,121911.5,MT,Civil,1401.44,synthetic,True
HP-111,Reinforcement Steel,7393.5,MT,Civil,84.99,synthetic,True
HP-111,Structural Steel,1981.3,MT,Civil,22.78,synthetic,True
HP-111,Penstock Steel,4477.1,MT,Hydromechanical,51.47,synthetic,True
HP-111,Aggregate,296070.8,m3,Civil,3403.5,synthetic,True
HP-111,Sand,156743.4,m3,Civil,1801.86,synthetic,True
HP-111,Excavation,2726505.2,m3,Civil,31342.74,synthetic,True
HP-111,Rock Excavation,2044878.9,m3,Civil,23507.06,synthetic,True
HP-111,Earth Excavation,681626.3,m3,Civil,7835.69,synthetic,True
HP-111,Grouting Cement,9752.9,MT,Civil,112.12,synthetic,True
HP-111,Shotcrete,41798.2,m3,Civil,480.49,synthetic,True
HP-111,Lining Concrete,87079.6,m3,Civil,1001.03,synthetic,True
HP-111,Gates Steel,369.7,MT,Hydromechanical,4.25,synthetic,True
HP-111,Embedded Steel,297.2,MT,Civil,3.42,synthetic,True
HP-112,Concrete,170428.9,m3,Civil,3205.96,synthetic,True
HP-112,Cement,59650.1,MT,Civil,1122.09,synthetic,True
HP-112,Reinforcement Steel,4306.0,MT,Civil,81.0,synthetic,True
HP-112,Structural Steel,1218.2,MT,Civil,22.92,synthetic,True
HP-112,Penstock Steel,3622.7,MT,Hydromechanical,68.15,synthetic,True
HP-112,Aggregate,144864.6,m3,Civil,2725.07,synthetic,True
HP-112,Sand,76693.0,m3,Civil,1442.68,synthetic,True
HP-112,Excavation,1456649.2,m3,Civil,27401.23,synthetic,True
HP-112,Rock Excavation,655492.1,m3,Civil,12330.55,synthetic,True
HP-112,Earth Excavation,801157.1,m3,Civil,15070.68,synthetic,True
HP-112,Grouting Cement,4772.0,MT,Civil,89.77,synthetic,True
HP-112,Shotcrete,20451.5,m3,Civil,384.72,synthetic,True
HP-112,Lining Concrete,42607.2,m3,Civil,801.49,synthetic,True
HP-112,Gates Steel,215.3,MT,Hydromechanical,4.05,synthetic,True
HP-112,Embedded Steel,182.7,MT,Civil,3.44,synthetic,True
HP-113,Concrete,301135.5,m3,Civil,3763.72,synthetic,True
HP-113,Cement,105397.4,MT,Civil,1317.3,synthetic,True
HP-113,Reinforcement Steel,6537.4,MT,Civil,81.71,synthetic,True
HP-113,Structural Steel,2151.2,MT,Civil,26.89,synthetic,True
HP-113,Penstock Steel,8389.7,MT,Hydromechanical,104.86,synthetic,True
HP-113,Aggregate,255965.2,m3,Civil,3199.17,synthetic,True
HP-113,Sand,135511.0,m3,Civil,1693.68,synthetic,True
HP-113,Excavation,2383477.3,m3,Civil,29789.74,synthetic,True
HP-113,Rock Excavation,1072564.8,m3,Civil,13405.38,synthetic,True
HP-113,Earth Excavation,1310912.5,m3,Civil,16384.36,synthetic,True
HP-113,Grouting Cement,8431.8,MT,Civil,105.38,synthetic,True
HP-113,Shotcrete,36136.3,m3,Civil,451.65,synthetic,True
HP-113,Lining Concrete,75283.9,m3,Civil,940.93,synthetic,True
HP-113,Gates Steel,326.9,MT,Hydromechanical,4.09,synthetic,True
HP-113,Embedded Steel,322.7,MT,Civil,4.03,synthetic,True
HP-114,Concrete,247616.3,m3,Civil,3466.07,synthetic,True
HP-114,Cement,86665.7,MT,Civil,1213.13,synthetic,True
HP-114,Reinforcement Steel,5878.3,MT,Civil,82.28,synthetic,True
HP-114,Structural Steel,1645.5,MT,Civil,23.03,synthetic,True
HP-114,Penstock Steel,5224.1,MT,Hydromechanical,73.13,synthetic,True
HP-114,Aggregate,210473.9,m3,Civil,2946.16,synthetic,True
HP-114,Sand,111427.3,m3,Civil,1559.73,synthetic,True
HP-114,Excavation,2106428.1,m3,Civil,29485.28,synthetic,True
HP-114,Rock Excavation,1579821.1,m3,Civil,22113.96,synthetic,True
HP-114,Earth Excavation,526607.0,m3,Civil,7371.32,synthetic,True
HP-114,Grouting Cement,6933.3,MT,Civil,97.05,synthetic,True
HP-114,Shotcrete,29714.0,m3,Civil,415.93,synthetic,True
HP-114,Lining Concrete,61904.1,m3,Civil,866.52,synthetic,True
HP-114,Gates Steel,293.9,MT,Hydromechanical,4.11,synthetic,True
HP-114,Embedded Steel,246.8,MT,Civil,3.45,synthetic,True
HP-115,Concrete,318976.6,m3,Civil,5671.7,synthetic,True
HP-115,Cement,111641.8,MT,Civil,1985.1,synthetic,True
HP-115,Reinforcement Steel,4393.5,MT,Civil,78.12,synthetic,True
HP-115,Structural Steel,1179.2,MT,Civil,20.97,synthetic,True
HP-115,Penstock Steel,7352.5,MT,Hydromechanical,130.73,synthetic,True
HP-115,Aggregate,271130.1,m3,Civil,4820.95,synthetic,True
HP-115,Sand,143539.5,m3,Civil,2552.27,synthetic,True
HP-115,Excavation,1505111.0,m3,Civil,26762.29,synthetic,True
HP-115,Rock Excavation,677300.0,m3,Civil,12043.03,synthetic,True
HP-115,Earth Excavation,827811.0,m3,Civil,14719.26,synthetic,True
HP-115,Grouting Cement,8931.3,MT,Civil,158.81,synthetic,True
HP-115,Shotcrete,38277.2,m3,Civil,680.6,synthetic,True
HP-115,Lining Concrete,79744.1,m3,Civil,1417.92,synthetic,True
HP-115,Gates Steel,219.7,MT,Hydromechanical,3.91,synthetic,True
HP-115,Embedded Steel,176.9,MT,Civil,3.15,synthetic,True
HP-116,Concrete,347604.4,m3,Civil,5928.78,synthetic,True
HP-116,Cement,121661.5,MT,Civil,2075.07,synthetic,True
HP-116,Reinforcement Steel,4333.8,MT,Civil,73.92,synthetic,True
HP-116,Structural Steel,1268.2,MT,Civil,21.63,synthetic,True
HP-116,Penstock Steel,8374.8,MT,Hydromechanical,142.84,synthetic,True
HP-116,Aggregate,295463.7,m3,Civil,5039.46,synthetic,True
HP-116,Sand,156422.0,m3,Civil,2667.95,synthetic,True
HP-116,Excavation,1497751.0,m3,Civil,25545.81,synthetic,True
HP-116,Rock Excavation,673988.0,m3,Civil,11495.62,synthetic,True
HP-116,Earth Excavation,823763.0,m3,Civil,14050.2,synthetic,True
HP-116,Grouting Cement,9732.9,MT,Civil,166.01,synthetic,True
HP-116,Shotcrete,41712.5,m3,Civil,711.45,synthetic,True
HP-116,Lining Concrete,86901.1,m3,Civil,1482.2,synthetic,True
HP-116,Gates Steel,216.7,MT,Hydromechanical,3.7,synthetic,True
HP-116,Embedded Steel,190.2,MT,Civil,3.24,synthetic,True
HP-117,Concrete,290524.9,m3,Civil,8047.78,synthetic,True
HP-117,Cement,101683.7,MT,Civil,2816.72,synthetic,True
HP-117,Reinforcement Steel,2830.6,MT,Civil,78.41,synthetic,True
HP-117,Structural Steel,568.9,MT,Civil,15.76,synthetic,True
HP-117,Penstock Steel,3402.7,MT,Hydromechanical,94.26,synthetic,True
HP-117,Aggregate,246946.2,m3,Civil,6840.61,synthetic,True
HP-117,Sand,130736.2,m3,Civil,3621.5,synthetic,True
HP-117,Excavation,852707.5,m3,Civil,23620.71,synthetic,True
HP-117,Rock Excavation,639530.6,m3,Civil,17715.53,synthetic,True
HP-117,Earth Excavation,213176.9,m3,Civil,5905.18,synthetic,True
HP-117,Grouting Cement,8134.7,MT,Civil,225.34,synthetic,True
HP-117,Shotcrete,34863.0,m3,Civil,965.73,synthetic,True
HP-117,Lining Concrete,72631.2,m3,Civil,2011.94,synthetic,True
HP-117,Gates Steel,141.5,MT,Hydromechanical,3.92,synthetic,True
HP-117,Embedded Steel,85.3,MT,Civil,2.36,synthetic,True
HP-118,Concrete,367829.7,m3,Civil,4200.41,synthetic,True
HP-118,Cement,128740.4,MT,Civil,1470.14,synthetic,True
HP-118,Reinforcement Steel,6750.8,MT,Civil,77.09,synthetic,True
HP-118,Structural Steel,1775.0,MT,Civil,20.27,synthetic,True
HP-118,Penstock Steel,4545.8,MT,Hydromechanical,51.91,synthetic,True
HP-118,Aggregate,312655.2,m3,Civil,3570.35,synthetic,True
HP-118,Sand,165523.4,m3,Civil,1890.18,synthetic,True
HP-118,Excavation,2491618.9,m3,Civil,28452.88,synthetic,True
HP-118,Rock Excavation,1121228.5,m3,Civil,12803.8,synthetic,True
HP-118,Earth Excavation,1370390.4,m3,Civil,15649.09,synthetic,True
HP-118,Grouting Cement,10299.2,MT,Civil,117.61,synthetic,True
HP-118,Shotcrete,44139.6,m3,Civil,504.05,synthetic,True
HP-118,Lining Concrete,91957.4,m3,Civil,1050.1,synthetic,True
HP-118,Gates Steel,337.5,MT,Hydromechanical,3.85,synthetic,True
HP-118,Embedded Steel,266.2,MT,Civil,3.04,synthetic,True
HP-119,Concrete,126709.0,m3,Civil,3592.54,synthetic,True
HP-119,Cement,44348.1,MT,Civil,1257.39,synthetic,True
HP-119,Reinforcement Steel,2916.4,MT,Civil,82.69,synthetic,True
HP-119,Structural Steel,595.9,MT,Civil,16.9,synthetic,True
HP-119,Penstock Steel,1584.9,MT,Hydromechanical,44.94,synthetic,True
HP-119,Aggregate,107702.6,m3,Civil,3053.66,synthetic,True
HP-119,Sand,57019.1,m3,Civil,1616.65,synthetic,True
HP-119,Excavation,870621.6,m3,Civil,24684.48,synthetic,True
HP-119,Rock Excavation,652966.2,m3,Civil,18513.36,synthetic,True
HP-119,Earth Excavation,217655.4,m3,Civil,6171.12,synthetic,True
HP-119,Grouting Cement,3547.8,MT,Civil,100.59,synthetic,True
HP-119,Shotcrete,15205.1,m3,Civil,431.11,synthetic,True
HP-119,Lining Concrete,31677.2,m3,Civil,898.13,synthetic,True
HP-119,Gates Steel,145.8,MT,Hydromechanical,4.13,synthetic,True
HP-119,Embedded Steel,89.4,MT,Civil,2.53,synthetic,True
HP-120,Concrete,354016.5,m3,Civil,3800.91,synthetic,True
HP-120,Cement,123905.8,MT,Civil,1330.32,synthetic,True
HP-120,Reinforcement Steel,7719.9,MT,Civil,82.88,synthetic,True
HP-120,Structural Steel,2614.2,MT,Civil,28.07,synthetic,True
HP-120,Penstock Steel,3686.6,MT,Hydromechanical,39.58,synthetic,True
HP-120,Aggregate,300914.0,m3,Civil,3230.77,synthetic,True
HP-120,Sand,159307.4,m3,Civil,1710.41,synthetic,True
HP-120,Excavation,2871256.2,m3,Civil,30827.32,synthetic,True
HP-120,Rock Excavation,1292065.3,m3,Civil,13872.29,synthetic,True
HP-120,Earth Excavation,1579190.9,m3,Civil,16955.02,synthetic,True
HP-120,Grouting Cement,9912.5,MT,Civil,106.43,synthetic,True
HP-120,Shotcrete,42482.0,m3,Civil,456.11,synthetic,True
HP-120,Lining Concrete,88504.1,m3,Civil,950.23,synthetic,True
HP-120,Gates Steel,386.0,MT,Hydromechanical,4.14,synthetic,True
HP-120,Embedded Steel,392.1,MT,Civil,4.21,synthetic,True
HP-121,Concrete,211613.1,m3,Civil,2673.23,synthetic,True
HP-121,Cement,74064.6,MT,Civil,935.63,synthetic,True
HP-121,Reinforcement Steel,6763.7,MT,Civil,85.44,synthetic,True
HP-121,Structural Steel,2344.8,MT,Civil,29.62,synthetic,True
HP-121,Penstock Steel,6291.2,MT,Hydromechanical,79.47,synthetic,True
HP-121,Aggregate,179871.1,m3,Civil,2272.25,synthetic,True
HP-121,Sand,95225.9,m3,Civil,1202.95,synthetic,True
HP-121,Excavation,2462203.1,m3,Civil,31104.13,synthetic,True
HP-121,Rock Excavation,1846652.3,m3,Civil,23328.1,synthetic,True
HP-121,Earth Excavation,615550.8,m3,Civil,7776.03,synthetic,True
HP-121,Grouting Cement,5925.2,MT,Civil,74.85,synthetic,True
HP-121,Shotcrete,25393.6,m3,Civil,320.79,synthetic,True
HP-121,Lining Concrete,52903.3,m3,Civil,668.31,synthetic,True
HP-121,Gates Steel,338.2,MT,Hydromechanical,4.27,synthetic,True
HP-121,Embedded Steel,351.7,MT,Civil,4.44,synthetic,True
HP-122,Concrete,347217.1,m3,Civil,4203.6,synthetic,True
HP-122,Cement,121526.0,MT,Civil,1471.26,synthetic,True
HP-122,Reinforcement Steel,6887.1,MT,Civil,83.38,synthetic,True
HP-122,Structural Steel,2400.9,MT,Civil,29.07,synthetic,True
HP-122,Penstock Steel,5859.6,MT,Hydromechanical,70.94,synthetic,True
HP-122,Aggregate,295134.5,m3,Civil,3573.06,synthetic,True
HP-122,Sand,156247.7,m3,Civil,1891.62,synthetic,True
HP-122,Excavation,2522207.2,m3,Civil,30535.2,synthetic,True
HP-122,Rock Excavation,1134993.2,m3,Civil,13740.84,synthetic,True
HP-122,Earth Excavation,1387214.0,m3,Civil,16794.36,synthetic,True
HP-122,Grouting Cement,9722.1,MT,Civil,117.7,synthetic,True
HP-122,Shotcrete,41666.1,m3,Civil,504.43,synthetic,True
HP-122,Lining Concrete,86804.3,m3,Civil,1050.9,synthetic,True
HP-122,Gates Steel,344.4,MT,Hydromechanical,4.17,synthetic,True
HP-122,Embedded Steel,360.1,MT,Civil,4.36,synthetic,True
HP-123,Concrete,342983.4,m3,Civil,3850.29,synthetic,True
HP-123,Cement,120044.2,MT,Civil,1347.6,synthetic,True
HP-123,Reinforcement Steel,6928.1,MT,Civil,77.77,synthetic,True
HP-123,Structural Steel,1864.6,MT,Civil,20.93,synthetic,True
HP-123,Penstock Steel,3521.8,MT,Hydromechanical,39.54,synthetic,True
HP-123,Aggregate,291535.9,m3,Civil,3272.74,synthetic,True
HP-123,Sand,154342.5,m3,Civil,1732.63,synthetic,True
HP-123,Excavation,2562663.0,m3,Civil,28768.11,synthetic,True
HP-123,Rock Excavation,1153198.4,m3,Civil,12945.65,synthetic,True
HP-123,Earth Excavation,1409464.6,m3,Civil,15822.46,synthetic,True
HP-123,Grouting Cement,9603.5,MT,Civil,107.81,synthetic,True
HP-123,Shotcrete,41158.0,m3,Civil,462.03,synthetic,True
HP-123,Lining Concrete,85745.9,m3,Civil,962.57,synthetic,True
HP-123,Gates Steel,346.4,MT,Hydromechanical,3.89,synthetic,True
HP-123,Embedded Steel,279.7,MT,Civil,3.14,synthetic,True
HP-124,Concrete,331498.1,m3,Civil,8260.61,synthetic,True
HP-124,Cement,116024.3,MT,Civil,2891.21,synthetic,True
HP-124,Reinforcement Steel,2963.1,MT,Civil,73.84,synthetic,True
HP-124,Structural Steel,905.2,MT,Civil,22.56,synthetic,True
HP-124,Penstock Steel,3987.6,MT,Hydromechanical,99.37,synthetic,True
HP-124,Aggregate,281773.4,m3,Civil,7021.52,synthetic,True
HP-124,Sand,149174.1,m3,Civil,3717.27,synthetic,True
HP-124,Excavation,926976.1,m3,Civil,23099.33,synthetic,True
HP-124,Rock Excavation,417139.2,m3,Civil,10394.7,synthetic,True
HP-124,Earth Excavation,509836.9,m3,Civil,12704.63,synthetic,True
HP-124,Grouting Cement,9281.9,MT,Civil,231.3,synthetic,True
HP-124,Shotcrete,39779.8,m3,Civil,991.27,synthetic,True
HP-124,Lining Concrete,82874.5,m3,Civil,2065.15,synthetic,True
HP-124,Gates Steel,148.2,MT,Hydromechanical,3.69,synthetic,True
HP-124,Embedded Steel,135.8,MT,Civil,3.38,synthetic,True
HP-125,Concrete,174446.8,m3,Civil,3567.42,synthetic,True
HP-125,Cement,61056.4,MT,Civil,1248.6,synthetic,True
HP-125,Reinforcement Steel,4137.1,MT,Civil,84.6,synthetic,True
HP-125,Structural Steel,879.5,MT,Civil,17.99,synthetic,True
HP-125,Penstock Steel,2432.1,MT,Hydromechanical,49.74,synthetic,True
HP-125,Aggregate,148279.8,m3,Civil,3032.31,synthetic,True
HP-125,Sand,78501.1,m3,Civil,1605.34,synthetic,True
HP-125,Excavation,1371268.4,m3,Civil,28042.3,synthetic,True
HP-125,Rock Excavation,617070.8,m3,Civil,12619.03,synthetic,True
HP-125,Earth Excavation,754197.6,m3,Civil,15423.26,synthetic,True
HP-125,Grouting Cement,4884.5,MT,Civil,99.89,synthetic,True
HP-125,Shotcrete,20933.6,m3,Civil,428.09,synthetic,True
HP-125,Lining Concrete,43611.7,m3,Civil,891.85,synthetic,True
HP-125,Gates Steel,206.9,MT,Hydromechanical,4.23,synthetic,True
HP-125,Embedded Steel,131.9,MT,Civil,2.7,synthetic,True
HP-126,Concrete,310542.9,m3,Civil,4436.96,synthetic,True
HP-126,Cement,108690.0,MT,Civil,1552.94,synthetic,True
HP-126,Reinforcement Steel,5813.7,MT,Civil,83.06,synthetic,True
HP-126,Structural Steel,1859.5,MT,Civil,26.57,synthetic,True
HP-126,Penstock Steel,10701.8,MT,Hydromechanical,152.9,synthetic,True
HP-126,Aggregate,263961.5,m3,Civil,3771.42,synthetic,True
HP-126,Sand,139744.3,m3,Civil,1996.63,synthetic,True
HP-126,Excavation,2076277.8,m3,Civil,29665.35,synthetic,True
HP-126,Rock Excavation,1557208.4,m3,Civil,22249.01,synthetic,True
HP-126,Earth Excavation,519069.4,m3,Civil,7416.34,synthetic,True
HP-126,Grouting Cement,8695.2,MT,Civil,124.23,synthetic,True
HP-126,Shotcrete,37265.1,m3,Civil,532.43,synthetic,True
HP-126,Lining Concrete,77635.7,m3,Civil,1109.24,synthetic,True
HP-126,Gates Steel,290.7,MT,Hydromechanical,4.15,synthetic,True
HP-126,Embedded Steel,278.9,MT,Civil,3.98,synthetic,True
HP-127,Concrete,332255.0,m3,Civil,3546.32,synthetic,True
HP-127,Cement,116289.2,MT,Civil,1241.21,synthetic,True
HP-127,Reinforcement Steel,6994.2,MT,Civil,74.65,synthetic,True
HP-127,Structural Steel,1564.4,MT,Civil,16.7,synthetic,True
HP-127,Penstock Steel,8258.6,MT,Hydromechanical,88.15,synthetic,True
HP-127,Aggregate,282416.8,m3,Civil,3014.38,synthetic,True
HP-127,Sand,149514.8,m3,Civil,1595.85,synthetic,True
HP-127,Excavation,2603197.3,m3,Civil,27785.22,synthetic,True
HP-127,Rock Excavation,1952398.0,m3,Civil,20838.92,synthetic,True
HP-127,Earth Excavation,650799.3,m3,Civil,6946.3,synthetic,True
HP-127,Grouting Cement,9303.1,MT,Civil,99.3,synthetic,True
HP-127,Shotcrete,39870.6,m3,Civil,425.56,synthetic,True
HP-127,Lining Concrete,83063.8,m3,Civil,886.58,synthetic,True
HP-127,Gates Steel,349.7,MT,Hydromechanical,3.73,synthetic,True
HP-127,Embedded Steel,234.7,MT,Civil,2.51,synthetic,True
HP-128,Concrete,416485.1,m3,Civil,4333.42,synthetic,True
HP-128,Cement,145769.8,MT,Civil,1516.7,synthetic,True
HP-128,Reinforcement Steel,7421.8,MT,Civil,77.22,synthetic,True
HP-128,Structural Steel,2238.3,MT,Civil,23.29,synthetic,True
HP-128,Penstock Steel,5007.4,MT,Hydromechanical,52.1,synthetic,True
HP-128,Aggregate,354012.3,m3,Civil,3683.41,synthetic,True
HP-128,Sand,187418.3,m3,Civil,1950.04,synthetic,True
HP-128,Excavation,2770660.3,m3,Civil,28828.01,synthetic,True
HP-128,Rock Excavation,1246797.1,m3,Civil,12972.61,synthetic,True
HP-128,Earth Excavation,1523863.2,m3,Civil,15855.41,synthetic,True
HP-128,Grouting Cement,11661.6,MT,Civil,121.34,synthetic,True
HP-128,Shotcrete,49978.2,m3,Civil,520.01,synthetic,True
HP-128,Lining Concrete,104121.3,m3,Civil,1083.36,synthetic,True
HP-128,Gates Steel,371.1,MT,Hydromechanical,3.86,synthetic,True
HP-128,Embedded Steel,335.7,MT,Civil,3.49,synthetic,True
HP-129,Concrete,199201.5,m3,Civil,2983.4,synthetic,True
HP-129,Cement,69720.5,MT,Civil,1044.19,synthetic,True
HP-129,Reinforcement Steel,5659.3,MT,Civil,84.76,synthetic,True
HP-129,Structural Steel,1840.5,MT,Civil,27.56,synthetic,True
HP-129,Penstock Steel,4354.2,MT,Hydromechanical,65.21,synthetic,True
HP-129,Aggregate,169321.3,m3,Civil,2535.89,synthetic,True
HP-129,Sand,89640.7,m3,Civil,1342.53,synthetic,True
HP-129,Excavation,2004868.0,m3,Civil,30026.48,synthetic,True
HP-129,Rock Excavation,1503651.0,m3,Civil,22519.86,synthetic,True
HP-129,Earth Excavation,501217.0,m3,Civil,7506.62,synthetic,True
HP-129,Grouting Cement,5577.6,MT,Civil,83.53,synthetic,True
HP-129,Shotcrete,23904.2,m3,Civil,358.01,synthetic,True
HP-129,Lining Concrete,49800.4,m3,Civil,745.85,synthetic,True
HP-129,Gates Steel,283.0,MT,Hydromechanical,4.24,synthetic,True
HP-129,Embedded Steel,276.1,MT,Civil,4.14,synthetic,True
HP-130,Concrete,261312.4,m3,Civil,9437.07,synthetic,True
HP-130,Cement,91459.3,MT,Civil,3302.97,synthetic,True
HP-130,Reinforcement Steel,2352.5,MT,Civil,84.96,synthetic,True
HP-130,Structural Steel,479.7,MT,Civil,17.32,synthetic,True
HP-130,Penstock Steel,4203.5,MT,Hydromechanical,151.81,synthetic,True
HP-130,Aggregate,222115.5,m3,Civil,8021.51,synthetic,True
HP-130,Sand,117590.6,m3,Civil,4246.68,synthetic,True
HP-130,Excavation,626213.5,m3,Civil,22615.15,synthetic,True
HP-130,Rock Excavation,281796.1,m3,Civil,10176.82,synthetic,True
HP-130,Earth Excavation,344417.4,m3,Civil,12438.33,synthetic,True
HP-130,Grouting Cement,7316.7,MT,Civil,264.24,synthetic,True
HP-130,Shotcrete,31357.5,m3,Civil,1132.45,synthetic,True
HP-130,Lining Concrete,65328.1,m3,Civil,2359.27,synthetic,True
HP-130,Gates Steel,117.6,MT,Hydromechanical,4.25,synthetic,True
HP-130,Embedded Steel,72.0,MT,Civil,2.6,synthetic,True
HP-131,Concrete,278493.1,m3,Civil,3102.99,synthetic,True
HP-131,Cement,97472.6,MT,Civil,1086.05,synthetic,True
HP-131,Reinforcement Steel,7117.3,MT,Civil,79.3,synthetic,True
HP-131,Structural Steel,1837.8,MT,Civil,20.48,synthetic,True
HP-131,Penstock Steel,6512.3,MT,Hydromechanical,72.56,synthetic,True
HP-131,Aggregate,236719.1,m3,Civil,2637.54,synthetic,True
HP-131,Sand,125321.9,m3,Civil,1396.34,synthetic,True
HP-131,Excavation,2635128.2,m3,Civil,29360.76,synthetic,True
HP-131,Rock Excavation,1976346.2,m3,Civil,22020.57,synthetic,True
HP-131,Earth Excavation,658782.0,m3,Civil,7340.19,synthetic,True
HP-131,Grouting Cement,7797.8,MT,Civil,86.88,synthetic,True
HP-131,Shotcrete,33419.2,m3,Civil,372.36,synthetic,True
HP-131,Lining Concrete,69623.3,m3,Civil,775.75,synthetic,True
HP-131,Gates Steel,355.9,MT,Hydromechanical,3.97,synthetic,True
HP-131,Embedded Steel,275.7,MT,Civil,3.07,synthetic,True
HP-132,Concrete,227234.3,m3,Civil,4780.86,synthetic,True
HP-132,Cement,79532.0,MT,Civil,1673.3,synthetic,True
HP-132,Reinforcement Steel,3959.0,MT,Civil,83.29,synthetic,True
HP-132,Structural Steel,1059.0,MT,Civil,22.28,synthetic,True
HP-132,Penstock Steel,4436.1,MT,Hydromechanical,93.33,synthetic,True
HP-132,Aggregate,193149.2,m3,Civil,4063.73,synthetic,True
HP-132,Sand,102255.4,m3,Civil,2151.39,synthetic,True
HP-132,Excavation,1302512.0,m3,Civil,27404.0,synthetic,True
HP-132,Rock Excavation,586130.4,m3,Civil,12331.8,synthetic,True
HP-132,Earth Excavation,716381.6,m3,Civil,15072.2,synthetic,True
HP-132,Grouting Cement,6362.6,MT,Civil,133.86,synthetic,True
HP-132,Shotcrete,27268.1,m3,Civil,573.7,synthetic,True
HP-132,Lining Concrete,56808.6,m3,Civil,1195.22,synthetic,True
HP-132,Gates Steel,198.0,MT,Hydromechanical,4.17,synthetic,True
HP-132,Embedded Steel,158.8,MT,Civil,3.34,synthetic,True
HP-133,Concrete,288646.5,m3,Civil,4043.23,synthetic,True
HP-133,Cement,101026.3,MT,Civil,1415.13,synthetic,True
HP-133,Reinforcement Steel,6016.3,MT,Civil,84.27,synthetic,True
HP-133,Structural Steel,1249.2,MT,Civil,17.5,synthetic,True
HP-133,Penstock Steel,9656.3,MT,Hydromechanical,135.26,synthetic,True
HP-133,Aggregate,245349.5,m3,Civil,3436.75,synthetic,True
HP-133,Sand,129890.9,m3,Civil,1819.46,synthetic,True
HP-133,Excavation,2155636.5,m3,Civil,30195.22,synthetic,True
HP-133,Rock Excavation,1616727.4,m3,Civil,22646.41,synthetic,True
HP-133,Earth Excavation,538909.1,m3,Civil,7548.8,synthetic,True
HP-133,Grouting Cement,8082.1,MT,Civil,113.21,synthetic,True
HP-133,Shotcrete,34637.6,m3,Civil,485.19,synthetic,True
HP-133,Lining Concrete,72161.6,m3,Civil,1010.81,synthetic,True
HP-133,Gates Steel,300.8,MT,Hydromechanical,4.21,synthetic,True
HP-133,Embedded Steel,187.4,MT,Civil,2.63,synthetic,True
HP-134,Concrete,302337.6,m3,Civil,6209.44,synthetic,True
HP-134,Cement,105818.2,MT,Civil,2173.3,synthetic,True
HP-134,Reinforcement Steel,4188.7,MT,Civil,86.03,synthetic,True
HP-134,Structural Steel,939.5,MT,Civil,19.3,synthetic,True
HP-134,Penstock Steel,2417.8,MT,Hydromechanical,49.66,synthetic,True
HP-134,Aggregate,256987.0,m3,Civil,5278.02,synthetic,True
HP-134,Sand,136051.9,m3,Civil,2794.25,synthetic,True
HP-134,Excavation,1386843.9,m3,Civil,28483.14,synthetic,True
HP-134,Rock Excavation,1040132.9,m3,Civil,21362.35,synthetic,True
HP-134,Earth Excavation,346711.0,m3,Civil,7120.78,synthetic,True
HP-134,Grouting Cement,8465.5,MT,Civil,173.87,synthetic,True
HP-134,Shotcrete,36280.5,m3,Civil,745.13,synthetic,True
HP-134,Lining Concrete,75584.4,m3,Civil,1552.36,synthetic,True
HP-134,Gates Steel,209.4,MT,Hydromechanical,4.3,synthetic,True
HP-134,Embedded Steel,140.9,MT,Civil,2.89,synthetic,True
HP-135,Concrete,426271.3,m3,Civil,7439.29,synthetic,True
HP-135,Cement,149195.0,MT,Civil,2603.75,synthetic,True
HP-135,Reinforcement Steel,4332.5,MT,Civil,75.61,synthetic,True
HP-135,Structural Steel,1056.3,MT,Civil,18.43,synthetic,True
HP-135,Penstock Steel,2822.7,MT,Hydromechanical,49.26,synthetic,True
HP-135,Aggregate,362330.6,m3,Civil,6323.4,synthetic,True
HP-135,Sand,191822.1,m3,Civil,3347.68,synthetic,True
HP-135,Excavation,1490147.4,m3,Civil,26006.06,synthetic,True
HP-135,Rock Excavation,670566.3,m3,Civil,11702.73,synthetic,True
HP-135,Earth Excavation,819581.1,m3,Civil,14303.34,synthetic,True
HP-135,Grouting Cement,11935.6,MT,Civil,208.3,synthetic,True
HP-135,Shotcrete,51152.6,m3,Civil,892.72,synthetic,True
HP-135,Lining Concrete,106567.8,m3,Civil,1859.82,synthetic,True
HP-135,Gates Steel,216.6,MT,Hydromechanical,3.78,synthetic,True
HP-135,Embedded Steel,158.4,MT,Civil,2.76,synthetic,True
HP-136,Concrete,261865.5,m3,Civil,3213.47,synthetic,True
HP-136,Cement,91652.9,MT,Civil,1124.71,synthetic,True
HP-136,Reinforcement Steel,7012.2,MT,Civil,86.05,synthetic,True
HP-136,Structural Steel,1843.5,MT,Civil,22.62,synthetic,True
HP-136,Penstock Steel,8345.6,MT,Hydromechanical,102.41,synthetic,True
HP-136,Aggregate,222585.7,m3,Civil,2731.45,synthetic,True
HP-136,Sand,117839.5,m3,Civil,1446.06,synthetic,True
HP-136,Excavation,2563216.2,m3,Civil,31454.36,synthetic,True
HP-136,Rock Excavation,1922412.2,m3,Civil,23590.77,synthetic,True
HP-136,Earth Excavation,640804.0,m3,Civil,7863.59,synthetic,True
HP-136,Grouting Cement,7332.2,MT,Civil,89.98,synthetic,True
HP-136,Shotcrete,31423.9,m3,Civil,385.62,synthetic,True
HP-136,Lining Concrete,65466.4,m3,Civil,803.37,synthetic,True
HP-136,Gates Steel,350.6,MT,Hydromechanical,4.3,synthetic,True
HP-136,Embedded Steel,276.5,MT,Civil,3.39,synthetic,True
HP-137,Concrete,326621.1,m3,Civil,10428.52,synthetic,True
HP-137,Cement,114317.4,MT,Civil,3649.98,synthetic,True
HP-137,Reinforcement Steel,2307.2,MT,Civil,73.67,synthetic,True
HP-137,Structural Steel,578.8,MT,Civil,18.48,synthetic,True
HP-137,Penstock Steel,1690.7,MT,Hydromechanical,53.98,synthetic,True
HP-137,Aggregate,277627.9,m3,Civil,8864.24,synthetic,True
HP-137,Sand,146979.5,m3,Civil,4692.83,synthetic,True
HP-137,Excavation,654406.1,m3,Civil,20894.19,synthetic,True
HP-137,Rock Excavation,490804.6,m3,Civil,15670.64,synthetic,True
HP-137,Earth Excavation,163601.5,m3,Civil,5223.55,synthetic,True
HP-137,Grouting Cement,9145.4,MT,Civil,292.0,synthetic,True
HP-137,Shotcrete,39194.5,m3,Civil,1251.42,synthetic,True
HP-137,Lining Concrete,81655.3,m3,Civil,2607.13,synthetic,True
HP-137,Gates Steel,115.4,MT,Hydromechanical,3.68,synthetic,True
HP-137,Embedded Steel,86.8,MT,Civil,2.77,synthetic,True
HP-138,Concrete,253393.1,m3,Civil,7040.65,synthetic,True
HP-138,Cement,88687.6,MT,Civil,2464.23,synthetic,True
HP-138,Reinforcement Steel,2866.9,MT,Civil,79.66,synthetic,True
HP-138,Structural Steel,894.4,MT,Civil,24.85,synthetic,True
HP-138,Penstock Steel,2654.3,MT,Hydromechanical,73.75,synthetic,True
HP-138,Aggregate,215384.1,m3,Civil,5984.55,synthetic,True
HP-138,Sand,114026.9,m3,Civil,3168.29,synthetic,True
HP-138,Excavation,862640.1,m3,Civil,23968.88,synthetic,True
HP-138,Rock Excavation,646980.1,m3,Civil,17976.66,synthetic,True
HP-138,Earth Excavation,215660.0,m3,Civil,5992.22,synthetic,True
HP-138,Grouting Cement,7095.0,MT,Civil,197.14,synthetic,True
HP-138,Shotcrete,30407.2,m3,Civil,844.88,synthetic,True
HP-138,Lining Concrete,63348.3,m3,Civil,1760.16,synthetic,True
HP-138,Gates Steel,143.3,MT,Hydromechanical,3.98,synthetic,True
HP-138,Embedded Steel,134.2,MT,Civil,3.73,synthetic,True
HP-139,Concrete,355688.4,m3,Civil,9183.8,synthetic,True
HP-139,Cement,124490.9,MT,Civil,3214.33,synthetic,True
HP-139,Reinforcement Steel,3170.7,MT,Civil,81.87,synthetic,True
HP-139,Structural Steel,1046.0,MT,Civil,27.01,synthetic,True
HP-139,Penstock Steel,6228.3,MT,Hydromechanical,160.81,synthetic,True
HP-139,Aggregate,302335.1,m3,Civil,7806.23,synthetic,True
HP-139,Sand,160059.8,m3,Civil,4132.71,synthetic,True
HP-139,Excavation,980025.0,m3,Civil,25304.03,synthetic,True
HP-139,Rock Excavation,735018.8,m3,Civil,18978.02,synthetic,True
HP-139,Earth Excavation,245006.2,m3,Civil,6326.01,synthetic,True
HP-139,Grouting Cement,9959.3,MT,Civil,257.15,synthetic,True
HP-139,Shotcrete,42682.6,m3,Civil,1102.06,synthetic,True
HP-139,Lining Concrete,88922.1,m3,Civil,2295.95,synthetic,True
HP-139,Gates Steel,158.5,MT,Hydromechanical,4.09,synthetic,True
HP-139,Embedded Steel,156.9,MT,Civil,4.05,synthetic,True
HP-140,Concrete,276520.7,m3,Civil,6371.44,synthetic,True
HP-140,Cement,96782.2,MT,Civil,2230.0,synthetic,True
HP-140,Reinforcement Steel,3372.0,MT,Civil,77.7,synthetic,True
HP-140,Structural Steel,883.2,MT,Civil,20.35,synthetic,True
HP-140,Penstock Steel,3560.3,MT,Hydromechanical,82.03,synthetic,True
HP-140,Aggregate,235042.6,m3,Civil,5415.73,synthetic,True
HP-140,Sand,124434.3,m3,Civil,2867.15,synthetic,True
HP-140,Excavation,1081276.7,m3,Civil,24914.21,synthetic,True
HP-140,Rock Excavation,486574.5,m3,Civil,11211.39,synthetic,True
HP-140,Earth Excavation,594702.2,m3,Civil,13702.82,synthetic,True
HP-140,Grouting Cement,7742.6,MT,Civil,178.4,synthetic,True
HP-140,Shotcrete,33182.5,m3,Civil,764.57,synthetic,True
HP-140,Lining Concrete,69130.2,m3,Civil,1592.86,synthetic,True
HP-140,Gates Steel,168.6,MT,Hydromechanical,3.88,synthetic,True
HP-140,Embedded Steel,132.5,MT,Civil,3.05,synthetic,True
HP-141,Concrete,275323.5,m3,Civil,3348.62,synthetic,True
HP-141,Cement,96363.2,MT,Civil,1172.02,synthetic,True
HP-141,Reinforcement Steel,6936.1,MT,Civil,84.36,synthetic,True
HP-141,Structural Steel,1679.9,MT,Civil,20.43,synthetic,True
HP-141,Penstock Steel,3029.8,MT,Hydromechanical,36.85,synthetic,True
HP-141,Aggregate,234025.0,m3,Civil,2846.33,synthetic,True
HP-141,Sand,123895.6,m3,Civil,1506.88,synthetic,True
HP-141,Excavation,2538555.8,m3,Civil,30875.16,synthetic,True
HP-141,Rock Excavation,1142350.1,m3,Civil,13893.82,synthetic,True
HP-141,Earth Excavation,1396205.7,m3,Civil,16981.34,synthetic,True
HP-141,Grouting Cement,7709.1,MT,Civil,93.76,synthetic,True
HP-141,Shotcrete,33038.8,m3,Civil,401.83,synthetic,True
HP-141,Lining Concrete,68830.9,m3,Civil,837.16,synthetic,True
HP-141,Gates Steel,346.8,MT,Hydromechanical,4.22,synthetic,True
HP-141,Embedded Steel,252.0,MT,Civil,3.06,synthetic,True
HP-142,Concrete,281675.7,m3,Civil,6903.82,synthetic,True
HP-142,Cement,98586.5,MT,Civil,2416.34,synthetic,True
HP-142,Reinforcement Steel,3491.8,MT,Civil,85.58,synthetic,True
HP-142,Structural Steel,931.2,MT,Civil,22.82,synthetic,True
HP-142,Penstock Steel,7025.6,MT,Hydromechanical,172.2,synthetic,True
HP-142,Aggregate,239424.3,m3,Civil,5868.24,synthetic,True
HP-142,Sand,126754.1,m3,Civil,3106.72,synthetic,True
HP-142,Excavation,1098327.6,m3,Civil,26919.79,synthetic,True
HP-142,Rock Excavation,823745.7,m3,Civil,20189.85,synthetic,True
HP-142,Earth Excavation,274581.9,m3,Civil,6729.95,synthetic,True
HP-142,Grouting Cement,7886.9,MT,Civil,193.31,synthetic,True
HP-142,Shotcrete,33801.1,m3,Civil,828.46,synthetic,True
HP-142,Lining Concrete,70418.9,m3,Civil,1725.95,synthetic,True
HP-142,Gates Steel,174.6,MT,Hydromechanical,4.28,synthetic,True
HP-142,Embedded Steel,139.7,MT,Civil,3.42,synthetic,True
HP-143,Concrete,356406.6,m3,Civil,5266.05,synthetic,True
HP-143,Cement,124742.3,MT,Civil,1843.12,synthetic,True
HP-143,Reinforcement Steel,5261.1,MT,Civil,77.73,synthetic,True
HP-143,Structural Steel,1718.5,MT,Civil,25.39,synthetic,True
HP-143,Penstock Steel,4517.0,MT,Hydromechanical,66.74,synthetic,True
HP-143,Aggregate,302945.6,m3,Civil,4476.15,synthetic,True
HP-143,Sand,160383.0,m3,Civil,2369.73,synthetic,True
HP-143,Excavation,1868216.5,m3,Civil,27603.67,synthetic,True
HP-143,Rock Excavation,840697.4,m3,Civil,12421.65,synthetic,True
HP-143,Earth Excavation,1027519.1,m3,Civil,15182.02,synthetic,True
HP-143,Grouting Cement,9979.4,MT,Civil,147.45,synthetic,True
HP-143,Shotcrete,42768.8,m3,Civil,631.93,synthetic,True
HP-143,Lining Concrete,89101.6,m3,Civil,1316.51,synthetic,True
HP-143,Gates Steel,263.1,MT,Hydromechanical,3.89,synthetic,True
HP-143,Embedded Steel,257.8,MT,Civil,3.81,synthetic,True
HP-144,Concrete,233326.5,m3,Civil,6248.7,synthetic,True
HP-144,Cement,81664.3,MT,Civil,2187.05,synthetic,True
HP-144,Reinforcement Steel,2777.9,MT,Civil,74.39,synthetic,True
HP-144,Structural Steel,889.9,MT,Civil,23.83,synthetic,True
HP-144,Penstock Steel,5911.6,MT,Hydromechanical,158.32,synthetic,True
HP-144,Aggregate,198327.5,m3,Civil,5311.4,synthetic,True
HP-144,Sand,104996.9,m3,Civil,2811.91,synthetic,True
HP-144,Excavation,847467.4,m3,Civil,22695.97,synthetic,True
HP-144,Rock Excavation,381360.3,m3,Civil,10213.18,synthetic,True
HP-144,Earth Excavation,466107.1,m3,Civil,12482.78,synthetic,True
HP-144,Grouting Cement,6533.1,MT,Civil,174.96,synthetic,True
HP-144,Shotcrete,27999.2,m3,Civil,749.84,synthetic,True
HP-144,Lining Concrete,58331.6,m3,Civil,1562.17,synthetic,True
HP-144,Gates Steel,138.9,MT,Hydromechanical,3.72,synthetic,True
HP-144,Embedded Steel,133.5,MT,Civil,3.58,synthetic,True
HP-145,Concrete,198391.2,m3,Civil,2369.7,synthetic,True
HP-145,Cement,69436.9,MT,Civil,829.39,synthetic,True
HP-145,Reinforcement Steel,6529.2,MT,Civil,77.99,synthetic,True
HP-145,Structural Steel,1667.1,MT,Civil,19.91,synthetic,True
HP-145,Penstock Steel,6278.7,MT,Hydromechanical,75.0,synthetic,True
HP-145,Aggregate,168632.5,m3,Civil,2014.24,synthetic,True
HP-145,Sand,89276.0,m3,Civil,1066.36,synthetic,True
HP-145,Excavation,2395565.9,m3,Civil,28614.02,synthetic,True
HP-145,Rock Excavation,1078004.7,m3,Civil,12876.31,synthetic,True
HP-145,Earth Excavation,1317561.2,m3,Civil,15737.71,synthetic,True
HP-145,Grouting Cement,5555.0,MT,Civil,66.35,synthetic,True
HP-145,Shotcrete,23806.9,m3,Civil,284.36,synthetic,True
HP-145,Lining Concrete,49597.8,m3,Civil,592.42,synthetic,True
HP-145,Gates Steel,326.5,MT,Hydromechanical,3.9,synthetic,True
HP-145,Embedded Steel,250.1,MT,Civil,2.99,synthetic,True
HP-146,Concrete,315089.6,m3,Civil,6637.66,synthetic,True
HP-146,Cement,110281.4,MT,Civil,2323.18,synthetic,True
HP-146,Reinforcement Steel,3614.8,MT,Civil,76.15,synthetic,True
HP-146,Structural Steel,877.0,MT,Civil,18.47,synthetic,True
HP-146,Penstock Steel,1626.8,MT,Hydromechanical,34.27,synthetic,True
HP-146,Aggregate,267826.2,m3,Civil,5642.01,synthetic,True
HP-146,Sand,141790.3,m3,Civil,2986.95,synthetic,True
HP-146,Excavation,1188872.7,m3,Civil,25044.72,synthetic,True
HP-146,Rock Excavation,534992.7,m3,Civil,11270.12,synthetic,True
HP-146,Earth Excavation,653880.0,m3,Civil,13774.59,synthetic,True
HP-146,Grouting Cement,8822.5,MT,Civil,185.85,synthetic,True
HP-146,Shotcrete,37810.8,m3,Civil,796.52,synthetic,True
HP-146,Lining Concrete,78772.4,m3,Civil,1659.41,synthetic,True
HP-146,Gates Steel,180.7,MT,Hydromechanical,3.81,synthetic,True
HP-146,Embedded Steel,131.5,MT,Civil,2.77,synthetic,True
HP-147,Concrete,497563.5,m3,Civil,5062.71,synthetic,True
HP-147,Cement,174147.2,MT,Civil,1771.95,synthetic,True
HP-147,Reinforcement Steel,8178.5,MT,Civil,83.22,synthetic,True
HP-147,Structural Steel,2427.1,MT,Civil,24.7,synthetic,True
HP-147,Penstock Steel,11241.1,MT,Hydromechanical,114.38,synthetic,True
HP-147,Aggregate,422929.0,m3,Civil,4303.31,synthetic,True
HP-147,Sand,223903.6,m3,Civil,2278.22,synthetic,True
HP-147,Excavation,3060989.2,m3,Civil,31145.6,synthetic,True
HP-147,Rock Excavation,2295741.9,m3,Civil,23359.2,synthetic,True
HP-147,Earth Excavation,765247.3,m3,Civil,7786.4,synthetic,True
HP-147,Grouting Cement,13931.8,MT,Civil,141.76,synthetic,True
HP-147,Shotcrete,59707.6,m3,Civil,607.53,synthetic,True
HP-147,Lining Concrete,124390.9,m3,Civil,1265.68,synthetic,True
HP-147,Gates Steel,408.9,MT,Hydromechanical,4.16,synthetic,True
HP-147,Embedded Steel,364.1,MT,Civil,3.7,synthetic,True
HP-148,Concrete,144844.3,m3,Civil,3937.06,synthetic,True
HP-148,Cement,50695.5,MT,Civil,1377.97,synthetic,True
HP-148,Reinforcement Steel,2725.8,MT,Civil,74.09,synthetic,True
HP-148,Structural Steel,627.1,MT,Civil,17.05,synthetic,True
HP-148,Penstock Steel,2521.7,MT,Hydromechanical,68.54,synthetic,True
HP-148,Aggregate,123117.7,m3,Civil,3346.5,synthetic,True
HP-148,Sand,65179.9,m3,Civil,1771.67,synthetic,True
HP-148,Excavation,827029.6,m3,Civil,22479.74,synthetic,True
HP-148,Rock Excavation,620272.2,m3,Civil,16859.8,synthetic,True
HP-148,Earth Excavation,206757.4,m3,Civil,5619.93,synthetic,True
HP-148,Grouting Cement,4055.6,MT,Civil,110.24,synthetic,True
HP-148,Shotcrete,17381.3,m3,Civil,472.45,synthetic,True
HP-148,Lining Concrete,36211.1,m3,Civil,984.26,synthetic,True
HP-148,Gates Steel,136.3,MT,Hydromechanical,3.7,synthetic,True
HP-148,Embedded Steel,94.1,MT,Civil,2.56,synthetic,True
HP-149,Concrete,353622.4,m3,Civil,4774.81,synthetic,True
HP-149,Cement,123767.8,MT,Civil,1671.18,synthetic,True
HP-149,Reinforcement Steel,6100.9,MT,Civil,82.38,synthetic,True
HP-149,Structural Steel,1589.3,MT,Civil,21.46,synthetic,True
HP-149,Penstock Steel,3964.6,MT,Hydromechanical,53.53,synthetic,True
HP-149,Aggregate,300579.0,m3,Civil,4058.59,synthetic,True
HP-149,Sand,159130.1,m3,Civil,2148.66,synthetic,True
HP-149,Excavation,2198799.8,m3,Civil,29689.44,synthetic,True
HP-149,Rock Excavation,1649099.8,m3,Civil,22267.08,synthetic,True
HP-149,Earth Excavation,549700.0,m3,Civil,7422.36,synthetic,True
HP-149,Grouting Cement,9901.4,MT,Civil,133.69,synthetic,True
HP-149,Shotcrete,42434.7,m3,Civil,572.98,synthetic,True
HP-149,Lining Concrete,88405.6,m3,Civil,1193.7,synthetic,True
HP-149,Gates Steel,305.0,MT,Hydromechanical,4.12,synthetic,True
HP-149,Embedded Steel,238.4,MT,Civil,3.22,synthetic,True
HP-150,Concrete,257020.2,m3,Civil,3795.9,synthetic,True
HP-150,Cement,89957.1,MT,Civil,1328.56,synthetic,True
HP-150,Reinforcement Steel,5162.4,MT,Civil,76.24,synthetic,True
HP-150,Structural Steel,1706.5,MT,Civil,25.2,synthetic,True
HP-150,Penstock Steel,7038.3,MT,Hydromechanical,103.95,synthetic,True
HP-150,Aggregate,218467.2,m3,Civil,3226.51,synthetic,True
HP-150,Sand,115659.1,m3,Civil,1708.15,synthetic,True
HP-150,Excavation,1833325.0,m3,Civil,27076.13,synthetic,True
HP-150,Rock Excavation,824996.2,m3,Civil,12184.26,synthetic,True
HP-150,Earth Excavation,1008328.8,m3,Civil,14891.87,synthetic,True
HP-150,Grouting Cement,7196.6,MT,Civil,106.29,synthetic,True
HP-150,Shotcrete,30842.4,m3,Civil,455.51,synthetic,True
HP-150,Lining Concrete,64255.1,m3,Civil,948.98,synthetic,True
HP-150,Gates Steel,258.1,MT,Hydromechanical,3.81,synthetic,True
HP-150,Embedded Steel,256.0,MT,Civil,3.78,synthetic,True
HP-151,Concrete,93700.8,m3,Civil,3354.84,synthetic,True
HP-151,Cement,32795.3,MT,Civil,1174.2,synthetic,True
HP-151,Reinforcement Steel,2410.4,MT,Civil,86.3,synthetic,True
HP-151,Structural Steel,682.0,MT,Civil,24.42,synthetic,True
HP-151,Penstock Steel,3221.2,MT,Hydromechanical,115.33,synthetic,True
HP-151,Aggregate,79645.7,m3,Civil,2851.62,synthetic,True
HP-151,Sand,42165.4,m3,Civil,1509.68,synthetic,True
HP-151,Excavation,644752.3,m3,Civil,23084.58,synthetic,True
HP-151,Rock Excavation,483564.2,m3,Civil,17313.43,synthetic,True
HP-151,Earth Excavation,161188.1,m3,Civil,5771.15,synthetic,True
HP-151,Grouting Cement,2623.6,MT,Civil,93.93,synthetic,True
HP-151,Shotcrete,11244.1,m3,Civil,402.58,synthetic,True
HP-151,Lining Concrete,23425.2,m3,Civil,838.71,synthetic,True
HP-151,Gates Steel,120.5,MT,Hydromechanical,4.31,synthetic,True
HP-151,Embedded Steel,102.3,MT,Civil,3.66,synthetic,True
HP-152,Concrete,194221.8,m3,Civil,2393.37,synthetic,True
HP-152,Cement,67977.6,MT,Civil,837.68,synthetic,True
HP-152,Reinforcement Steel,6638.5,MT,Civil,81.81,synthetic,True
HP-152,Structural Steel,2041.1,MT,Civil,25.15,synthetic,True
HP-152,Penstock Steel,4152.1,MT,Hydromechanical,51.17,synthetic,True
HP-152,Aggregate,165088.5,m3,Civil,2034.36,synthetic,True
HP-152,Sand,87399.8,m3,Civil,1077.02,synthetic,True
HP-152,Excavation,2425176.1,m3,Civil,29885.1,synthetic,True
HP-152,Rock Excavation,1818882.1,m3,Civil,22413.83,synthetic,True
HP-152,Earth Excavation,606294.0,m3,Civil,7471.28,synthetic,True
HP-152,Grouting Cement,5438.2,MT,Civil,67.01,synthetic,True
HP-152,Shotcrete,23306.6,m3,Civil,287.2,synthetic,True
HP-152,Lining Concrete,48555.4,m3,Civil,598.34,synthetic,True
HP-152,Gates Steel,331.9,MT,Hydromechanical,4.09,synthetic,True
HP-152,Embedded Steel,306.2,MT,Civil,3.77,synthetic,True
HP-153,Concrete,183713.8,m3,Civil,6491.65,synthetic,True
HP-153,Cement,64299.8,MT,Civil,2272.08,synthetic,True
HP-153,Reinforcement Steel,2391.0,MT,Civil,84.49,synthetic,True
HP-153,Structural Steel,539.7,MT,Civil,19.07,synthetic,True
HP-153,Penstock Steel,2228.5,MT,Hydromechanical,78.75,synthetic,True
HP-153,Aggregate,156156.7,m3,Civil,5517.9,synthetic,True
HP-153,Sand,82671.2,m3,Civil,2921.24,synthetic,True
HP-153,Excavation,644205.4,m3,Civil,22763.44,synthetic,True
HP-153,Rock Excavation,289892.4,m3,Civil,10243.55,synthetic,True
HP-153,Earth Excavation,354313.0,m3,Civil,12519.89,synthetic,True
HP-153,Grouting Cement,5144.0,MT,Civil,181.77,synthetic,True
HP-153,Shotcrete,22045.7,m3,Civil,779.0,synthetic,True
HP-153,Lining Concrete,45928.4,m3,Civil,1622.91,synthetic,True
HP-153,Gates Steel,119.6,MT,Hydromechanical,4.23,synthetic,True
HP-153,Embedded Steel,81.0,MT,Civil,2.86,synthetic,True
HP-154,Concrete,316031.2,m3,Civil,4576.18,synthetic,True
HP-154,Cement,110610.9,MT,Civil,1601.66,synthetic,True
HP-154,Reinforcement Steel,5375.6,MT,Civil,77.84,synthetic,True
HP-154,Structural Steel,1270.5,MT,Civil,18.4,synthetic,True
HP-154,Penstock Steel,4377.8,MT,Hydromechanical,63.39,synthetic,True
HP-154,Aggregate,268626.5,m3,Civil,3889.76,synthetic,True
HP-154,Sand,142214.0,m3,Civil,2059.28,synthetic,True
HP-154,Excavation,1915519.1,m3,Civil,27737.03,synthetic,True
HP-154,Rock Excavation,861983.6,m3,Civil,12481.66,synthetic,True
HP-154,Earth Excavation,1053535.5,m3,Civil,15255.36,synthetic,True
HP-154,Grouting Cement,8848.9,MT,Civil,128.13,synthetic,True
HP-154,Shotcrete,37923.7,m3,Civil,549.14,synthetic,True
HP-154,Lining Concrete,79007.8,m3,Civil,1144.05,synthetic,True
HP-154,Gates Steel,268.8,MT,Hydromechanical,3.89,synthetic,True
HP-154,Embedded Steel,190.6,MT,Civil,2.76,synthetic,True
HP-155,Concrete,237553.8,m3,Civil,3767.11,synthetic,True
HP-155,Cement,83143.8,MT,Civil,1318.49,synthetic,True
HP-155,Reinforcement Steel,4764.6,MT,Civil,75.56,synthetic,True
HP-155,Structural Steel,1472.2,MT,Civil,23.35,synthetic,True
HP-155,Penstock Steel,8159.2,MT,Hydromechanical,129.39,synthetic,True
HP-155,Aggregate,201920.7,m3,Civil,3202.04,synthetic,True
HP-155,Sand,106899.2,m3,Civil,1695.2,synthetic,True
HP-155,Excavation,1670413.3,m3,Civil,26489.27,synthetic,True
HP-155,Rock Excavation,751686.0,m3,Civil,11920.17,synthetic,True
HP-155,Earth Excavation,918727.3,m3,Civil,14569.1,synthetic,True
HP-155,Grouting Cement,6651.5,MT,Civil,105.48,synthetic,True
HP-155,Shotcrete,28506.5,m3,Civil,452.05,synthetic,True
HP-155,Lining Concrete,59388.4,m3,Civil,941.78,synthetic,True
HP-155,Gates Steel,238.2,MT,Hydromechanical,3.78,synthetic,True
HP-155,Embedded Steel,220.8,MT,Civil,3.5,synthetic,True
HP-156,Concrete,306973.1,m3,Civil,4200.51,synthetic,True
HP-156,Cement,107440.6,MT,Civil,1470.18,synthetic,True
HP-156,Reinforcement Steel,5610.1,MT,Civil,76.77,synthetic,True
HP-156,Structural Steel,1608.7,MT,Civil,22.01,synthetic,True
HP-156,Penstock Steel,8208.3,MT,Hydromechanical,112.32,synthetic,True
HP-156,Aggregate,260927.1,m3,Civil,3570.43,synthetic,True
HP-156,Sand,138137.9,m3,Civil,1890.23,synthetic,True
HP-156,Excavation,2017690.3,m3,Civil,27609.34,synthetic,True
HP-156,Rock Excavation,907960.6,m3,Civil,12424.2,synthetic,True
HP-156,Earth Excavation,1109729.7,m3,Civil,15185.14,synthetic,True
HP-156,Grouting Cement,8595.2,MT,Civil,117.61,synthetic,True
HP-156,Shotcrete,36836.8,m3,Civil,504.06,synthetic,True
HP-156,Lining Concrete,76743.3,m3,Civil,1050.13,synthetic,True
HP-156,Gates Steel,280.5,MT,Hydromechanical,3.84,synthetic,True
HP-156,Embedded Steel,241.3,MT,Civil,3.3,synthetic,True
HP-157,Concrete,350129.3,m3,Civil,4299.76,synthetic,True
HP-157,Cement,122545.3,MT,Civil,1504.92,synthetic,True
HP-157,Reinforcement Steel,6263.6,MT,Civil,76.92,synthetic,True
HP-157,Structural Steel,2100.4,MT,Civil,25.79,synthetic,True
HP-157,Penstock Steel,3030.4,MT,Hydromechanical,37.21,synthetic,True
HP-157,Aggregate,297609.9,m3,Civil,3654.79,synthetic,True
HP-157,Sand,157558.2,m3,Civil,1934.89,synthetic,True
HP-157,Excavation,2289322.7,m3,Civil,28114.0,synthetic,True
HP-157,Rock Excavation,1030195.2,m3,Civil,12651.3,synthetic,True
HP-157,Earth Excavation,1259127.5,m3,Civil,15462.7,synthetic,True
HP-157,Grouting Cement,9803.6,MT,Civil,120.39,synthetic,True
HP-157,Shotcrete,42015.5,m3,Civil,515.97,synthetic,True
HP-157,Lining Concrete,87532.3,m3,Civil,1074.94,synthetic,True
HP-157,Gates Steel,313.2,MT,Hydromechanical,3.85,synthetic,True
HP-157,Embedded Steel,315.1,MT,Civil,3.87,synthetic,True
HP-158,Concrete,206781.7,m3,Civil,2450.6,synthetic,True
HP-158,Cement,72373.6,MT,Civil,857.71,synthetic,True
HP-158,Reinforcement Steel,6698.5,MT,Civil,79.38,synthetic,True
HP-158,Structural Steel,2029.2,MT,Civil,24.05,synthetic,True
HP-158,Penstock Steel,6259.0,MT,Hydromechanical,74.18,synthetic,True
HP-158,Aggregate,175764.4,m3,Civil,2083.01,synthetic,True
HP-158,Sand,93051.8,m3,Civil,1102.77,synthetic,True
HP-158,Excavation,2460259.6,m3,Civil,29156.9,synthetic,True
HP-158,Rock Excavation,1107116.8,m3,Civil,13120.61,synthetic,True
HP-158,Earth Excavation,1353142.8,m3,Civil,16036.3,synthetic,True
HP-158,Grouting Cement,5789.9,MT,Civil,68.62,synthetic,True
HP-158,Shotcrete,24813.8,m3,Civil,294.07,synthetic,True
HP-158,Lining Concrete,51695.4,m3,Civil,612.65,synthetic,True
HP-158,Gates Steel,334.9,MT,Hydromechanical,3.97,synthetic,True
HP-158,Embedded Steel,304.4,MT,Civil,3.61,synthetic,True
HP-159,Concrete,174619.2,m3,Civil,3712.14,synthetic,True
HP-159,Cement,61116.7,MT,Civil,1299.25,synthetic,True
HP-159,Reinforcement Steel,3895.2,MT,Civil,82.81,synthetic,True
HP-159,Structural Steel,1168.1,MT,Civil,24.83,synthetic,True
HP-159,Penstock Steel,3956.9,MT,Hydromechanical,84.12,synthetic,True
HP-159,Aggregate,148426.3,m3,Civil,3155.32,synthetic,True
HP-159,Sand,78578.6,m3,Civil,1670.46,synthetic,True
HP-159,Excavation,1277964.0,m3,Civil,27167.6,synthetic,True
HP-159,Rock Excavation,575083.8,m3,Civil,12225.42,synthetic,True
HP-159,Earth Excavation,702880.2,m3,Civil,14942.18,synthetic,True
HP-159,Grouting Cement,4889.3,MT,Civil,103.94,synthetic,True
HP-159,Shotcrete,20954.3,m3,Civil,445.46,synthetic,True
HP-159,Lining Concrete,43654.8,m3,Civil,928.04,synthetic,True
HP-159,Gates Steel,194.8,MT,Hydromechanical,4.14,synthetic,True
HP-159,Embedded Steel,175.2,MT,Civil,3.72,synthetic,True
HP-160,Concrete,199611.3,m3,Civil,4492.71,synthetic,True
HP-160,Cement,69864.0,MT,Civil,1572.45,synthetic,True
HP-160,Reinforcement Steel,3438.9,MT,Civil,77.4,synthetic,True
HP-160,Structural Steel,800.7,MT,Civil,18.02,synthetic,True
HP-160,Penstock Steel,6896.5,MT,Hydromechanical,155.22,synthetic,True
HP-160,Aggregate,169669.6,m3,Civil,3818.81,synthetic,True
HP-160,Sand,89825.1,m3,Civil,2021.72,synthetic,True
HP-160,Excavation,1110358.1,m3,Civil,24991.18,synthetic,True
HP-160,Rock Excavation,499661.1,m3,Civil,11246.03,synthetic,True
HP-160,Earth Excavation,610697.0,m3,Civil,13745.15,synthetic,True
HP-160,Grouting Cement,5589.1,MT,Civil,125.8,synthetic,True
HP-160,Shotcrete,23953.4,m3,Civil,539.13,synthetic,True
HP-160,Lining Concrete,49902.8,m3,Civil,1123.18,synthetic,True
HP-160,Gates Steel,171.9,MT,Hydromechanical,3.87,synthetic,True
HP-160,Embedded Steel,120.1,MT,Civil,2.7,synthetic,True
HP-161,Concrete,258284.5,m3,Civil,2914.85,synthetic,True
HP-161,Cement,90399.6,MT,Civil,1020.2,synthetic,True
HP-161,Reinforcement Steel,6866.6,MT,Civil,77.49,synthetic,True
HP-161,Structural Steel,2047.6,MT,Civil,23.11,synthetic,True
HP-161,Penstock Steel,4603.3,MT,Hydromechanical,51.95,synthetic,True
HP-161,Aggregate,219541.8,m3,Civil,2477.62,synthetic,True
HP-161,Sand,116228.0,m3,Civil,1311.68,synthetic,True
HP-161,Excavation,2538190.7,m3,Civil,28644.52,synthetic,True
HP-161,Rock Excavation,1142185.8,m3,Civil,12890.03,synthetic,True
HP-161,Earth Excavation,1396004.9,m3,Civil,15754.48,synthetic,True
HP-161,Grouting Cement,7232.0,MT,Civil,81.62,synthetic,True
HP-161,Shotcrete,30994.1,m3,Civil,349.78,synthetic,True
HP-161,Lining Concrete,64571.1,m3,Civil,728.71,synthetic,True
HP-161,Gates Steel,343.3,MT,Hydromechanical,3.87,synthetic,True
HP-161,Embedded Steel,307.1,MT,Civil,3.47,synthetic,True
HP-162,Concrete,285889.2,m3,Civil,7431.48,synthetic,True
HP-162,Cement,100061.2,MT,Civil,2601.02,synthetic,True
HP-162,Reinforcement Steel,3120.4,MT,Civil,81.11,synthetic,True
HP-162,Structural Steel,1086.2,MT,Civil,28.23,synthetic,True
HP-162,Penstock Steel,3819.7,MT,Hydromechanical,99.29,synthetic,True
HP-162,Aggregate,243005.8,m3,Civil,6316.76,synthetic,True
HP-162,Sand,128650.1,m3,Civil,3344.17,synthetic,True
HP-162,Excavation,962187.4,m3,Civil,25011.37,synthetic,True
HP-162,Rock Excavation,432984.3,m3,Civil,11255.12,synthetic,True
HP-162,Earth Excavation,529203.1,m3,Civil,13756.25,synthetic,True
HP-162,Grouting Cement,8004.9,MT,Civil,208.08,synthetic,True
HP-162,Shotcrete,34306.7,m3,Civil,891.78,synthetic,True
HP-162,Lining Concrete,71472.3,m3,Civil,1857.87,synthetic,True
HP-162,Gates Steel,156.0,MT,Hydromechanical,4.06,synthetic,True
HP-162,Embedded Steel,162.9,MT,Civil,4.23,synthetic,True
HP-163,Concrete,416312.7,m3,Civil,4742.14,synthetic,True
HP-163,Cement,145709.4,MT,Civil,1659.75,synthetic,True
HP-163,Reinforcement Steel,6961.3,MT,Civil,79.29,synthetic,True
HP-163,Structural Steel,1994.8,MT,Civil,22.72,synthetic,True
HP-163,Penstock Steel,5740.9,MT,Hydromechanical,65.39,synthetic,True
HP-163,Aggregate,353865.8,m3,Civil,4030.82,synthetic,True
HP-163,Sand,187340.7,m3,Civil,2133.96,synthetic,True
HP-163,Excavation,2570148.5,m3,Civil,29276.1,synthetic,True
HP-163,Rock Excavation,1156566.8,m3,Civil,13174.24,synthetic,True
HP-163,Earth Excavation,1413581.7,m3,Civil,16101.85,synthetic,True
HP-163,Grouting Cement,11656.8,MT,Civil,132.78,synthetic,True
HP-163,Shotcrete,49957.5,m3,Civil,569.06,synthetic,True
HP-163,Lining Concrete,104078.2,m3,Civil,1185.54,synthetic,True
HP-163,Gates Steel,348.1,MT,Hydromechanical,3.97,synthetic,True
HP-163,Embedded Steel,299.2,MT,Civil,3.41,synthetic,True
HP-164,Concrete,149552.0,m3,Civil,3389.66,synthetic,True
HP-164,Cement,52343.2,MT,Civil,1186.38,synthetic,True
HP-164,Reinforcement Steel,3284.5,MT,Civil,74.44,synthetic,True
HP-164,Structural Steel,972.3,MT,Civil,22.04,synthetic,True
HP-164,Penstock Steel,4547.6,MT,Hydromechanical,103.07,synthetic,True
HP-164,Aggregate,127119.2,m3,Civil,2881.21,synthetic,True
HP-164,Sand,67298.4,m3,Civil,1525.35,synthetic,True
HP-164,Excavation,1058349.5,m3,Civil,23987.98,synthetic,True
HP-164,Rock Excavation,476257.3,m3,Civil,10794.59,synthetic,True
HP-164,Earth Excavation,582092.2,m3,Civil,13193.39,synthetic,True
HP-164,Grouting Cement,4187.5,MT,Civil,94.91,synthetic,True
HP-164,Shotcrete,17946.2,m3,Civil,406.76,synthetic,True
HP-164,Lining Concrete,37388.0,m3,Civil,847.42,synthetic,True
HP-164,Gates Steel,164.2,MT,Hydromechanical,3.72,synthetic,True
HP-164,Embedded Steel,145.8,MT,Civil,3.3,synthetic,True
HP-165,Concrete,249479.2,m3,Civil,3535.7,synthetic,True
HP-165,Cement,87317.7,MT,Civil,1237.5,synthetic,True
HP-165,Reinforcement Steel,5914.4,MT,Civil,83.82,synthetic,True
HP-165,Structural Steel,1628.4,MT,Civil,23.08,synthetic,True
HP-165,Penstock Steel,2990.2,MT,Hydromechanical,42.38,synthetic,True
HP-165,Aggregate,212057.3,m3,Civil,3005.35,synthetic,True
HP-165,Sand,112265.6,m3,Civil,1591.07,synthetic,True
HP-165,Excavation,2115068.1,m3,Civil,29975.45,synthetic,True
HP-165,Rock Excavation,951780.6,m3,Civil,13488.95,synthetic,True
HP-165,Earth Excavation,1163287.5,m3,Civil,16486.5,synthetic,True
HP-165,Grouting Cement,6985.4,MT,Civil,99.0,synthetic,True
HP-165,Shotcrete,29937.5,m3,Civil,424.28,synthetic,True
HP-165,Lining Concrete,62369.8,m3,Civil,883.93,synthetic,True
HP-165,Gates Steel,295.7,MT,Hydromechanical,4.19,synthetic,True
HP-165,Embedded Steel,244.3,MT,Civil,3.46,synthetic,True
HP-166,Concrete,451240.4,m3,Civil,5954.61,synthetic,True
HP-166,Cement,157934.1,MT,Civil,2084.11,synthetic,True
HP-166,Reinforcement Steel,6464.0,MT,Civil,85.3,synthetic,True
HP-166,Structural Steel,1535.0,MT,Civil,20.26,synthetic,True
HP-166,Penstock Steel,2951.1,MT,Hydromechanical,38.94,synthetic,True
HP-166,Aggregate,383554.3,m3,Civil,5061.42,synthetic,True
HP-166,Sand,203058.2,m3,Civil,2679.58,synthetic,True
HP-166,Excavation,2337924.8,m3,Civil,30851.48,synthetic,True
HP-166,Rock Excavation,1052066.2,m3,Civil,13883.16,synthetic,True
HP-166,Earth Excavation,1285858.6,m3,Civil,16968.31,synthetic,True
HP-166,Grouting Cement,12634.7,MT,Civil,166.73,synthetic,True
HP-166,Shotcrete,54148.8,m3,Civil,714.55,synthetic,True
HP-166,Lining Concrete,112810.1,m3,Civil,1488.65,synthetic,True
HP-166,Gates Steel,323.2,MT,Hydromechanical,4.26,synthetic,True
HP-166,Embedded Steel,230.2,MT,Civil,3.04,synthetic,True
HP-167,Concrete,199444.0,m3,Civil,4017.81,synthetic,True
HP-167,Cement,69805.4,MT,Civil,1406.23,synthetic,True
HP-167,Reinforcement Steel,3881.8,MT,Civil,78.2,synthetic,True
HP-167,Structural Steel,1283.2,MT,Civil,25.85,synthetic,True
HP-167,Penstock Steel,7726.0,MT,Hydromechanical,155.64,synthetic,True
HP-167,Aggregate,169527.4,m3,Civil,3415.14,synthetic,True
HP-167,Sand,89749.8,m3,Civil,1808.01,synthetic,True
HP-167,Excavation,1291574.1,m3,Civil,26018.82,synthetic,True
HP-167,Rock Excavation,581208.3,m3,Civil,11708.47,synthetic,True
HP-167,Earth Excavation,710365.8,m3,Civil,14310.35,synthetic,True
HP-167,Grouting Cement,5584.4,MT,Civil,112.5,synthetic,True
HP-167,Shotcrete,23933.3,m3,Civil,482.14,synthetic,True
HP-167,Lining Concrete,49861.0,m3,Civil,1004.45,synthetic,True
HP-167,Gates Steel,194.1,MT,Hydromechanical,3.91,synthetic,True
HP-167,Embedded Steel,192.5,MT,Civil,3.88,synthetic,True
HP-168,Concrete,137984.8,m3,Civil,4152.42,synthetic,True
HP-168,Cement,48294.7,MT,Civil,1453.35,synthetic,True
HP-168,Reinforcement Steel,2659.4,MT,Civil,80.03,synthetic,True
HP-168,Structural Steel,604.2,MT,Civil,18.18,synthetic,True
HP-168,Penstock Steel,1906.2,MT,Hydromechanical,57.36,synthetic,True
HP-168,Aggregate,117287.1,m3,Civil,3529.55,synthetic,True
HP-168,Sand,62093.2,m3,Civil,1868.59,synthetic,True
HP-168,Excavation,774622.5,m3,Civil,23310.94,synthetic,True
HP-168,Rock Excavation,348580.1,m3,Civil,10489.92,synthetic,True
HP-168,Earth Excavation,426042.4,m3,Civil,12821.02,synthetic,True
HP-168,Grouting Cement,3863.6,MT,Civil,116.27,synthetic,True
HP-168,Shotcrete,16558.2,m3,Civil,498.29,synthetic,True
HP-168,Lining Concrete,34496.2,m3,Civil,1038.1,synthetic,True
HP-168,Gates Steel,133.0,MT,Hydromechanical,4.0,synthetic,True
HP-168,Embedded Steel,90.6,MT,Civil,2.73,synthetic,True
HP-169,Concrete,248035.8,m3,Civil,3384.31,synthetic,True
HP-169,Cement,86812.5,MT,Civil,1184.51,synthetic,True
HP-169,Reinforcement Steel,5961.4,MT,Civil,81.34,synthetic,True
HP-169,Structural Steel,1405.3,MT,Civil,19.17,synthetic,True
HP-169,Penstock Steel,2266.6,MT,Hydromechanical,30.93,synthetic,True
HP-169,Aggregate,210830.4,m3,Civil,2876.66,synthetic,True
HP-169,Sand,111616.1,m3,Civil,1522.94,synthetic,True
HP-169,Excavation,2145012.5,m3,Civil,29267.46,synthetic,True
HP-169,Rock Excavation,965255.6,m3,Civil,13170.36,synthetic,True
HP-169,Earth Excavation,1179756.9,m3,Civil,16097.11,synthetic,True
HP-169,Grouting Cement,6945.0,MT,Civil,94.76,synthetic,True
HP-169,Shotcrete,29764.3,m3,Civil,406.12,synthetic,True
HP-169,Lining Concrete,62008.9,m3,Civil,846.08,synthetic,True
HP-169,Gates Steel,298.1,MT,Hydromechanical,4.07,synthetic,True
HP-169,Embedded Steel,210.8,MT,Civil,2.88,synthetic,True
HP-170,Concrete,301471.8,m3,Civil,8715.58,synthetic,True
HP-170,Cement,105515.1,MT,Civil,3050.45,synthetic,True
HP-170,Reinforcement Steel,2794.9,MT,Civil,80.8,synthetic,True
HP-170,Structural Steel,722.6,MT,Civil,20.89,synthetic,True
HP-170,Penstock Steel,5547.1,MT,Hydromechanical,160.37,synthetic,True
HP-170,Aggregate,256251.0,m3,Civil,7408.24,synthetic,True
HP-170,Sand,135662.3,m3,Civil,3922.01,synthetic,True
HP-170,Excavation,827863.1,m3,Civil,23933.6,synthetic,True
HP-170,Rock Excavation,372538.4,m3,Civil,10770.12,synthetic,True
HP-170,Earth Excavation,455324.7,m3,Civil,13163.48,synthetic,True
HP-170,Grouting Cement,8441.2,MT,Civil,244.04,synthetic,True
HP-170,Shotcrete,36176.6,m3,Civil,1045.87,synthetic,True
HP-170,Lining Concrete,75367.9,m3,Civil,2178.89,synthetic,True
HP-170,Gates Steel,139.7,MT,Hydromechanical,4.04,synthetic,True
HP-170,Embedded Steel,108.4,MT,Civil,3.13,synthetic,True
HP-171,Concrete,310755.8,m3,Civil,4258.68,synthetic,True
HP-171,Cement,108764.5,MT,Civil,1490.54,synthetic,True
HP-171,Reinforcement Steel,6097.4,MT,Civil,83.56,synthetic,True
HP-171,Structural Steel,1933.3,MT,Civil,26.49,synthetic,True
HP-171,Penstock Steel,3183.3,MT,Hydromechanical,43.62,synthetic,True
HP-171,Aggregate,264142.4,m3,Civil,3619.88,synthetic,True
HP-171,Sand,139840.1,m3,Civil,1916.41,synthetic,True
HP-171,Excavation,2192426.0,m3,Civil,30045.58,synthetic,True
HP-171,Rock Excavation,986591.7,m3,Civil,13520.51,synthetic,True
HP-171,Earth Excavation,1205834.3,m3,Civil,16525.07,synthetic,True
HP-171,Grouting Cement,8701.2,MT,Civil,119.24,synthetic,True
HP-171,Shotcrete,37290.7,m3,Civil,511.04,synthetic,True
HP-171,Lining Concrete,77688.9,m3,Civil,1064.67,synthetic,True
HP-171,Gates Steel,304.9,MT,Hydromechanical,4.18,synthetic,True
HP-171,Embedded Steel,290.0,MT,Civil,3.97,synthetic,True
HP-172,Concrete,284679.9,m3,Civil,4788.56,synthetic,True
HP-172,Cement,99638.0,MT,Civil,1676.0,synthetic,True
HP-172,Reinforcement Steel,4579.2,MT,Civil,77.03,synthetic,True
HP-172,Structural Steel,1560.5,MT,Civil,26.25,synthetic,True
HP-172,Penstock Steel,5272.3,MT,Hydromechanical,88.68,synthetic,True
HP-172,Aggregate,241977.9,m3,Civil,4070.28,synthetic,True
HP-172,Sand,128106.0,m3,Civil,2154.85,synthetic,True
HP-172,Excavation,1587056.6,m3,Civil,26695.65,synthetic,True
HP-172,Rock Excavation,714175.5,m3,Civil,12013.04,synthetic,True
HP-172,Earth Excavation,872881.1,m3,Civil,14682.61,synthetic,True
HP-172,Grouting Cement,7971.0,MT,Civil,134.08,synthetic,True
HP-172,Shotcrete,34161.6,m3,Civil,574.63,synthetic,True
HP-172,Lining Concrete,71170.0,m3,Civil,1197.14,synthetic,True
HP-172,Gates Steel,229.0,MT,Hydromechanical,3.85,synthetic,True
HP-172,Embedded Steel,234.1,MT,Civil,3.94,synthetic,True
HP-173,Concrete,298582.7,m3,Civil,9128.18,synthetic,True
HP-173,Cement,104503.9,MT,Civil,3194.86,synthetic,True
HP-173,Reinforcement Steel,2658.5,MT,Civil,81.27,synthetic,True
HP-173,Structural Steel,802.6,MT,Civil,24.54,synthetic,True
HP-173,Penstock Steel,1816.0,MT,Hydromechanical,55.52,synthetic,True
HP-173,Aggregate,253795.3,m3,Civil,7758.95,synthetic,True
HP-173,Sand,134362.2,m3,Civil,4107.68,synthetic,True
HP-173,Excavation,769064.9,m3,Civil,23511.61,synthetic,True
HP-173,Rock Excavation,346079.2,m3,Civil,10580.23,synthetic,True
HP-173,Earth Excavation,422985.7,m3,Civil,12931.39,synthetic,True
HP-173,Grouting Cement,8360.3,MT,Civil,255.59,synthetic,True
HP-173,Shotcrete,35829.9,m3,Civil,1095.38,synthetic,True
HP-173,Lining Concrete,74645.7,m3,Civil,2282.05,synthetic,True
HP-173,Gates Steel,132.9,MT,Hydromechanical,4.06,synthetic,True
HP-173,Embedded Steel,120.4,MT,Civil,3.68,synthetic,True
HP-174,Concrete,372857.8,m3,Civil,4713.75,synthetic,True
HP-174,Cement,130500.2,MT,Civil,1649.81,synthetic,True
HP-174,Reinforcement Steel,6523.9,MT,Civil,82.48,synthetic,True
HP-174,Structural Steel,2037.0,MT,Civil,25.75,synthetic,True
HP-174,Penstock Steel,6157.5,MT,Hydromechanical,77.84,synthetic,True
HP-174,Aggregate,316929.1,m3,Civil,4006.69,synthetic,True
HP-174,Sand,167786.0,m3,Civil,2121.19,synthetic,True
HP-174,Excavation,2374644.1,m3,Civil,30020.79,synthetic,True
HP-174,Rock Excavation,1068589.8,m3,Civil,13509.35,synthetic,True
HP-174,Earth Excavation,1306054.3,m3,Civil,16511.43,synthetic,True
HP-174,Grouting Cement,10440.0,MT,Civil,131.98,synthetic,True
HP-174,Shotcrete,44742.9,m3,Civil,565.65,synthetic,True
HP-174,Lining Concrete,93214.4,m3,Civil,1178.44,synthetic,True
HP-174,Gates Steel,326.2,MT,Hydromechanical,4.12,synthetic,True
HP-174,Embedded Steel,305.6,MT,Civil,3.86,synthetic,True
HP-175,Concrete,162928.3,m3,Civil,5581.65,synthetic,True
HP-175,Cement,57024.9,MT,Civil,1953.58,synthetic,True
HP-175,Reinforcement Steel,2255.5,MT,Civil,77.27,synthetic,True
HP-175,Structural Steel,503.8,MT,Civil,17.26,synthetic,True
HP-175,Penstock Steel,3034.2,MT,Hydromechanical,103.95,synthetic,True
HP-175,Aggregate,138489.1,m3,Civil,4744.4,synthetic,True
HP-175,Sand,73317.7,m3,Civil,2511.74,synthetic,True
HP-175,Excavation,617843.2,m3,Civil,21166.26,synthetic,True
HP-175,Rock Excavation,278029.4,m3,Civil,9524.82,synthetic,True
HP-175,Earth Excavation,339813.8,m3,Civil,11641.45,synthetic,True
HP-175,Grouting Cement,4562.0,MT,Civil,156.29,synthetic,True
HP-175,Shotcrete,19551.4,m3,Civil,669.8,synthetic,True
HP-175,Lining Concrete,40732.1,m3,Civil,1395.41,synthetic,True
HP-175,Gates Steel,112.8,MT,Hydromechanical,3.86,synthetic,True
HP-175,Embedded Steel,75.6,MT,Civil,2.59,synthetic,True
HP-176,Concrete,185927.3,m3,Civil,6367.37,synthetic,True
HP-176,Cement,65074.6,MT,Civil,2228.58,synthetic,True
HP-176,Reinforcement Steel,2165.9,MT,Civil,74.17,synthetic,True
HP-176,Structural Steel,753.7,MT,Civil,25.81,synthetic,True
HP-176,Penstock Steel,6396.9,MT,Hydromechanical,219.07,synthetic,True
HP-176,Aggregate,158038.2,m3,Civil,5412.27,synthetic,True
HP-176,Sand,83667.3,m3,Civil,2865.32,synthetic,True
HP-176,Excavation,593395.2,m3,Civil,20321.75,synthetic,True
HP-176,Rock Excavation,267027.8,m3,Civil,9144.79,synthetic,True
HP-176,Earth Excavation,326367.4,m3,Civil,11176.97,synthetic,True
HP-176,Grouting Cement,5206.0,MT,Civil,178.29,synthetic,True
HP-176,Shotcrete,22311.3,m3,Civil,764.09,synthetic,True
HP-176,Lining Concrete,46481.8,m3,Civil,1591.84,synthetic,True
HP-176,Gates Steel,108.3,MT,Hydromechanical,3.71,synthetic,True
HP-176,Embedded Steel,113.1,MT,Civil,3.87,synthetic,True
HP-177,Concrete,328076.6,m3,Civil,4756.11,synthetic,True
HP-177,Cement,114826.8,MT,Civil,1664.64,synthetic,True
HP-177,Reinforcement Steel,5615.9,MT,Civil,81.41,synthetic,True
HP-177,Structural Steel,1186.4,MT,Civil,17.2,synthetic,True
HP-177,Penstock Steel,2768.1,MT,Hydromechanical,40.13,synthetic,True
HP-177,Aggregate,278865.1,m3,Civil,4042.69,synthetic,True
HP-177,Sand,147634.5,m3,Civil,2140.25,synthetic,True
HP-177,Excavation,2000723.4,m3,Civil,29004.4,synthetic,True
HP-177,Rock Excavation,1500542.5,m3,Civil,21753.3,synthetic,True
HP-177,Earth Excavation,500180.9,m3,Civil,7251.1,synthetic,True
HP-177,Grouting Cement,9186.1,MT,Civil,133.17,synthetic,True
HP-177,Shotcrete,39369.2,m3,Civil,570.73,synthetic,True
HP-177,Lining Concrete,82019.1,m3,Civil,1189.03,synthetic,True
HP-177,Gates Steel,280.8,MT,Hydromechanical,4.07,synthetic,True
HP-177,Embedded Steel,178.0,MT,Civil,2.58,synthetic,True
HP-178,Concrete,281887.6,m3,Civil,2848.5,synthetic,True
HP-178,Cement,98660.7,MT,Civil,996.98,synthetic,True
HP-178,Reinforcement Steel,7759.5,MT,Civil,78.41,synthetic,True
HP-178,Structural Steel,2215.5,MT,Civil,22.39,synthetic,True
HP-178,Penstock Steel,7764.1,MT,Hydromechanical,78.46,synthetic,True
HP-178,Aggregate,239604.5,m3,Civil,2421.23,synthetic,True
HP-178,Sand,126849.4,m3,Civil,1281.82,synthetic,True
HP-178,Excavation,2906416.5,m3,Civil,29369.61,synthetic,True
HP-178,Rock Excavation,2179812.4,m3,Civil,22027.21,synthetic,True
HP-178,Earth Excavation,726604.1,m3,Civil,7342.4,synthetic,True
HP-178,Grouting Cement,7892.9,MT,Civil,79.76,synthetic,True
HP-178,Shotcrete,33826.5,m3,Civil,341.82,synthetic,True
HP-178,Lining Concrete,70471.9,m3,Civil,712.13,synthetic,True
HP-178,Gates Steel,388.0,MT,Hydromechanical,3.92,synthetic,True
HP-178,Embedded Steel,332.3,MT,Civil,3.36,synthetic,True
HP-179,Concrete,157906.2,m3,Civil,4703.79,synthetic,True
HP-179,Cement,55267.2,MT,Civil,1646.33,synthetic,True
HP-179,Reinforcement Steel,2549.8,MT,Civil,75.95,synthetic,True
HP-179,Structural Steel,530.5,MT,Civil,15.8,synthetic,True
HP-179,Penstock Steel,1450.7,MT,Hydromechanical,43.21,synthetic,True
HP-179,Aggregate,134220.3,m3,Civil,3998.22,synthetic,True
HP-179,Sand,71057.8,m3,Civil,2116.71,synthetic,True
HP-179,Excavation,745953.2,m3,Civil,22220.83,synthetic,True
HP-179,Rock Excavation,335678.9,m3,Civil,9999.37,synthetic,True
HP-179,Earth Excavation,410274.3,m3,Civil,12221.46,synthetic,True
HP-179,Grouting Cement,4421.4,MT,Civil,131.71,synthetic,True
HP-179,Shotcrete,18948.7,m3,Civil,564.45,synthetic,True
HP-179,Lining Concrete,39476.6,m3,Civil,1175.95,synthetic,True
HP-179,Gates Steel,127.5,MT,Hydromechanical,3.8,synthetic,True
HP-179,Embedded Steel,79.6,MT,Civil,2.37,synthetic,True
HP-180,Concrete,423050.6,m3,Civil,5655.76,synthetic,True
HP-180,Cement,148067.7,MT,Civil,1979.51,synthetic,True
HP-180,Reinforcement Steel,6284.4,MT,Civil,84.02,synthetic,True
HP-180,Structural Steel,1272.1,MT,Civil,17.01,synthetic,True
HP-180,Penstock Steel,8307.8,MT,Hydromechanical,111.07,synthetic,True
HP-180,Aggregate,359593.0,m3,Civil,4807.39,synthetic,True
HP-180,Sand,190372.8,m3,Civil,2545.09,synthetic,True
HP-180,Excavation,2268442.1,m3,Civil,30326.77,synthetic,True
HP-180,Rock Excavation,1020798.9,m3,Civil,13647.04,synthetic,True
HP-180,Earth Excavation,1247643.2,m3,Civil,16679.72,synthetic,True
HP-180,Grouting Cement,11845.4,MT,Civil,158.36,synthetic,True
HP-180,Shotcrete,50766.1,m3,Civil,678.69,synthetic,True
HP-180,Lining Concrete,105762.6,m3,Civil,1413.94,synthetic,True
HP-180,Gates Steel,314.2,MT,Hydromechanical,4.2,synthetic,True
HP-180,Embedded Steel,190.8,MT,Civil,2.55,synthetic,True
HP-181,Concrete,336574.1,m3,Civil,7278.85,synthetic,True
HP-181,Cement,117800.9,MT,Civil,2547.6,synthetic,True
HP-181,Reinforcement Steel,3407.8,MT,Civil,73.7,synthetic,True
HP-181,Structural Steel,873.1,MT,Civil,18.88,synthetic,True
HP-181,Penstock Steel,9980.0,MT,Hydromechanical,215.83,synthetic,True
HP-181,Aggregate,286088.0,m3,Civil,6187.02,synthetic,True
HP-181,Sand,151458.3,m3,Civil,3275.48,synthetic,True
HP-181,Excavation,1112829.9,m3,Civil,24066.39,synthetic,True
HP-181,Rock Excavation,500773.5,m3,Civil,10829.88,synthetic,True
HP-181,Earth Excavation,612056.4,m3,Civil,13236.51,synthetic,True
HP-181,Grouting Cement,9424.1,MT,Civil,203.81,synthetic,True
HP-181,Shotcrete,40388.9,m3,Civil,873.46,synthetic,True
HP-181,Lining Concrete,84143.5,m3,Civil,1819.71,synthetic,True
HP-181,Gates Steel,170.4,MT,Hydromechanical,3.69,synthetic,True
HP-181,Embedded Steel,131.0,MT,Civil,2.83,synthetic,True
HP-182,Concrete,405470.2,m3,Civil,4137.03,synthetic,True
HP-182,Cement,141914.6,MT,Civil,1447.96,synthetic,True
HP-182,Reinforcement Steel,8101.2,MT,Civil,82.66,synthetic,True
HP-182,Structural Steel,2738.9,MT,Civil,27.95,synthetic,True
HP-182,Penstock Steel,4696.5,MT,Hydromechanical,47.92,synthetic,True
HP-182,Aggregate,344649.7,m3,Civil,3516.47,synthetic,True
HP-182,Sand,182461.6,m3,Civil,1861.66,synthetic,True
HP-182,Excavation,3031100.0,m3,Civil,30926.44,synthetic,True
HP-182,Rock Excavation,1363995.0,m3,Civil,13916.9,synthetic,True
HP-182,Earth Excavation,1667105.0,m3,Civil,17009.54,synthetic,True
HP-182,Grouting Cement,11353.2,MT,Civil,115.84,synthetic,True
HP-182,Shotcrete,48656.4,m3,Civil,496.44,synthetic,True
HP-182,Lining Concrete,101367.6,m3,Civil,1034.26,synthetic,True
HP-182,Gates Steel,405.1,MT,Hydromechanical,4.13,synthetic,True
HP-182,Embedded Steel,410.8,MT,Civil,4.19,synthetic,True
HP-183,Concrete,432332.1,m3,Civil,7274.64,synthetic,True
HP-183,Cement,151316.2,MT,Civil,2546.12,synthetic,True
HP-183,Reinforcement Steel,5130.9,MT,Civil,86.34,synthetic,True
HP-183,Structural Steel,1488.0,MT,Civil,25.04,synthetic,True
HP-183,Penstock Steel,2319.4,MT,Hydromechanical,39.03,synthetic,True
HP-183,Aggregate,367482.3,m3,Civil,6183.45,synthetic,True
HP-183,Sand,194549.4,m3,Civil,3273.59,synthetic,True
HP-183,Excavation,1778139.7,m3,Civil,29919.9,synthetic,True
HP-183,Rock Excavation,800162.9,m3,Civil,13463.96,synthetic,True
HP-183,Earth Excavation,977976.8,m3,Civil,16455.94,synthetic,True
HP-183,Grouting Cement,12105.3,MT,Civil,203.69,synthetic,True
HP-183,Shotcrete,51879.9,m3,Civil,872.96,synthetic,True
HP-183,Lining Concrete,108083.0,m3,Civil,1818.66,synthetic,True
HP-183,Gates Steel,256.5,MT,Hydromechanical,4.32,synthetic,True
HP-183,Embedded Steel,223.2,MT,Civil,3.76,synthetic,True
HP-184,Concrete,273448.5,m3,Civil,3700.75,synthetic,True
HP-184,Cement,95707.0,MT,Civil,1295.26,synthetic,True
HP-184,Reinforcement Steel,6279.5,MT,Civil,84.98,synthetic,True
HP-184,Structural Steel,2158.4,MT,Civil,29.21,synthetic,True
HP-184,Penstock Steel,8347.0,MT,Hydromechanical,112.97,synthetic,True
HP-184,Aggregate,232431.2,m3,Civil,3145.64,synthetic,True
HP-184,Sand,123051.8,m3,Civil,1665.34,synthetic,True
HP-184,Excavation,2262370.3,m3,Civil,30618.08,synthetic,True
HP-184,Rock Excavation,1018066.6,m3,Civil,13778.14,synthetic,True
HP-184,Earth Excavation,1244303.7,m3,Civil,16839.95,synthetic,True
HP-184,Grouting Cement,7656.6,MT,Civil,103.62,synthetic,True
HP-184,Shotcrete,32813.8,m3,Civil,444.09,synthetic,True
HP-184,Lining Concrete,68362.1,m3,Civil,925.19,synthetic,True
HP-184,Gates Steel,314.0,MT,Hydromechanical,4.25,synthetic,True
HP-184,Embedded Steel,323.8,MT,Civil,4.38,synthetic,True
HP-185,Concrete,326519.7,m3,Civil,7958.07,synthetic,True
HP-185,Cement,114281.9,MT,Civil,2785.33,synthetic,True
HP-185,Reinforcement Steel,3431.2,MT,Civil,83.63,synthetic,True
HP-185,Structural Steel,982.6,MT,Civil,23.95,synthetic,True
HP-185,Penstock Steel,7439.8,MT,Hydromechanical,181.33,synthetic,True
HP-185,Aggregate,277541.7,m3,Civil,6764.36,synthetic,True
HP-185,Sand,146933.9,m3,Civil,3581.13,synthetic,True
HP-185,Excavation,1081218.5,m3,Civil,26351.9,synthetic,True
HP-185,Rock Excavation,810913.9,m3,Civil,19763.93,synthetic,True
HP-185,Earth Excavation,270304.6,m3,Civil,6587.97,synthetic,True
HP-185,Grouting Cement,9142.6,MT,Civil,222.83,synthetic,True
HP-185,Shotcrete,39182.4,m3,Civil,954.97,synthetic,True
HP-185,Lining Concrete,81629.9,m3,Civil,1989.52,synthetic,True
HP-185,Gates Steel,171.6,MT,Hydromechanical,4.18,synthetic,True
HP-185,Embedded Steel,147.4,MT,Civil,3.59,synthetic,True
HP-186,Concrete,129971.5,m3,Civil,2743.17,synthetic,True
HP-186,Cement,45490.0,MT,Civil,960.11,synthetic,True
HP-186,Reinforcement Steel,3650.9,MT,Civil,77.06,synthetic,True
HP-186,Structural Steel,823.5,MT,Civil,17.38,synthetic,True
HP-186,Penstock Steel,2615.9,MT,Hydromechanical,55.21,synthetic,True
HP-186,Aggregate,110475.8,m3,Civil,2331.7,synthetic,True
HP-186,Sand,58487.2,m3,Civil,1234.43,synthetic,True
HP-186,Excavation,1200129.7,m3,Civil,25329.88,synthetic,True
HP-186,Rock Excavation,900097.3,m3,Civil,18997.41,synthetic,True
HP-186,Earth Excavation,300032.4,m3,Civil,6332.47,synthetic,True
HP-186,Grouting Cement,3639.2,MT,Civil,76.81,synthetic,True
HP-186,Shotcrete,15596.6,m3,Civil,329.18,synthetic,True
HP-186,Lining Concrete,32492.9,m3,Civil,685.79,synthetic,True
HP-186,Gates Steel,182.5,MT,Hydromechanical,3.85,synthetic,True
HP-186,Embedded Steel,123.5,MT,Civil,2.61,synthetic,True
HP-187,Concrete,252026.8,m3,Civil,3767.78,synthetic,True
HP-187,Cement,88209.4,MT,Civil,1318.72,synthetic,True
HP-187,Reinforcement Steel,4981.9,MT,Civil,74.48,synthetic,True
HP-187,Structural Steel,1312.6,MT,Civil,19.62,synthetic,True
HP-187,Penstock Steel,7012.0,MT,Hydromechanical,104.83,synthetic,True
HP-187,Aggregate,214222.8,m3,Civil,3202.61,synthetic,True
HP-187,Sand,113412.1,m3,Civil,1695.5,synthetic,True
HP-187,Excavation,1765452.7,m3,Civil,26393.37,synthetic,True
HP-187,Rock Excavation,794453.7,m3,Civil,11877.02,synthetic,True
HP-187,Earth Excavation,970999.0,m3,Civil,14516.36,synthetic,True
HP-187,Grouting Cement,7056.8,MT,Civil,105.5,synthetic,True
HP-187,Shotcrete,30243.2,m3,Civil,452.13,synthetic,True
HP-187,Lining Concrete,63006.7,m3,Civil,941.94,synthetic,True
HP-187,Gates Steel,249.1,MT,Hydromechanical,3.72,synthetic,True
HP-187,Embedded Steel,196.9,MT,Civil,2.94,synthetic,True
HP-188,Concrete,156128.2,m3,Civil,3120.69,synthetic,True
HP-188,Cement,54644.9,MT,Civil,1092.24,synthetic,True
HP-188,Reinforcement Steel,4209.9,MT,Civil,84.15,synthetic,True
HP-188,Structural Steel,1278.8,MT,Civil,25.56,synthetic,True
HP-188,Penstock Steel,2511.1,MT,Hydromechanical,50.19,synthetic,True
HP-188,Aggregate,132709.0,m3,Civil,2652.59,synthetic,True
HP-188,Sand,70257.7,m3,Civil,1404.31,synthetic,True
HP-188,Excavation,1403519.8,m3,Civil,28053.56,synthetic,True
HP-188,Rock Excavation,1052639.9,m3,Civil,21040.17,synthetic,True
HP-188,Earth Excavation,350879.9,m3,Civil,7013.39,synthetic,True
HP-188,Grouting Cement,4371.6,MT,Civil,87.38,synthetic,True
HP-188,Shotcrete,18735.4,m3,Civil,374.48,synthetic,True
HP-188,Lining Concrete,39032.1,m3,Civil,780.17,synthetic,True
HP-188,Gates Steel,210.5,MT,Hydromechanical,4.21,synthetic,True
HP-188,Embedded Steel,191.8,MT,Civil,3.83,synthetic,True
HP-189,Concrete,262340.6,m3,Civil,4329.05,synthetic,True
HP-189,Cement,91819.2,MT,Civil,1515.17,synthetic,True
HP-189,Reinforcement Steel,4656.8,MT,Civil,76.84,synthetic,True
HP-189,Structural Steel,1251.8,MT,Civil,20.66,synthetic,True
HP-189,Penstock Steel,2247.3,MT,Hydromechanical,37.08,synthetic,True
HP-189,Aggregate,222989.5,m3,Civil,3679.69,synthetic,True
HP-189,Sand,118053.3,m3,Civil,1948.07,synthetic,True
HP-189,Excavation,1620154.5,m3,Civil,26735.22,synthetic,True
HP-189,Rock Excavation,729069.5,m3,Civil,12030.85,synthetic,True
HP-189,Earth Excavation,891085.0,m3,Civil,14704.37,synthetic,True
HP-189,Grouting Cement,7345.5,MT,Civil,121.21,synthetic,True
HP-189,Shotcrete,31480.9,m3,Civil,519.49,synthetic,True
HP-189,Lining Concrete,65585.1,m3,Civil,1082.26,synthetic,True
HP-189,Gates Steel,232.8,MT,Hydromechanical,3.84,synthetic,True
HP-189,Embedded Steel,187.8,MT,Civil,3.1,synthetic,True
HP-190,Concrete,285112.8,m3,Civil,3527.31,synthetic,True
HP-190,Cement,99789.5,MT,Civil,1234.56,synthetic,True
HP-190,Reinforcement Steel,6101.3,MT,Civil,75.48,synthetic,True
HP-190,Structural Steel,1843.4,MT,Civil,22.81,synthetic,True
HP-190,Penstock Steel,5969.3,MT,Hydromechanical,73.85,synthetic,True
HP-190,Aggregate,242345.9,m3,Civil,2998.22,synthetic,True
HP-190,Sand,128300.8,m3,Civil,1587.29,synthetic,True
HP-190,Excavation,2227700.2,m3,Civil,27560.31,synthetic,True
HP-190,Rock Excavation,1670775.2,m3,Civil,20670.24,synthetic,True
HP-190,Earth Excavation,556925.0,m3,Civil,6890.08,synthetic,True
HP-190,Grouting Cement,7983.2,MT,Civil,98.77,synthetic,True
HP-190,Shotcrete,34213.5,m3,Civil,423.28,synthetic,True
HP-190,Lining Concrete,71278.2,m3,Civil,881.83,synthetic,True
HP-190,Gates Steel,305.1,MT,Hydromechanical,3.77,synthetic,True
HP-190,Embedded Steel,276.5,MT,Civil,3.42,synthetic,True
HP-191,Concrete,294623.0,m3,Civil,8252.75,synthetic,True
HP-191,Cement,103118.0,MT,Civil,2888.46,synthetic,True
HP-191,Reinforcement Steel,2799.3,MT,Civil,78.41,synthetic,True
HP-191,Structural Steel,927.7,MT,Civil,25.99,synthetic,True
HP-191,Penstock Steel,5001.8,MT,Hydromechanical,140.11,synthetic,True
HP-191,Aggregate,250429.5,m3,Civil,7014.83,synthetic,True
HP-191,Sand,132580.4,m3,Civil,3713.74,synthetic,True
HP-191,Excavation,839665.7,m3,Civil,23520.05,synthetic,True
HP-191,Rock Excavation,377849.6,m3,Civil,10584.02,synthetic,True
HP-191,Earth Excavation,461816.1,m3,Civil,12936.03,synthetic,True
HP-191,Grouting Cement,8249.4,MT,Civil,231.08,synthetic,True
HP-191,Shotcrete,35354.8,m3,Civil,990.33,synthetic,True
HP-191,Lining Concrete,73655.8,m3,Civil,2063.19,synthetic,True
HP-191,Gates Steel,140.0,MT,Hydromechanical,3.92,synthetic,True
HP-191,Embedded Steel,139.2,MT,Civil,3.9,synthetic,True
HP-192,Concrete,457783.5,m3,Civil,6396.3,synthetic,True
HP-192,Cement,160224.2,MT,Civil,2238.71,synthetic,True
HP-192,Reinforcement Steel,5886.5,MT,Civil,82.25,synthetic,True
HP-192,Structural Steel,1929.8,MT,Civil,26.96,synthetic,True
HP-192,Penstock Steel,6100.3,MT,Hydromechanical,85.24,synthetic,True
HP-192,Aggregate,389116.0,m3,Civil,5436.86,synthetic,True
HP-192,Sand,206002.6,m3,Civil,2878.34,synthetic,True
HP-192,Excavation,2110022.2,m3,Civil,29481.94,synthetic,True
HP-192,Rock Excavation,1582516.7,m3,Civil,22111.45,synthetic,True
HP-192,Earth Excavation,527505.5,m3,Civil,7370.48,synthetic,True
HP-192,Grouting Cement,12817.9,MT,Civil,179.1,synthetic,True
HP-192,Shotcrete,54934.0,m3,Civil,767.56,synthetic,True
HP-192,Lining Concrete,114445.9,m3,Civil,1599.08,synthetic,True
HP-192,Gates Steel,294.3,MT,Hydromechanical,4.11,synthetic,True
HP-192,Embedded Steel,289.5,MT,Civil,4.04,synthetic,True
HP-193,Concrete,416700.4,m3,Civil,4728.25,synthetic,True
HP-193,Cement,145845.1,MT,Civil,1654.89,synthetic,True
HP-193,Reinforcement Steel,6524.8,MT,Civil,74.04,synthetic,True
HP-193,Structural Steel,1941.5,MT,Civil,22.03,synthetic,True
HP-193,Penstock Steel,4850.6,MT,Hydromechanical,55.04,synthetic,True
HP-193,Aggregate,354195.3,m3,Civil,4019.01,synthetic,True
HP-193,Sand,187515.2,m3,Civil,2127.71,synthetic,True
HP-193,Excavation,2410189.1,m3,Civil,27348.11,synthetic,True
HP-193,Rock Excavation,1807641.8,m3,Civil,20511.08,synthetic,True
HP-193,Earth Excavation,602547.3,m3,Civil,6837.03,synthetic,True
HP-193,Grouting Cement,11667.6,MT,Civil,132.39,synthetic,True
HP-193,Shotcrete,50004.0,m3,Civil,567.39,synthetic,True
HP-193,Lining Concrete,104175.1,m3,Civil,1182.06,synthetic,True
HP-193,Gates Steel,326.2,MT,Hydromechanical,3.7,synthetic,True
HP-193,Embedded Steel,291.2,MT,Civil,3.3,synthetic,True
HP-194,Concrete,236899.4,m3,Civil,3984.18,synthetic,True
HP-194,Cement,82914.8,MT,Civil,1394.46,synthetic,True
HP-194,Reinforcement Steel,5074.4,MT,Civil,85.34,synthetic,True
HP-194,Structural Steel,1620.5,MT,Civil,27.25,synthetic,True
HP-194,Penstock Steel,5405.2,MT,Hydromechanical,90.9,synthetic,True
HP-194,Aggregate,201364.5,m3,Civil,3386.55,synthetic,True
HP-194,Sand,106604.7,m3,Civil,1792.88,synthetic,True
HP-194,Excavation,1758736.5,m3,Civil,29578.48,synthetic,True
HP-194,Rock Excavation,1319052.4,m3,Civil,22183.86,synthetic,True
HP-194,Earth Excavation,439684.1,m3,Civil,7394.62,synthetic,True
HP-194,Grouting Cement,6633.2,MT,Civil,111.56,synthetic,True
HP-194,Shotcrete,28427.9,m3,Civil,478.1,synthetic,True
HP-194,Lining Concrete,59224.8,m3,Civil,996.04,synthetic,True
HP-194,Gates Steel,253.7,MT,Hydromechanical,4.27,synthetic,True
HP-194,Embedded Steel,243.1,MT,Civil,4.09,synthetic,True
HP-195,Concrete,361795.1,m3,Civil,5851.45,synthetic,True
HP-195,Cement,126628.3,MT,Civil,2048.01,synthetic,True
HP-195,Reinforcement Steel,4659.8,MT,Civil,75.36,synthetic,True
HP-195,Structural Steel,978.9,MT,Civil,15.83,synthetic,True
HP-195,Penstock Steel,6806.8,MT,Hydromechanical,110.09,synthetic,True
HP-195,Aggregate,307525.8,m3,Civil,4973.73,synthetic,True
HP-195,Sand,162807.8,m3,Civil,2633.15,synthetic,True
HP-195,Excavation,1627565.3,m3,Civil,26323.23,synthetic,True
HP-195,Rock Excavation,1220674.0,m3,Civil,19742.42,synthetic,True
HP-195,Earth Excavation,406891.3,m3,Civil,6580.81,synthetic,True
HP-195,Grouting Cement,10130.3,MT,Civil,163.84,synthetic,True
HP-195,Shotcrete,43415.4,m3,Civil,702.17,synthetic,True
HP-195,Lining Concrete,90448.8,m3,Civil,1462.86,synthetic,True
HP-195,Gates Steel,233.0,MT,Hydromechanical,3.77,synthetic,True
HP-195,Embedded Steel,146.8,MT,Civil,2.37,synthetic,True
HP-196,Concrete,324980.0,m3,Civil,7540.14,synthetic,True
HP-196,Cement,113743.0,MT,Civil,2639.05,synthetic,True
HP-196,Reinforcement Steel,3211.2,MT,Civil,74.51,synthetic,True
HP-196,Structural Steel,842.7,MT,Civil,19.55,synthetic,True
HP-196,Penstock Steel,5537.6,MT,Hydromechanical,128.48,synthetic,True
HP-196,Aggregate,276233.0,m3,Civil,6409.12,synthetic,True
HP-196,Sand,146241.0,m3,Civil,3393.06,synthetic,True
HP-196,Excavation,1027558.7,m3,Civil,23841.27,synthetic,True
HP-196,Rock Excavation,462401.4,m3,Civil,10728.57,synthetic,True
HP-196,Earth Excavation,565157.3,m3,Civil,13112.7,synthetic,True
HP-196,Grouting Cement,9099.4,MT,Civil,211.12,synthetic,True
HP-196,Shotcrete,38997.6,m3,Civil,904.82,synthetic,True
HP-196,Lining Concrete,81245.0,m3,Civil,1885.03,synthetic,True
HP-196,Gates Steel,160.6,MT,Hydromechanical,3.73,synthetic,True
HP-196,Embedded Steel,126.4,MT,Civil,2.93,synthetic,True
HP-197,Concrete,172689.5,m3,Civil,2264.19,synthetic,True
HP-197,Cement,60441.3,MT,Civil,792.46,synthetic,True
HP-197,Reinforcement Steel,5737.2,MT,Civil,75.22,synthetic,True
HP-197,Structural Steel,1302.9,MT,Civil,17.08,synthetic,True
HP-197,Penstock Steel,8813.0,MT,Hydromechanical,115.55,synthetic,True
HP-197,Aggregate,146786.1,m3,Civil,1924.56,synthetic,True
HP-197,Sand,77710.3,m3,Civil,1018.88,synthetic,True
HP-197,Excavation,2077066.5,m3,Civil,27233.07,synthetic,True
HP-197,Rock Excavation,934679.9,m3,Civil,12254.88,synthetic,True
HP-197,Earth Excavation,1142386.6,m3,Civil,14978.19,synthetic,True
HP-197,Grouting Cement,4835.3,MT,Civil,63.4,synthetic,True
HP-197,Shotcrete,20722.7,m3,Civil,271.7,synthetic,True
HP-197,Lining Concrete,43172.4,m3,Civil,566.05,synthetic,True
HP-197,Gates Steel,286.9,MT,Hydromechanical,3.76,synthetic,True
HP-197,Embedded Steel,195.4,MT,Civil,2.56,synthetic,True
HP-198,Concrete,196791.1,m3,Civil,4542.73,synthetic,True
HP-198,Cement,68876.9,MT,Civil,1589.96,synthetic,True
HP-198,Reinforcement Steel,3401.2,MT,Civil,78.51,synthetic,True
HP-198,Structural Steel,689.9,MT,Civil,15.93,synthetic,True
HP-198,Penstock Steel,4454.3,MT,Hydromechanical,102.82,synthetic,True
HP-198,Aggregate,167272.4,m3,Civil,3861.32,synthetic,True
HP-198,Sand,88556.0,m3,Civil,2044.23,synthetic,True
HP-198,Excavation,1090041.4,m3,Civil,25162.54,synthetic,True
HP-198,Rock Excavation,817531.0,m3,Civil,18871.91,synthetic,True
HP-198,Earth Excavation,272510.4,m3,Civil,6290.64,synthetic,True
HP-198,Grouting Cement,5510.2,MT,Civil,127.2,synthetic,True
HP-198,Shotcrete,23614.9,m3,Civil,545.13,synthetic,True
HP-198,Lining Concrete,49197.8,m3,Civil,1135.68,synthetic,True
HP-198,Gates Steel,170.1,MT,Hydromechanical,3.93,synthetic,True
HP-198,Embedded Steel,103.5,MT,Civil,2.39,synthetic,True
HP-199,Concrete,423933.6,m3,Civil,5064.92,synthetic,True
HP-199,Cement,148376.8,MT,Civil,1772.72,synthetic,True
HP-199,Reinforcement Steel,6986.9,MT,Civil,83.48,synthetic,True
HP-199,Structural Steel,1410.3,MT,Civil,16.85,synthetic,True
HP-199,Penstock Steel,4325.1,MT,Hydromechanical,51.67,synthetic,True
HP-199,Aggregate,360343.6,m3,Civil,4305.18,synthetic,True
HP-199,Sand,190770.1,m3,Civil,2279.21,synthetic,True
HP-199,Excavation,2563409.4,m3,Civil,30626.16,synthetic,True
HP-199,Rock Excavation,1153534.2,m3,Civil,13781.77,synthetic,True
HP-199,Earth Excavation,1409875.2,m3,Civil,16844.39,synthetic,True
HP-199,Grouting Cement,11870.1,MT,Civil,141.82,synthetic,True
HP-199,Shotcrete,50872.0,m3,Civil,607.79,synthetic,True
HP-199,Lining Concrete,105983.4,m3,Civil,1266.23,synthetic,True
HP-199,Gates Steel,349.3,MT,Hydromechanical,4.17,synthetic,True
HP-199,Embedded Steel,211.5,MT,Civil,2.53,synthetic,True
HP-200,Concrete,130540.9,m3,Civil,2935.48,synthetic,True
HP-200,Cement,45689.3,MT,Civil,1027.42,synthetic,True
HP-200,Reinforcement Steel,3458.4,MT,Civil,77.77,synthetic,True
HP-200,Structural Steel,884.3,MT,Civil,19.89,synthetic,True
HP-200,Penstock Steel,7366.1,MT,Hydromechanical,165.64,synthetic,True
HP-200,Aggregate,110959.8,m3,Civil,2495.16,synthetic,True
HP-200,Sand,58743.4,m3,Civil,1320.97,synthetic,True
HP-200,Excavation,1116973.1,m3,Civil,25117.45,synthetic,True
HP-200,Rock Excavation,502637.9,m3,Civil,11302.85,synthetic,True
HP-200,Earth Excavation,614335.2,m3,Civil,13814.6,synthetic,True
HP-200,Grouting Cement,3655.1,MT,Civil,82.19,synthetic,True
HP-200,Shotcrete,15664.9,m3,Civil,352.26,synthetic,True
HP-200,Lining Concrete,32635.2,m3,Civil,733.87,synthetic,True
HP-200,Gates Steel,172.9,MT,Hydromechanical,3.89,synthetic,True
HP-200,Embedded Steel,132.6,MT,Civil,2.98,synthetic,True
HP-201,Concrete,9840.6,m3,Civil,1438.68,synthetic,True
HP-201,Cement,3444.2,MT,Civil,503.54,synthetic,True
HP-201,Reinforcement Steel,529.9,MT,Civil,77.47,synthetic,True
HP-201,Structural Steel,125.3,MT,Civil,18.32,synthetic,True
HP-201,Penstock Steel,176.6,MT,Hydromechanical,25.82,synthetic,True
HP-201,Aggregate,8364.5,m3,Civil,1222.88,synthetic,True
HP-201,Sand,4428.3,m3,Civil,647.41,synthetic,True
HP-201,Excavation,98406.3,m3,Civil,14386.89,synthetic,True
HP-201,Rock Excavation,44282.8,m3,Civil,6474.09,synthetic,True
HP-201,Earth Excavation,54123.5,m3,Civil,7912.79,synthetic,True
HP-201,Grouting Cement,275.5,MT,Civil,40.28,synthetic,True
HP-201,Shotcrete,1180.9,m3,Civil,172.65,synthetic,True
HP-201,Lining Concrete,2460.2,m3,Civil,359.68,synthetic,True
HP-201,Gates Steel,26.5,MT,Hydromechanical,3.87,synthetic,True
HP-201,Embedded Steel,18.8,MT,Civil,2.75,synthetic,True
HP-202,Concrete,19204.3,m3,Civil,1247.84,synthetic,True
HP-202,Cement,6721.5,MT,Civil,436.74,synthetic,True
HP-202,Reinforcement Steel,980.7,MT,Civil,63.72,synthetic,True
HP-202,Structural Steel,258.3,MT,Civil,16.78,synthetic,True
HP-202,Penstock Steel,326.9,MT,Hydromechanical,21.24,synthetic,True
HP-202,Aggregate,16323.7,m3,Civil,1060.67,synthetic,True
HP-202,Sand,8641.9,m3,Civil,561.53,synthetic,True
HP-202,Excavation,192042.9,m3,Civil,12478.42,synthetic,True
HP-202,Rock Excavation,86419.3,m3,Civil,5615.29,synthetic,True
HP-202,Earth Excavation,105623.6,m3,Civil,6863.13,synthetic,True
HP-202,Grouting Cement,537.7,MT,Civil,34.94,synthetic,True
HP-202,Shotcrete,2304.5,m3,Civil,149.74,synthetic,True
HP-202,Lining Concrete,4801.1,m3,Civil,311.96,synthetic,True
HP-202,Gates Steel,49.0,MT,Hydromechanical,3.18,synthetic,True
HP-202,Embedded Steel,38.7,MT,Civil,2.51,synthetic,True
HP-203,Concrete,22755.1,m3,Civil,1225.37,synthetic,True
HP-203,Cement,7964.3,MT,Civil,428.88,synthetic,True
HP-203,Reinforcement Steel,1151.6,MT,Civil,62.01,synthetic,True
HP-203,Structural Steel,278.4,MT,Civil,14.99,synthetic,True
HP-203,Penstock Steel,383.9,MT,Hydromechanical,20.67,synthetic,True
HP-203,Aggregate,19341.8,m3,Civil,1041.56,synthetic,True
HP-203,Sand,10239.8,m3,Civil,551.42,synthetic,True
HP-203,Excavation,227551.3,m3,Civil,12253.7,synthetic,True
HP-203,Rock Excavation,102398.1,m3,Civil,5514.17,synthetic,True
HP-203,Earth Excavation,125153.2,m3,Civil,6739.54,synthetic,True
HP-203,Grouting Cement,637.1,MT,Civil,34.31,synthetic,True
HP-203,Shotcrete,2730.6,m3,Civil,147.04,synthetic,True
HP-203,Lining Concrete,5688.8,m3,Civil,306.34,synthetic,True
HP-203,Gates Steel,57.6,MT,Hydromechanical,3.1,synthetic,True
HP-203,Embedded Steel,41.8,MT,Civil,2.25,synthetic,True
HP-204,Concrete,26483.4,m3,Civil,1168.21,synthetic,True
HP-204,Cement,9269.2,MT,Civil,408.88,synthetic,True
HP-204,Reinforcement Steel,1329.1,MT,Civil,58.63,synthetic,True
HP-204,Structural Steel,391.5,MT,Civil,17.27,synthetic,True
HP-204,Penstock Steel,443.0,MT,Hydromechanical,19.54,synthetic,True
HP-204,Aggregate,22510.9,m3,Civil,992.98,synthetic,True
HP-204,Sand,11917.5,m3,Civil,525.69,synthetic,True
HP-204,Excavation,264834.3,m3,Civil,11682.15,synthetic,True
HP-204,Rock Excavation,119175.4,m3,Civil,5256.97,synthetic,True
HP-204,Earth Excavation,145658.9,m3,Civil,6425.18,synthetic,True
HP-204,Grouting Cement,741.5,MT,Civil,32.71,synthetic,True
HP-204,Shotcrete,3178.0,m3,Civil,140.19,synthetic,True
HP-204,Lining Concrete,6620.9,m3,Civil,292.06,synthetic,True
HP-204,Gates Steel,66.5,MT,Hydromechanical,2.93,synthetic,True
HP-204,Embedded Steel,58.7,MT,Civil,2.59,synthetic,True
HP-205,Concrete,9854.1,m3,Civil,1520.69,synthetic,True
HP-205,Cement,3448.9,MT,Civil,532.24,synthetic,True
HP-205,Reinforcement Steel,532.9,MT,Civil,82.24,synthetic,True
HP-205,Structural Steel,156.9,MT,Civil,24.21,synthetic,True
HP-205,Penstock Steel,177.6,MT,Hydromechanical,27.41,synthetic,True
HP-205,Aggregate,8376.0,m3,Civil,1292.59,synthetic,True
HP-205,Sand,4434.3,m3,Civil,684.31,synthetic,True
HP-205,Excavation,98541.2,m3,Civil,15206.98,synthetic,True
HP-205,Rock Excavation,44343.5,m3,Civil,6843.13,synthetic,True
HP-205,Earth Excavation,54197.7,m3,Civil,8363.84,synthetic,True
HP-205,Grouting Cement,275.9,MT,Civil,42.58,synthetic,True
HP-205,Shotcrete,1182.5,m3,Civil,182.48,synthetic,True
HP-205,Lining Concrete,2463.5,m3,Civil,380.17,synthetic,True
HP-205,Gates Steel,26.6,MT,Hydromechanical,4.1,synthetic,True
HP-205,Embedded Steel,23.5,MT,Civil,3.63,synthetic,True
HP-206,Concrete,23701.5,m3,Civil,1336.05,synthetic,True
HP-206,Cement,8295.5,MT,Civil,467.62,synthetic,True
HP-206,Reinforcement Steel,1202.0,MT,Civil,67.76,synthetic,True
HP-206,Structural Steel,244.2,MT,Civil,13.77,synthetic,True
HP-206,Penstock Steel,400.7,MT,Hydromechanical,22.59,synthetic,True
HP-206,Aggregate,20146.3,m3,Civil,1135.64,synthetic,True
HP-206,Sand,10665.7,m3,Civil,601.22,synthetic,True
HP-206,Excavation,237015.1,m3,Civil,13360.49,synthetic,True
HP-206,Rock Excavation,177761.3,m3,Civil,10020.37,synthetic,True
HP-206,Earth Excavation,59253.8,m3,Civil,3340.12,synthetic,True
HP-206,Grouting Cement,663.6,MT,Civil,37.41,synthetic,True
HP-206,Shotcrete,2844.2,m3,Civil,160.33,synthetic,True
HP-206,Lining Concrete,5925.4,m3,Civil,334.01,synthetic,True
HP-206,Gates Steel,60.1,MT,Hydromechanical,3.39,synthetic,True
HP-206,Embedded Steel,36.6,MT,Civil,2.06,synthetic,True
HP-207,Concrete,27540.7,m3,Civil,1289.36,synthetic,True
HP-207,Cement,9639.2,MT,Civil,451.27,synthetic,True
HP-207,Reinforcement Steel,1385.4,MT,Civil,64.86,synthetic,True
HP-207,Structural Steel,440.2,MT,Civil,20.61,synthetic,True
HP-207,Penstock Steel,461.8,MT,Hydromechanical,21.62,synthetic,True
HP-207,Aggregate,23409.6,m3,Civil,1095.96,synthetic,True
HP-207,Sand,12393.3,m3,Civil,580.21,synthetic,True
HP-207,Excavation,275406.8,m3,Civil,12893.58,synthetic,True
HP-207,Rock Excavation,123933.1,m3,Civil,5802.11,synthetic,True
HP-207,Earth Excavation,151473.7,m3,Civil,7091.47,synthetic,True
HP-207,Grouting Cement,771.1,MT,Civil,36.1,synthetic,True
HP-207,Shotcrete,3304.9,m3,Civil,154.72,synthetic,True
HP-207,Lining Concrete,6885.2,m3,Civil,322.34,synthetic,True
HP-207,Gates Steel,69.3,MT,Hydromechanical,3.24,synthetic,True
HP-207,Embedded Steel,66.0,MT,Civil,3.09,synthetic,True
HP-208,Concrete,10743.2,m3,Civil,1506.76,synthetic,True
HP-208,Cement,3760.1,MT,Civil,527.36,synthetic,True
HP-208,Reinforcement Steel,576.6,MT,Civil,80.87,synthetic,True
HP-208,Structural Steel,190.7,MT,Civil,26.75,synthetic,True
HP-208,Penstock Steel,192.2,MT,Hydromechanical,26.96,synthetic,True
HP-208,Aggregate,9131.7,m3,Civil,1280.74,synthetic,True
HP-208,Sand,4834.4,m3,Civil,678.04,synthetic,True
HP-208,Excavation,107431.6,m3,Civil,15067.55,synthetic,True
HP-208,Rock Excavation,80573.7,m3,Civil,11300.66,synthetic,True
HP-208,Earth Excavation,26857.9,m3,Civil,3766.89,synthetic,True
HP-208,Grouting Cement,300.8,MT,Civil,42.19,synthetic,True
HP-208,Shotcrete,1289.2,m3,Civil,180.81,synthetic,True
HP-208,Lining Concrete,2685.8,m3,Civil,376.69,synthetic,True
HP-208,Gates Steel,28.8,MT,Hydromechanical,4.04,synthetic,True
HP-208,Embedded Steel,28.6,MT,Civil,4.01,synthetic,True
HP-209,Concrete,10700.0,m3,Civil,1641.1,synthetic,True
HP-209,Cement,3745.0,MT,Civil,574.39,synthetic,True
HP-209,Reinforcement Steel,578.4,MT,Civil,88.71,synthetic,True
HP-209,Structural Steel,196.2,MT,Civil,30.09,synthetic,True
HP-209,Penstock Steel,192.8,MT,Hydromechanical,29.57,synthetic,True
HP-209,Aggregate,9095.0,m3,Civil,1394.94,synthetic,True
HP-209,Sand,4815.0,m3,Civil,738.5,synthetic,True
HP-209,Excavation,107000.4,m3,Civil,16411.1,synthetic,True
HP-209,Rock Excavation,48150.2,m3,Civil,7385.0,synthetic,True
HP-209,Earth Excavation,58850.2,m3,Civil,9026.1,synthetic,True
HP-209,Grouting Cement,299.6,MT,Civil,45.95,synthetic,True
HP-209,Shotcrete,1284.0,m3,Civil,196.93,synthetic,True
HP-209,Lining Concrete,2675.0,m3,Civil,410.28,synthetic,True
HP-209,Gates Steel,28.9,MT,Hydromechanical,4.43,synthetic,True
HP-209,Embedded Steel,29.4,MT,Civil,4.51,synthetic,True
HP-210,Concrete,11299.9,m3,Civil,1363.08,synthetic,True
HP-210,Cement,3955.0,MT,Civil,477.08,synthetic,True
HP-210,Reinforcement Steel,599.7,MT,Civil,72.34,synthetic,True
HP-210,Structural Steel,203.6,MT,Civil,24.56,synthetic,True
HP-210,Penstock Steel,199.9,MT,Hydromechanical,24.11,synthetic,True
HP-210,Aggregate,9604.9,m3,Civil,1158.61,synthetic,True
HP-210,Sand,5085.0,m3,Civil,613.39,synthetic,True
HP-210,Excavation,112999.3,m3,Civil,13630.8,synthetic,True
HP-210,Rock Excavation,50849.7,m3,Civil,6133.86,synthetic,True
HP-210,Earth Excavation,62149.6,m3,Civil,7496.94,synthetic,True
HP-210,Grouting Cement,316.4,MT,Civil,38.17,synthetic,True
HP-210,Shotcrete,1356.0,m3,Civil,163.57,synthetic,True
HP-210,Lining Concrete,2825.0,m3,Civil,340.77,synthetic,True
HP-210,Gates Steel,30.0,MT,Hydromechanical,3.62,synthetic,True
HP-210,Embedded Steel,30.5,MT,Civil,3.68,synthetic,True
HP-211,Concrete,26325.5,m3,Civil,1236.52,synthetic,True
HP-211,Cement,9213.9,MT,Civil,432.78,synthetic,True
HP-211,Reinforcement Steel,1324.5,MT,Civil,62.21,synthetic,True
HP-211,Structural Steel,330.2,MT,Civil,15.51,synthetic,True
HP-211,Penstock Steel,441.5,MT,Hydromechanical,20.74,synthetic,True
HP-211,Aggregate,22376.7,m3,Civil,1051.04,synthetic,True
HP-211,Sand,11846.5,m3,Civil,556.43,synthetic,True
HP-211,Excavation,263254.9,m3,Civil,12365.19,synthetic,True
HP-211,Rock Excavation,118464.7,m3,Civil,5564.34,synthetic,True
HP-211,Earth Excavation,144790.2,m3,Civil,6800.85,synthetic,True
HP-211,Grouting Cement,737.1,MT,Civil,34.62,synthetic,True
HP-211,Shotcrete,3159.1,m3,Civil,148.38,synthetic,True
HP-211,Lining Concrete,6581.4,m3,Civil,309.13,synthetic,True
HP-211,Gates Steel,66.2,MT,Hydromechanical,3.11,synthetic,True
HP-211,Embedded Steel,49.5,MT,Civil,2.33,synthetic,True
HP-212,Concrete,21823.7,m3,Civil,1138.43,synthetic,True
HP-212,Cement,7638.3,MT,Civil,398.45,synthetic,True
HP-212,Reinforcement Steel,1102.9,MT,Civil,57.53,synthetic,True
HP-212,Structural Steel,330.5,MT,Civil,17.24,synthetic,True
HP-212,Penstock Steel,367.6,MT,Hydromechanical,19.18,synthetic,True
HP-212,Aggregate,18550.1,m3,Civil,967.66,synthetic,True
HP-212,Sand,9820.7,m3,Civil,512.3,synthetic,True
HP-212,Excavation,218236.5,m3,Civil,11384.27,synthetic,True
HP-212,Rock Excavation,98206.4,m3,Civil,5122.92,synthetic,True
HP-212,Earth Excavation,120030.1,m3,Civil,6261.35,synthetic,True
HP-212,Grouting Cement,611.1,MT,Civil,31.88,synthetic,True
HP-212,Shotcrete,2618.8,m3,Civil,136.61,synthetic,True
HP-212,Lining Concrete,5455.9,m3,Civil,284.61,synthetic,True
HP-212,Gates Steel,55.1,MT,Hydromechanical,2.87,synthetic,True
HP-212,Embedded Steel,49.6,MT,Civil,2.59,synthetic,True
HP-213,Concrete,27200.1,m3,Civil,1286.06,synthetic,True
HP-213,Cement,9520.0,MT,Civil,450.12,synthetic,True
HP-213,Reinforcement Steel,1368.8,MT,Civil,64.72,synthetic,True
HP-213,Structural Steel,329.8,MT,Civil,15.59,synthetic,True
HP-213,Penstock Steel,456.3,MT,Hydromechanical,21.57,synthetic,True
HP-213,Aggregate,23120.1,m3,Civil,1093.15,synthetic,True
HP-213,Sand,12240.0,m3,Civil,578.72,synthetic,True
HP-213,Excavation,272000.5,m3,Civil,12860.54,synthetic,True
HP-213,Rock Excavation,122400.2,m3,Civil,5787.24,synthetic,True
HP-213,Earth Excavation,149600.3,m3,Civil,7073.3,synthetic,True
HP-213,Grouting Cement,761.6,MT,Civil,36.01,synthetic,True
HP-213,Shotcrete,3264.0,m3,Civil,154.33,synthetic,True
HP-213,Lining Concrete,6800.0,m3,Civil,321.51,synthetic,True
HP-213,Gates Steel,68.4,MT,Hydromechanical,3.23,synthetic,True
HP-213,Embedded Steel,49.5,MT,Civil,2.34,synthetic,True
HP-214,Concrete,13389.8,m3,Civil,1360.75,synthetic,True
HP-214,Cement,4686.4,MT,Civil,476.26,synthetic,True
HP-214,Reinforcement Steel,702.1,MT,Civil,71.35,synthetic,True
HP-214,Structural Steel,205.4,MT,Civil,20.87,synthetic,True
HP-214,Penstock Steel,234.0,MT,Hydromechanical,23.78,synthetic,True
HP-214,Aggregate,11381.3,m3,Civil,1156.64,synthetic,True
HP-214,Sand,6025.4,m3,Civil,612.34,synthetic,True
HP-214,Excavation,133897.9,m3,Civil,13607.51,synthetic,True
HP-214,Rock Excavation,60254.1,m3,Civil,6123.38,synthetic,True
HP-214,Earth Excavation,73643.8,m3,Civil,7484.13,synthetic,True
HP-214,Grouting Cement,374.9,MT,Civil,38.1,synthetic,True
HP-214,Shotcrete,1606.8,m3,Civil,163.29,synthetic,True
HP-214,Lining Concrete,3347.4,m3,Civil,340.18,synthetic,True
HP-214,Gates Steel,35.1,MT,Hydromechanical,3.57,synthetic,True
HP-214,Embedded Steel,30.8,MT,Civil,3.13,synthetic,True
HP-215,Concrete,16613.8,m3,Civil,1210.04,synthetic,True
HP-215,Cement,5814.8,MT,Civil,423.51,synthetic,True
HP-215,Reinforcement Steel,853.6,MT,Civil,62.17,synthetic,True
HP-215,Structural Steel,241.1,MT,Civil,17.56,synthetic,True
HP-215,Penstock Steel,284.5,MT,Hydromechanical,20.72,synthetic,True
HP-215,Aggregate,14121.7,m3,Civil,1028.53,synthetic,True
HP-215,Sand,7476.2,m3,Civil,544.52,synthetic,True
HP-215,Excavation,166137.5,m3,Civil,12100.33,synthetic,True
HP-215,Rock Excavation,74761.9,m3,Civil,5445.15,synthetic,True
HP-215,Earth Excavation,91375.6,m3,Civil,6655.18,synthetic,True
HP-215,Grouting Cement,465.2,MT,Civil,33.88,synthetic,True
HP-215,Shotcrete,1993.7,m3,Civil,145.21,synthetic,True
HP-215,Lining Concrete,4153.4,m3,Civil,302.51,synthetic,True
HP-215,Gates Steel,42.7,MT,Hydromechanical,3.11,synthetic,True
HP-215,Embedded Steel,36.2,MT,Civil,2.64,synthetic,True
HP-216,Concrete,5312.1,m3,Civil,2027.52,synthetic,True
HP-216,Cement,1859.2,MT,Civil,709.62,synthetic,True
HP-216,Reinforcement Steel,311.2,MT,Civil,118.78,synthetic,True
HP-216,Structural Steel,102.5,MT,Civil,39.12,synthetic,True
HP-216,Penstock Steel,103.7,MT,Hydromechanical,39.58,synthetic,True
HP-216,Aggregate,4515.3,m3,Civil,1723.4,synthetic,True
HP-216,Sand,2390.4,m3,Civil,912.37,synthetic,True
HP-216,Excavation,53120.6,m3,Civil,20275.04,synthetic,True
HP-216,Rock Excavation,23904.3,m3,Civil,9123.78,synthetic,True
HP-216,Earth Excavation,29216.3,m3,Civil,11151.26,synthetic,True
HP-216,Grouting Cement,148.7,MT,Civil,56.76,synthetic,True
HP-216,Shotcrete,637.5,m3,Civil,243.32,synthetic,True
HP-216,Lining Concrete,1328.0,m3,Civil,506.87,synthetic,True
HP-216,Gates Steel,15.6,MT,Hydromechanical,5.95,synthetic,True
HP-216,Embedded Steel,15.4,MT,Civil,5.88,synthetic,True
HP-217,Concrete,28797.5,m3,Civil,1187.53,synthetic,True
HP-217,Cement,10079.1,MT,Civil,415.63,synthetic,True
HP-217,Reinforcement Steel,1441.5,MT,Civil,59.44,synthetic,True
HP-217,Structural Steel,384.9,MT,Civil,15.87,synthetic,True
HP-217,Penstock Steel,480.5,MT,Hydromechanical,19.81,synthetic,True
HP-217,Aggregate,24477.9,m3,Civil,1009.4,synthetic,True
HP-217,Sand,12958.9,m3,Civil,534.39,synthetic,True
HP-217,Excavation,287974.9,m3,Civil,11875.25,synthetic,True
HP-217,Rock Excavation,129588.7,m3,Civil,5343.86,synthetic,True
HP-217,Earth Excavation,158386.2,m3,Civil,6531.39,synthetic,True
HP-217,Grouting Cement,806.3,MT,Civil,33.25,synthetic,True
HP-217,Shotcrete,3455.7,m3,Civil,142.5,synthetic,True
HP-217,Lining Concrete,7199.4,m3,Civil,296.88,synthetic,True
HP-217,Gates Steel,72.1,MT,Hydromechanical,2.97,synthetic,True
HP-217,Embedded Steel,57.7,MT,Civil,2.38,synthetic,True
HP-218,Concrete,13527.2,m3,Civil,1426.92,synthetic,True
HP-218,Cement,4734.5,MT,Civil,499.42,synthetic,True
HP-218,Reinforcement Steel,711.1,MT,Civil,75.01,synthetic,True
HP-218,Structural Steel,162.0,MT,Civil,17.09,synthetic,True
HP-218,Penstock Steel,237.0,MT,Hydromechanical,25.0,synthetic,True
HP-218,Aggregate,11498.1,m3,Civil,1212.88,synthetic,True
HP-218,Sand,6087.2,m3,Civil,642.11,synthetic,True
HP-218,Excavation,135272.1,m3,Civil,14269.21,synthetic,True
HP-218,Rock Excavation,60872.4,m3,Civil,6421.14,synthetic,True
HP-218,Earth Excavation,74399.7,m3,Civil,7848.07,synthetic,True
HP-218,Grouting Cement,378.8,MT,Civil,39.96,synthetic,True
HP-218,Shotcrete,1623.3,m3,Civil,171.23,synthetic,True
HP-218,Lining Concrete,3381.8,m3,Civil,356.73,synthetic,True
HP-218,Gates Steel,35.6,MT,Hydromechanical,3.76,synthetic,True
HP-218,Embedded Steel,24.3,MT,Civil,2.56,synthetic,True
HP-219,Concrete,15308.7,m3,Civil,1315.18,synthetic,True
HP-219,Cement,5358.0,MT,Civil,460.31,synthetic,True
HP-219,Reinforcement Steel,794.2,MT,Civil,68.23,synthetic,True
HP-219,Structural Steel,277.5,MT,Civil,23.84,synthetic,True
HP-219,Penstock Steel,264.7,MT,Hydromechanical,22.74,synthetic,True
HP-219,Aggregate,13012.4,m3,Civil,1117.9,synthetic,True
HP-219,Sand,6888.9,m3,Civil,591.83,synthetic,True
HP-219,Excavation,153087.0,m3,Civil,13151.8,synthetic,True
HP-219,Rock Excavation,114815.2,m3,Civil,9863.85,synthetic,True
HP-219,Earth Excavation,38271.8,m3,Civil,3287.96,synthetic,True
HP-219,Grouting Cement,428.6,MT,Civil,36.82,synthetic,True
HP-219,Shotcrete,1837.0,m3,Civil,157.82,synthetic,True
HP-219,Lining Concrete,3827.2,m3,Civil,328.8,synthetic,True
HP-219,Gates Steel,39.7,MT,Hydromechanical,3.41,synthetic,True
HP-219,Embedded Steel,41.6,MT,Civil,3.57,synthetic,True
HP-220,Concrete,25493.7,m3,Civil,1327.8,synthetic,True
HP-220,Cement,8922.8,MT,Civil,464.73,synthetic,True
HP-220,Reinforcement Steel,1288.2,MT,Civil,67.09,synthetic,True
HP-220,Structural Steel,336.9,MT,Civil,17.55,synthetic,True
HP-220,Penstock Steel,429.4,MT,Hydromechanical,22.36,synthetic,True
HP-220,Aggregate,21669.6,m3,Civil,1128.62,synthetic,True
HP-220,Sand,11472.2,m3,Civil,597.51,synthetic,True
HP-220,Excavation,254936.7,m3,Civil,13277.95,synthetic,True
HP-220,Rock Excavation,114721.5,m3,Civil,5975.08,synthetic,True
HP-220,Earth Excavation,140215.2,m3,Civil,7302.88,synthetic,True
HP-220,Grouting Cement,713.8,MT,Civil,37.18,synthetic,True
HP-220,Shotcrete,3059.2,m3,Civil,159.33,synthetic,True
HP-220,Lining Concrete,6373.4,m3,Civil,331.95,synthetic,True
HP-220,Gates Steel,64.4,MT,Hydromechanical,3.35,synthetic,True
HP-220,Embedded Steel,50.5,MT,Civil,2.63,synthetic,True
HP-221,Concrete,14117.2,m3,Civil,1350.93,synthetic,True
HP-221,Cement,4941.0,MT,Civil,472.82,synthetic,True
HP-221,Reinforcement Steel,737.3,MT,Civil,70.56,synthetic,True
HP-221,Structural Steel,190.1,MT,Civil,18.19,synthetic,True
HP-221,Penstock Steel,245.8,MT,Hydromechanical,23.52,synthetic,True
HP-221,Aggregate,11999.6,m3,Civil,1148.29,synthetic,True
HP-221,Sand,6352.7,m3,Civil,607.91,synthetic,True
HP-221,Excavation,141171.7,m3,Civil,13509.25,synthetic,True
HP-221,Rock Excavation,63527.3,m3,Civil,6079.17,synthetic,True
HP-221,Earth Excavation,77644.4,m3,Civil,7430.09,synthetic,True
HP-221,Grouting Cement,395.3,MT,Civil,37.83,synthetic,True
HP-221,Shotcrete,1694.1,m3,Civil,162.11,synthetic,True
HP-221,Lining Concrete,3529.3,m3,Civil,337.73,synthetic,True
HP-221,Gates Steel,36.9,MT,Hydromechanical,3.53,synthetic,True
HP-221,Embedded Steel,28.5,MT,Civil,2.73,synthetic,True
HP-222,Concrete,7653.1,m3,Civil,1751.28,synthetic,True
HP-222,Cement,2678.6,MT,Civil,612.95,synthetic,True
HP-222,Reinforcement Steel,428.0,MT,Civil,97.94,synthetic,True
HP-222,Structural Steel,131.4,MT,Civil,30.07,synthetic,True
HP-222,Penstock Steel,142.7,MT,Hydromechanical,32.65,synthetic,True
HP-222,Aggregate,6505.1,m3,Civil,1488.58,synthetic,True
HP-222,Sand,3443.9,m3,Civil,788.08,synthetic,True
HP-222,Excavation,76531.1,m3,Civil,17512.84,synthetic,True
HP-222,Rock Excavation,34439.0,m3,Civil,7880.78,synthetic,True
HP-222,Earth Excavation,42092.1,m3,Civil,9632.06,synthetic,True
HP-222,Grouting Cement,214.3,MT,Civil,49.04,synthetic,True
HP-222,Shotcrete,918.4,m3,Civil,210.16,synthetic,True
HP-222,Lining Concrete,1913.3,m3,Civil,437.83,synthetic,True
HP-222,Gates Steel,21.4,MT,Hydromechanical,4.9,synthetic,True
HP-222,Embedded Steel,19.7,MT,Civil,4.51,synthetic,True
HP-223,Concrete,15156.1,m3,Civil,1342.44,synthetic,True
HP-223,Cement,5304.6,MT,Civil,469.85,synthetic,True
HP-223,Reinforcement Steel,787.7,MT,Civil,69.77,synthetic,True
HP-223,Structural Steel,184.5,MT,Civil,16.34,synthetic,True
HP-223,Penstock Steel,262.6,MT,Hydromechanical,23.26,synthetic,True
HP-223,Aggregate,12882.7,m3,Civil,1141.07,synthetic,True
HP-223,Sand,6820.2,m3,Civil,604.09,synthetic,True
HP-223,Excavation,151560.9,m3,Civil,13424.35,synthetic,True
HP-223,Rock Excavation,68202.4,m3,Civil,6040.96,synthetic,True
HP-223,Earth Excavation,83358.5,m3,Civil,7383.39,synthetic,True
HP-223,Grouting Cement,424.4,MT,Civil,37.59,synthetic,True
HP-223,Shotcrete,1818.7,m3,Civil,161.09,synthetic,True
HP-223,Lining Concrete,3789.0,m3,Civil,335.61,synthetic,True
HP-223,Gates Steel,39.4,MT,Hydromechanical,3.49,synthetic,True
HP-223,Embedded Steel,27.7,MT,Civil,2.45,synthetic,True
HP-224,Concrete,8953.4,m3,Civil,1477.46,synthetic,True
HP-224,Cement,3133.7,MT,Civil,517.11,synthetic,True
HP-224,Reinforcement Steel,486.8,MT,Civil,80.33,synthetic,True
HP-224,Structural Steel,156.2,MT,Civil,25.78,synthetic,True
HP-224,Penstock Steel,162.3,MT,Hydromechanical,26.78,synthetic,True
HP-224,Aggregate,7610.4,m3,Civil,1255.84,synthetic,True
HP-224,Sand,4029.0,m3,Civil,664.85,synthetic,True
HP-224,Excavation,89533.8,m3,Civil,14774.55,synthetic,True
HP-224,Rock Excavation,67150.4,m3,Civil,11080.92,synthetic,True
HP-224,Earth Excavation,22383.4,m3,Civil,3693.63,synthetic,True
HP-224,Grouting Cement,250.7,MT,Civil,41.37,synthetic,True
HP-224,Shotcrete,1074.4,m3,Civil,177.29,synthetic,True
HP-224,Lining Concrete,2238.3,m3,Civil,369.36,synthetic,True
HP-224,Gates Steel,24.3,MT,Hydromechanical,4.01,synthetic,True
HP-224,Embedded Steel,23.4,MT,Civil,3.86,synthetic,True
HP-225,Concrete,29229.6,m3,Civil,1301.41,synthetic,True
HP-225,Cement,10230.4,MT,Civil,455.49,synthetic,True
HP-225,Reinforcement Steel,1467.4,MT,Civil,65.33,synthetic,True
HP-225,Structural Steel,509.4,MT,Civil,22.68,synthetic,True
HP-225,Penstock Steel,489.1,MT,Hydromechanical,21.78,synthetic,True
HP-225,Aggregate,24845.2,m3,Civil,1106.2,synthetic,True
HP-225,Sand,13153.3,m3,Civil,585.63,synthetic,True
HP-225,Excavation,292295.8,m3,Civil,13014.06,synthetic,True
HP-225,Rock Excavation,219221.8,m3,Civil,9760.54,synthetic,True
HP-225,Earth Excavation,73074.0,m3,Civil,3253.52,synthetic,True
HP-225,Grouting Cement,818.4,MT,Civil,36.44,synthetic,True
HP-225,Shotcrete,3507.6,m3,Civil,156.17,synthetic,True
HP-225,Lining Concrete,7307.4,m3,Civil,325.35,synthetic,True
HP-225,Gates Steel,73.4,MT,Hydromechanical,3.27,synthetic,True
HP-225,Embedded Steel,76.4,MT,Civil,3.4,synthetic,True
HP-226,Concrete,21772.4,m3,Civil,1296.75,synthetic,True
HP-226,Cement,7620.3,MT,Civil,453.86,synthetic,True
HP-226,Reinforcement Steel,1107.1,MT,Civil,65.94,synthetic,True
HP-226,Structural Steel,262.9,MT,Civil,15.66,synthetic,True
HP-226,Penstock Steel,369.0,MT,Hydromechanical,21.98,synthetic,True
HP-226,Aggregate,18506.5,m3,Civil,1102.23,synthetic,True
HP-226,Sand,9797.6,m3,Civil,583.54,synthetic,True
HP-226,Excavation,217724.0,m3,Civil,12967.48,synthetic,True
HP-226,Rock Excavation,163293.0,m3,Civil,9725.61,synthetic,True
HP-226,Earth Excavation,54431.0,m3,Civil,3241.87,synthetic,True
HP-226,Grouting Cement,609.6,MT,Civil,36.31,synthetic,True
HP-226,Shotcrete,2612.7,m3,Civil,155.61,synthetic,True
HP-226,Lining Concrete,5443.1,m3,Civil,324.19,synthetic,True
HP-226,Gates Steel,55.4,MT,Hydromechanical,3.3,synthetic,True
HP-226,Embedded Steel,39.4,MT,Civil,2.35,synthetic,True
HP-227,Concrete,12211.2,m3,Civil,1284.04,synthetic,True
HP-227,Cement,4273.9,MT,Civil,449.41,synthetic,True
HP-227,Reinforcement Steel,641.8,MT,Civil,67.49,synthetic,True
HP-227,Structural Steel,179.2,MT,Civil,18.84,synthetic,True
HP-227,Penstock Steel,213.9,MT,Hydromechanical,22.49,synthetic,True
HP-227,Aggregate,10379.5,m3,Civil,1091.43,synthetic,True
HP-227,Sand,5495.0,m3,Civil,577.81,synthetic,True
HP-227,Excavation,122111.6,m3,Civil,12840.34,synthetic,True
HP-227,Rock Excavation,54950.2,m3,Civil,5778.15,synthetic,True
HP-227,Earth Excavation,67161.4,m3,Civil,7062.19,synthetic,True
HP-227,Grouting Cement,341.9,MT,Civil,35.95,synthetic,True
HP-227,Shotcrete,1465.3,m3,Civil,154.08,synthetic,True
HP-227,Lining Concrete,3052.8,m3,Civil,321.01,synthetic,True
HP-227,Gates Steel,32.1,MT,Hydromechanical,3.38,synthetic,True
HP-227,Embedded Steel,26.9,MT,Civil,2.83,synthetic,True
HP-228,Concrete,25737.9,m3,Civil,1315.17,synthetic,True
HP-228,Cement,9008.3,MT,Civil,460.31,synthetic,True
HP-228,Reinforcement Steel,1299.5,MT,Civil,66.4,synthetic,True
HP-228,Structural Steel,434.0,MT,Civil,22.18,synthetic,True
HP-228,Penstock Steel,433.2,MT,Hydromechanical,22.14,synthetic,True
HP-228,Aggregate,21877.2,m3,Civil,1117.89,synthetic,True
HP-228,Sand,11582.1,m3,Civil,591.83,synthetic,True
HP-228,Excavation,257378.5,m3,Civil,13151.69,synthetic,True
HP-228,Rock Excavation,193033.9,m3,Civil,9863.77,synthetic,True
HP-228,Earth Excavation,64344.6,m3,Civil,3287.92,synthetic,True
HP-228,Grouting Cement,720.7,MT,Civil,36.83,synthetic,True
HP-228,Shotcrete,3088.5,m3,Civil,157.82,synthetic,True
HP-228,Lining Concrete,6434.5,m3,Civil,328.79,synthetic,True
HP-228,Gates Steel,65.0,MT,Hydromechanical,3.32,synthetic,True
HP-228,Embedded Steel,65.1,MT,Civil,3.33,synthetic,True
HP-229,Concrete,6089.4,m3,Civil,2315.36,synthetic,True
HP-229,Cement,2131.3,MT,Civil,810.38,synthetic,True
HP-229,Reinforcement Steel,356.6,MT,Civil,135.59,synthetic,True
HP-229,Structural Steel,72.2,MT,Civil,27.45,synthetic,True
HP-229,Penstock Steel,118.9,MT,Hydromechanical,45.21,synthetic,True
HP-229,Aggregate,5176.0,m3,Civil,1968.06,synthetic,True
HP-229,Sand,2740.2,m3,Civil,1041.9,synthetic,True
HP-229,Excavation,60894.5,m3,Civil,23153.8,synthetic,True
HP-229,Rock Excavation,27402.5,m3,Civil,10419.2,synthetic,True
HP-229,Earth Excavation,33492.0,m3,Civil,12734.6,synthetic,True
HP-229,Grouting Cement,170.5,MT,Civil,64.83,synthetic,True
HP-229,Shotcrete,730.7,m3,Civil,277.83,synthetic,True
HP-229,Lining Concrete,1522.3,m3,Civil,578.82,synthetic,True
HP-229,Gates Steel,17.8,MT,Hydromechanical,6.77,synthetic,True
HP-229,Embedded Steel,10.8,MT,Civil,4.11,synthetic,True
HP-230,Concrete,25117.3,m3,Civil,1173.16,synthetic,True
HP-230,Cement,8791.1,MT,Civil,410.61,synthetic,True
HP-230,Reinforcement Steel,1263.4,MT,Civil,59.01,synthetic,True
HP-230,Structural Steel,313.5,MT,Civil,14.64,synthetic,True
HP-230,Penstock Steel,421.1,MT,Hydromechanical,19.67,synthetic,True
HP-230,Aggregate,21349.7,m3,Civil,997.18,synthetic,True
HP-230,Sand,11302.8,m3,Civil,527.92,synthetic,True
HP-230,Excavation,251173.1,m3,Civil,11731.58,synthetic,True
HP-230,Rock Excavation,113027.9,m3,Civil,5279.21,synthetic,True
HP-230,Earth Excavation,138145.2,m3,Civil,6452.37,synthetic,True
HP-230,Grouting Cement,703.3,MT,Civil,32.85,synthetic,True
HP-230,Shotcrete,3014.1,m3,Civil,140.78,synthetic,True
HP-230,Lining Concrete,6279.3,m3,Civil,293.29,synthetic,True
HP-230,Gates Steel,63.2,MT,Hydromechanical,2.95,synthetic,True
HP-230,Embedded Steel,47.0,MT,Civil,2.2,synthetic,True
HP-231,Concrete,26708.5,m3,Civil,1235.36,synthetic,True
HP-231,Cement,9348.0,MT,Civil,432.38,synthetic,True
HP-231,Reinforcement Steel,1342.9,MT,Civil,62.11,synthetic,True
HP-231,Structural Steel,372.7,MT,Civil,17.24,synthetic,True
HP-231,Penstock Steel,447.6,MT,Hydromechanical,20.7,synthetic,True
HP-231,Aggregate,22702.2,m3,Civil,1050.06,synthetic,True
HP-231,Sand,12018.8,m3,Civil,555.91,synthetic,True
HP-231,Excavation,267084.9,m3,Civil,12353.6,synthetic,True
HP-231,Rock Excavation,120188.2,m3,Civil,5559.12,synthetic,True
HP-231,Earth Excavation,146896.7,m3,Civil,6794.48,synthetic,True
HP-231,Grouting Cement,747.8,MT,Civil,34.59,synthetic,True
HP-231,Shotcrete,3205.0,m3,Civil,148.24,synthetic,True
HP-231,Lining Concrete,6677.1,m3,Civil,308.84,synthetic,True
HP-231,Gates Steel,67.1,MT,Hydromechanical,3.1,synthetic,True
HP-231,Embedded Steel,55.9,MT,Civil,2.59,synthetic,True
HP-232,Concrete,17863.5,m3,Civil,1373.06,synthetic,True
HP-232,Cement,6252.2,MT,Civil,480.57,synthetic,True
HP-232,Reinforcement Steel,920.6,MT,Civil,70.76,synthetic,True
HP-232,Structural Steel,200.7,MT,Civil,15.43,synthetic,True
HP-232,Penstock Steel,306.9,MT,Hydromechanical,23.59,synthetic,True
HP-232,Aggregate,15184.0,m3,Civil,1167.1,synthetic,True
HP-232,Sand,8038.6,m3,Civil,617.88,synthetic,True
HP-232,Excavation,178634.8,m3,Civil,13730.58,synthetic,True
HP-232,Rock Excavation,80385.7,m3,Civil,6178.76,synthetic,True
HP-232,Earth Excavation,98249.1,m3,Civil,7551.81,synthetic,True
HP-232,Grouting Cement,500.2,MT,Civil,38.45,synthetic,True
HP-232,Shotcrete,2143.6,m3,Civil,164.77,synthetic,True
HP-232,Lining Concrete,4465.9,m3,Civil,343.27,synthetic,True
HP-232,Gates Steel,46.0,MT,Hydromechanical,3.54,synthetic,True
HP-232,Embedded Steel,30.1,MT,Civil,2.31,synthetic,True
HP-233,Concrete,13599.1,m3,Civil,1320.3,synthetic,True
HP-233,Cement,4759.7,MT,Civil,462.11,synthetic,True
HP-233,Reinforcement Steel,710.9,MT,Civil,69.02,synthetic,True
HP-233,Structural Steel,240.6,MT,Civil,23.36,synthetic,True
HP-233,Penstock Steel,237.0,MT,Hydromechanical,23.01,synthetic,True
HP-233,Aggregate,11559.2,m3,Civil,1122.25,synthetic,True
HP-233,Sand,6119.6,m3,Civil,594.14,synthetic,True
HP-233,Excavation,135990.8,m3,Civil,13202.99,synthetic,True
HP-233,Rock Excavation,61195.9,m3,Civil,5941.35,synthetic,True
HP-233,Earth Excavation,74794.9,m3,Civil,7261.64,synthetic,True
HP-233,Grouting Cement,380.8,MT,Civil,36.97,synthetic,True
HP-233,Shotcrete,1631.9,m3,Civil,158.44,synthetic,True
HP-233,Lining Concrete,3399.8,m3,Civil,330.08,synthetic,True
HP-233,Gates Steel,35.5,MT,Hydromechanical,3.45,synthetic,True
HP-233,Embedded Steel,36.1,MT,Civil,3.5,synthetic,True
HP-234,Concrete,21841.7,m3,Civil,1173.02,synthetic,True
HP-234,Cement,7644.6,MT,Civil,410.56,synthetic,True
HP-234,Reinforcement Steel,1105.2,MT,Civil,59.36,synthetic,True
HP-234,Structural Steel,338.7,MT,Civil,18.19,synthetic,True
HP-234,Penstock Steel,368.4,MT,Hydromechanical,19.79,synthetic,True
HP-234,Aggregate,18565.4,m3,Civil,997.07,synthetic,True
HP-234,Sand,9828.8,m3,Civil,527.86,synthetic,True
HP-234,Excavation,218416.8,m3,Civil,11730.23,synthetic,True
HP-234,Rock Excavation,98287.6,m3,Civil,5278.6,synthetic,True
HP-234,Earth Excavation,120129.2,m3,Civil,6451.62,synthetic,True
HP-234,Grouting Cement,611.6,MT,Civil,32.85,synthetic,True
HP-234,Shotcrete,2621.0,m3,Civil,140.76,synthetic,True
HP-234,Lining Concrete,5460.4,m3,Civil,293.25,synthetic,True
HP-234,Gates Steel,55.3,MT,Hydromechanical,2.97,synthetic,True
HP-234,Embedded Steel,50.8,MT,Civil,2.73,synthetic,True
HP-235,Concrete,21956.5,m3,Civil,1271.37,synthetic,True
HP-235,Cement,7684.8,MT,Civil,444.98,synthetic,True
HP-235,Reinforcement Steel,1114.9,MT,Civil,64.56,synthetic,True
HP-235,Structural Steel,359.3,MT,Civil,20.8,synthetic,True
HP-235,Penstock Steel,371.6,MT,Hydromechanical,21.52,synthetic,True
HP-235,Aggregate,18663.0,m3,Civil,1080.66,synthetic,True
HP-235,Sand,9880.4,m3,Civil,572.11,synthetic,True
HP-235,Excavation,219565.4,m3,Civil,12713.69,synthetic,True
HP-235,Rock Excavation,164674.0,m3,Civil,9535.26,synthetic,True
HP-235,Earth Excavation,54891.4,m3,Civil,3178.43,synthetic,True
HP-235,Grouting Cement,614.8,MT,Civil,35.6,synthetic,True
HP-235,Shotcrete,2634.8,m3,Civil,152.57,synthetic,True
HP-235,Lining Concrete,5489.1,m3,Civil,317.84,synthetic,True
HP-235,Gates Steel,55.7,MT,Hydromechanical,3.23,synthetic,True
HP-235,Embedded Steel,53.9,MT,Civil,3.12,synthetic,True
HP-236,Concrete,27069.6,m3,Civil,1261.99,synthetic,True
HP-236,Cement,9474.4,MT,Civil,441.7,synthetic,True
HP-236,Reinforcement Steel,1361.5,MT,Civil,63.47,synthetic,True
HP-236,Structural Steel,402.9,MT,Civil,18.78,synthetic,True
HP-236,Penstock Steel,453.8,MT,Hydromechanical,21.16,synthetic,True
HP-236,Aggregate,23009.2,m3,Civil,1072.69,synthetic,True
HP-236,Sand,12181.3,m3,Civil,567.89,synthetic,True
HP-236,Excavation,270696.0,m3,Civil,12619.86,synthetic,True
HP-236,Rock Excavation,203022.0,m3,Civil,9464.9,synthetic,True
HP-236,Earth Excavation,67674.0,m3,Civil,3154.97,synthetic,True
HP-236,Grouting Cement,758.0,MT,Civil,35.34,synthetic,True
HP-236,Shotcrete,3248.4,m3,Civil,151.44,synthetic,True
HP-236,Lining Concrete,6767.4,m3,Civil,315.5,synthetic,True
HP-236,Gates Steel,68.1,MT,Hydromechanical,3.17,synthetic,True
HP-236,Embedded Steel,60.4,MT,Civil,2.82,synthetic,True
HP-237,Concrete,22102.3,m3,Civil,1232.7,synthetic,True
HP-237,Cement,7735.8,MT,Civil,431.44,synthetic,True
HP-237,Reinforcement Steel,1120.3,MT,Civil,62.48,synthetic,True
HP-237,Structural Steel,360.4,MT,Civil,20.1,synthetic,True
HP-237,Penstock Steel,373.4,MT,Hydromechanical,20.83,synthetic,True
HP-237,Aggregate,18787.0,m3,Civil,1047.8,synthetic,True
HP-237,Sand,9946.0,m3,Civil,554.71,synthetic,True
HP-237,Excavation,221022.6,m3,Civil,12326.97,synthetic,True
HP-237,Rock Excavation,99460.2,m3,Civil,5547.14,synthetic,True
HP-237,Earth Excavation,121562.4,m3,Civil,6779.83,synthetic,True
HP-237,Grouting Cement,618.9,MT,Civil,34.52,synthetic,True
HP-237,Shotcrete,2652.3,m3,Civil,147.93,synthetic,True
HP-237,Lining Concrete,5525.6,m3,Civil,308.18,synthetic,True
HP-237,Gates Steel,56.0,MT,Hydromechanical,3.12,synthetic,True
HP-237,Embedded Steel,54.1,MT,Civil,3.02,synthetic,True
HP-238,Concrete,15192.7,m3,Civil,1467.89,synthetic,True
HP-238,Cement,5317.4,MT,Civil,513.76,synthetic,True
HP-238,Reinforcement Steel,794.0,MT,Civil,76.71,synthetic,True
HP-238,Structural Steel,161.4,MT,Civil,15.59,synthetic,True
HP-238,Penstock Steel,264.7,MT,Hydromechanical,25.57,synthetic,True
HP-238,Aggregate,12913.8,m3,Civil,1247.71,synthetic,True
HP-238,Sand,6836.7,m3,Civil,660.55,synthetic,True
HP-238,Excavation,151926.9,m3,Civil,14678.93,synthetic,True
HP-238,Rock Excavation,113945.2,m3,Civil,11009.2,synthetic,True
HP-238,Earth Excavation,37981.7,m3,Civil,3669.73,synthetic,True
HP-238,Grouting Cement,425.4,MT,Civil,41.1,synthetic,True
HP-238,Shotcrete,1823.1,m3,Civil,176.14,synthetic,True
HP-238,Lining Concrete,3798.2,m3,Civil,366.98,synthetic,True
HP-238,Gates Steel,39.7,MT,Hydromechanical,3.84,synthetic,True
HP-238,Embedded Steel,24.2,MT,Civil,2.34,synthetic,True
HP-239,Concrete,23954.7,m3,Civil,1333.04,synthetic,True
HP-239,Cement,8384.1,MT,Civil,466.56,synthetic,True
HP-239,Reinforcement Steel,1214.1,MT,Civil,67.56,synthetic,True
HP-239,Structural Steel,347.4,MT,Civil,19.33,synthetic,True
HP-239,Penstock Steel,404.7,MT,Hydromechanical,22.52,synthetic,True
HP-239,Aggregate,20361.5,m3,Civil,1133.08,synthetic,True
HP-239,Sand,10779.6,m3,Civil,599.87,synthetic,True
HP-239,Excavation,239547.4,m3,Civil,13330.41,synthetic,True
HP-239,Rock Excavation,179660.5,m3,Civil,9997.8,synthetic,True
HP-239,Earth Excavation,59886.9,m3,Civil,3332.6,synthetic,True
HP-239,Grouting Cement,670.7,MT,Civil,37.32,synthetic,True
HP-239,Shotcrete,2874.6,m3,Civil,159.97,synthetic,True
HP-239,Lining Concrete,5988.7,m3,Civil,333.26,synthetic,True
HP-239,Gates Steel,60.7,MT,Hydromechanical,3.38,synthetic,True
HP-239,Embedded Steel,52.1,MT,Civil,2.9,synthetic,True
HP-240,Concrete,6638.0,m3,Civil,1958.11,synthetic,True
HP-240,Cement,2323.3,MT,Civil,685.34,synthetic,True
HP-240,Reinforcement Steel,379.8,MT,Civil,112.04,synthetic,True
HP-240,Structural Steel,129.2,MT,Civil,38.11,synthetic,True
HP-240,Penstock Steel,126.6,MT,Hydromechanical,37.35,synthetic,True
HP-240,Aggregate,5642.3,m3,Civil,1664.4,synthetic,True
HP-240,Sand,2987.1,m3,Civil,881.15,synthetic,True
HP-240,Excavation,66380.5,m3,Civil,19581.27,synthetic,True
HP-240,Rock Excavation,29871.2,m3,Civil,8811.56,synthetic,True
HP-240,Earth Excavation,36509.3,m3,Civil,10769.71,synthetic,True
HP-240,Grouting Cement,185.9,MT,Civil,54.84,synthetic,True
HP-240,Shotcrete,796.6,m3,Civil,234.99,synthetic,True
HP-240,Lining Concrete,1659.5,m3,Civil,489.53,synthetic,True
HP-240,Gates Steel,19.0,MT,Hydromechanical,5.6,synthetic,True
HP-240,Embedded Steel,19.4,MT,Civil,5.72,synthetic,True
HP-241,Concrete,11014.9,m3,Civil,1441.74,synthetic,True
HP-241,Cement,3855.2,MT,Civil,504.61,synthetic,True
HP-241,Reinforcement Steel,588.1,MT,Civil,76.98,synthetic,True
HP-241,Structural Steel,124.9,MT,Civil,16.35,synthetic,True
HP-241,Penstock Steel,196.0,MT,Hydromechanical,25.65,synthetic,True
HP-241,Aggregate,9362.7,m3,Civil,1225.48,synthetic,True
HP-241,Sand,4956.7,m3,Civil,648.78,synthetic,True
HP-241,Excavation,110149.3,m3,Civil,14417.45,synthetic,True
HP-241,Rock Excavation,49567.2,m3,Civil,6487.85,synthetic,True
HP-241,Earth Excavation,60582.1,m3,Civil,7929.59,synthetic,True
HP-241,Grouting Cement,308.4,MT,Civil,40.37,synthetic,True
HP-241,Shotcrete,1321.8,m3,Civil,173.01,synthetic,True
HP-241,Lining Concrete,2753.7,m3,Civil,360.43,synthetic,True
HP-241,Gates Steel,29.4,MT,Hydromechanical,3.85,synthetic,True
HP-241,Embedded Steel,18.7,MT,Civil,2.45,synthetic,True
HP-242,Concrete,30996.3,m3,Civil,1284.02,synthetic,True
HP-242,Cement,10848.7,MT,Civil,449.41,synthetic,True
HP-242,Reinforcement Steel,1551.8,MT,Civil,64.28,synthetic,True
HP-242,Structural Steel,387.3,MT,Civil,16.04,synthetic,True
HP-242,Penstock Steel,517.3,MT,Hydromechanical,21.43,synthetic,True
HP-242,Aggregate,26346.9,m3,Civil,1091.42,synthetic,True
HP-242,Sand,13948.3,m3,Civil,577.81,synthetic,True
HP-242,Excavation,309962.9,m3,Civil,12840.22,synthetic,True
HP-242,Rock Excavation,139483.3,m3,Civil,5778.1,synthetic,True
HP-242,Earth Excavation,170479.6,m3,Civil,7062.12,synthetic,True
HP-242,Grouting Cement,867.9,MT,Civil,35.95,synthetic,True
HP-242,Shotcrete,3719.6,m3,Civil,154.08,synthetic,True
HP-242,Lining Concrete,7749.1,m3,Civil,321.01,synthetic,True
HP-242,Gates Steel,77.6,MT,Hydromechanical,3.21,synthetic,True
HP-242,Embedded Steel,58.1,MT,Civil,2.41,synthetic,True
HP-243,Concrete,25071.2,m3,Civil,1201.88,synthetic,True
HP-243,Cement,8774.9,MT,Civil,420.66,synthetic,True
HP-243,Reinforcement Steel,1262.4,MT,Civil,60.52,synthetic,True
HP-243,Structural Steel,420.2,MT,Civil,20.14,synthetic,True
HP-243,Penstock Steel,420.8,MT,Hydromechanical,20.17,synthetic,True
HP-243,Aggregate,21310.5,m3,Civil,1021.6,synthetic,True
HP-243,Sand,11282.0,m3,Civil,540.84,synthetic,True
HP-243,Excavation,250712.2,m3,Civil,12018.8,synthetic,True
HP-243,Rock Excavation,188034.2,m3,Civil,9014.1,synthetic,True
HP-243,Earth Excavation,62678.0,m3,Civil,3004.7,synthetic,True
HP-243,Grouting Cement,702.0,MT,Civil,33.65,synthetic,True
HP-243,Shotcrete,3008.5,m3,Civil,144.22,synthetic,True
HP-243,Lining Concrete,6267.8,m3,Civil,300.47,synthetic,True
HP-243,Gates Steel,63.1,MT,Hydromechanical,3.02,synthetic,True
HP-243,Embedded Steel,63.0,MT,Civil,3.02,synthetic,True
HP-244,Concrete,21264.4,m3,Civil,1143.25,synthetic,True
HP-244,Cement,7442.5,MT,Civil,400.13,synthetic,True
HP-244,Reinforcement Steel,1076.1,MT,Civil,57.85,synthetic,True
HP-244,Structural Steel,331.5,MT,Civil,17.82,synthetic,True
HP-244,Penstock Steel,358.7,MT,Hydromechanical,19.28,synthetic,True
HP-244,Aggregate,18074.7,m3,Civil,971.76,synthetic,True
HP-244,Sand,9569.0,m3,Civil,514.46,synthetic,True
HP-244,Excavation,212643.8,m3,Civil,11432.46,synthetic,True
HP-244,Rock Excavation,95689.7,m3,Civil,5144.61,synthetic,True
HP-244,Earth Excavation,116954.1,m3,Civil,6287.85,synthetic,True
HP-244,Grouting Cement,595.4,MT,Civil,32.01,synthetic,True
HP-244,Shotcrete,2551.7,m3,Civil,137.19,synthetic,True
HP-244,Lining Concrete,5316.1,m3,Civil,285.81,synthetic,True
HP-244,Gates Steel,53.8,MT,Hydromechanical,2.89,synthetic,True
HP-244,Embedded Steel,49.7,MT,Civil,2.67,synthetic,True
HP-245,Concrete,23625.2,m3,Civil,1334.76,synthetic,True
HP-245,Cement,8268.8,MT,Civil,467.16,synthetic,True
HP-245,Reinforcement Steel,1198.3,MT,Civil,67.7,synthetic,True
HP-245,Structural Steel,315.4,MT,Civil,17.82,synthetic,True
HP-245,Penstock Steel,399.4,MT,Hydromechanical,22.56,synthetic,True
HP-245,Aggregate,20081.4,m3,Civil,1134.54,synthetic,True
HP-245,Sand,10631.3,m3,Civil,600.64,synthetic,True
HP-245,Excavation,236252.5,m3,Civil,13347.6,synthetic,True
HP-245,Rock Excavation,177189.4,m3,Civil,10010.7,synthetic,True
HP-245,Earth Excavation,59063.1,m3,Civil,3336.9,synthetic,True
HP-245,Grouting Cement,661.5,MT,Civil,37.37,synthetic,True
HP-245,Shotcrete,2835.0,m3,Civil,160.17,synthetic,True
HP-245,Lining Concrete,5906.3,m3,Civil,333.69,synthetic,True
HP-245,Gates Steel,59.9,MT,Hydromechanical,3.38,synthetic,True
HP-245,Embedded Steel,47.3,MT,Civil,2.67,synthetic,True
HP-246,Concrete,14751.1,m3,Civil,1341.01,synthetic,True
HP-246,Cement,5162.9,MT,Civil,469.35,synthetic,True
HP-246,Reinforcement Steel,767.9,MT,Civil,69.81,synthetic,True
HP-246,Structural Steel,223.9,MT,Civil,20.35,synthetic,True
HP-246,Penstock Steel,256.0,MT,Hydromechanical,23.27,synthetic,True
HP-246,Aggregate,12538.4,m3,Civil,1139.85,synthetic,True
HP-246,Sand,6638.0,m3,Civil,603.45,synthetic,True
HP-246,Excavation,147511.2,m3,Civil,13410.11,synthetic,True
HP-246,Rock Excavation,66380.0,m3,Civil,6034.55,synthetic,True
HP-246,Earth Excavation,81131.2,m3,Civil,7375.56,synthetic,True
HP-246,Grouting Cement,413.0,MT,Civil,37.55,synthetic,True
HP-246,Shotcrete,1770.1,m3,Civil,160.92,synthetic,True
HP-246,Lining Concrete,3687.8,m3,Civil,335.25,synthetic,True
HP-246,Gates Steel,38.4,MT,Hydromechanical,3.49,synthetic,True
HP-246,Embedded Steel,33.6,MT,Civil,3.05,synthetic,True
HP-247,Concrete,13606.2,m3,Civil,1395.51,synthetic,True
HP-247,Cement,4762.2,MT,Civil,488.43,synthetic,True
HP-247,Reinforcement Steel,713.9,MT,Civil,73.22,synthetic,True
HP-247,Structural Steel,162.3,MT,Civil,16.65,synthetic,True
HP-247,Penstock Steel,238.0,MT,Hydromechanical,24.41,synthetic,True
HP-247,Aggregate,11565.3,m3,Civil,1186.18,synthetic,True
HP-247,Sand,6122.8,m3,Civil,627.98,synthetic,True
HP-247,Excavation,136062.4,m3,Civil,13955.12,synthetic,True
HP-247,Rock Excavation,102046.8,m3,Civil,10466.34,synthetic,True
HP-247,Earth Excavation,34015.6,m3,Civil,3488.78,synthetic,True
HP-247,Grouting Cement,381.0,MT,Civil,39.08,synthetic,True
HP-247,Shotcrete,1632.7,m3,Civil,167.46,synthetic,True
HP-247,Lining Concrete,3401.6,m3,Civil,348.88,synthetic,True
HP-247,Gates Steel,35.7,MT,Hydromechanical,3.66,synthetic,True
HP-247,Embedded Steel,24.3,MT,Civil,2.49,synthetic,True
HP-248,Concrete,20380.4,m3,Civil,1254.95,synthetic,True
HP-248,Cement,7133.1,MT,Civil,439.23,synthetic,True
HP-248,Reinforcement Steel,1038.0,MT,Civil,63.92,synthetic,True
HP-248,Structural Steel,268.1,MT,Civil,16.51,synthetic,True
HP-248,Penstock Steel,346.0,MT,Hydromechanical,21.31,synthetic,True
HP-248,Aggregate,17323.3,m3,Civil,1066.71,synthetic,True
HP-248,Sand,9171.2,m3,Civil,564.73,synthetic,True
HP-248,Excavation,203803.6,m3,Civil,12549.48,synthetic,True
HP-248,Rock Excavation,152852.7,m3,Civil,9412.11,synthetic,True
HP-248,Earth Excavation,50950.9,m3,Civil,3137.37,synthetic,True
HP-248,Grouting Cement,570.6,MT,Civil,35.14,synthetic,True
HP-248,Shotcrete,2445.6,m3,Civil,150.59,synthetic,True
HP-248,Lining Concrete,5095.1,m3,Civil,313.74,synthetic,True
HP-248,Gates Steel,51.9,MT,Hydromechanical,3.2,synthetic,True
HP-248,Embedded Steel,40.2,MT,Civil,2.48,synthetic,True
HP-249,Concrete,23539.1,m3,Civil,1144.34,synthetic,True
HP-249,Cement,8238.7,MT,Civil,400.52,synthetic,True
HP-249,Reinforcement Steel,1186.0,MT,Civil,57.66,synthetic,True
HP-249,Structural Steel,314.2,MT,Civil,15.27,synthetic,True
HP-249,Penstock Steel,395.3,MT,Hydromechanical,19.22,synthetic,True
HP-249,Aggregate,20008.2,m3,Civil,972.69,synthetic,True
HP-249,Sand,10592.6,m3,Civil,514.95,synthetic,True
HP-249,Excavation,235390.5,m3,Civil,11443.39,synthetic,True
HP-249,Rock Excavation,105925.7,m3,Civil,5149.52,synthetic,True
HP-249,Earth Excavation,129464.8,m3,Civil,6293.86,synthetic,True
HP-249,Grouting Cement,659.1,MT,Civil,32.04,synthetic,True
HP-249,Shotcrete,2824.7,m3,Civil,137.32,synthetic,True
HP-249,Lining Concrete,5884.8,m3,Civil,286.09,synthetic,True
HP-249,Gates Steel,59.3,MT,Hydromechanical,2.88,synthetic,True
HP-249,Embedded Steel,47.1,MT,Civil,2.29,synthetic,True
HP-250,Concrete,20308.5,m3,Civil,1337.85,synthetic,True
HP-250,Cement,7108.0,MT,Civil,468.25,synthetic,True
HP-250,Reinforcement Steel,1037.9,MT,Civil,68.37,synthetic,True
HP-250,Structural Steel,220.0,MT,Civil,14.49,synthetic,True
HP-250,Penstock Steel,346.0,MT,Hydromechanical,22.79,synthetic,True
HP-250,Aggregate,17262.2,m3,Civil,1137.17,synthetic,True
HP-250,Sand,9138.8,m3,Civil,602.03,synthetic,True
HP-250,Excavation,203084.8,m3,Civil,13378.45,synthetic,True
HP-250,Rock Excavation,91388.2,m3,Civil,6020.3,synthetic,True
HP-250,Earth Excavation,111696.6,m3,Civil,7358.14,synthetic,True
HP-250,Grouting Cement,568.6,MT,Civil,37.46,synthetic,True
HP-250,Shotcrete,2437.0,m3,Civil,160.54,synthetic,True
HP-250,Lining Concrete,5077.1,m3,Civil,334.46,synthetic,True
HP-250,Gates Steel,51.9,MT,Hydromechanical,3.42,synthetic,True
HP-250,Embedded Steel,33.0,MT,Civil,2.17,synthetic,True
HP-251,Concrete,10669.3,m3,Civil,1477.74,synthetic,True
HP-251,Cement,3734.3,MT,Civil,517.22,synthetic,True
HP-251,Reinforcement Steel,572.1,MT,Civil,79.24,synthetic,True
HP-251,Structural Steel,128.0,MT,Civil,17.73,synthetic,True
HP-251,Penstock Steel,190.7,MT,Hydromechanical,26.41,synthetic,True
HP-251,Aggregate,9068.9,m3,Civil,1256.08,synthetic,True
HP-251,Sand,4801.2,m3,Civil,664.99,synthetic,True
HP-251,Excavation,106693.4,m3,Civil,14777.48,synthetic,True
HP-251,Rock Excavation,48012.0,m3,Civil,6649.86,synthetic,True
HP-251,Earth Excavation,58681.4,m3,Civil,8127.62,synthetic,True
HP-251,Grouting Cement,298.7,MT,Civil,41.37,synthetic,True
HP-251,Shotcrete,1280.3,m3,Civil,177.33,synthetic,True
HP-251,Lining Concrete,2667.3,m3,Civil,369.43,synthetic,True
HP-251,Gates Steel,28.6,MT,Hydromechanical,3.96,synthetic,True
HP-251,Embedded Steel,19.2,MT,Civil,2.66,synthetic,True
HP-252,Concrete,5576.5,m3,Civil,2424.57,synthetic,True
HP-252,Cement,1951.8,MT,Civil,848.61,synthetic,True
HP-252,Reinforcement Steel,330.5,MT,Civil,143.7,synthetic,True
HP-252,Structural Steel,100.7,MT,Civil,43.78,synthetic,True
HP-252,Penstock Steel,110.2,MT,Hydromechanical,47.91,synthetic,True
HP-252,Aggregate,4740.0,m3,Civil,2060.87,synthetic,True
HP-252,Sand,2509.4,m3,Civil,1091.04,synthetic,True
HP-252,Excavation,55764.7,m3,Civil,24245.52,synthetic,True
HP-252,Rock Excavation,25094.1,m3,Civil,10910.48,synthetic,True
HP-252,Earth Excavation,30670.6,m3,Civil,13335.04,synthetic,True
HP-252,Grouting Cement,156.1,MT,Civil,67.87,synthetic,True
HP-252,Shotcrete,669.2,m3,Civil,290.96,synthetic,True
HP-252,Lining Concrete,1394.1,m3,Civil,606.13,synthetic,True
HP-252,Gates Steel,16.5,MT,Hydromechanical,7.17,synthetic,True
HP-252,Embedded Steel,15.1,MT,Civil,6.57,synthetic,True
HP-253,Concrete,27431.2,m3,Civil,1212.7,synthetic,True
HP-253,Cement,9600.9,MT,Civil,424.44,synthetic,True
HP-253,Reinforcement Steel,1376.7,MT,Civil,60.86,synthetic,True
HP-253,Structural Steel,326.6,MT,Civil,14.44,synthetic,True
HP-253,Penstock Steel,458.9,MT,Hydromechanical,20.29,synthetic,True
HP-253,Aggregate,23316.5,m3,Civil,1030.79,synthetic,True
HP-253,Sand,12344.0,m3,Civil,545.71,synthetic,True
HP-253,Excavation,274311.5,m3,Civil,12126.95,synthetic,True
HP-253,Rock Excavation,205733.6,m3,Civil,9095.21,synthetic,True
HP-253,Earth Excavation,68577.9,m3,Civil,3031.74,synthetic,True
HP-253,Grouting Cement,768.1,MT,Civil,33.96,synthetic,True
HP-253,Shotcrete,3291.7,m3,Civil,145.52,synthetic,True
HP-253,Lining Concrete,6857.8,m3,Civil,303.17,synthetic,True
HP-253,Gates Steel,68.8,MT,Hydromechanical,3.04,synthetic,True
HP-253,Embedded Steel,49.0,MT,Civil,2.17,synthetic,True
HP-254,Concrete,21317.5,m3,Civil,1173.23,synthetic,True
HP-254,Cement,7461.1,MT,Civil,410.63,synthetic,True
HP-254,Reinforcement Steel,1079.9,MT,Civil,59.43,synthetic,True
HP-254,Structural Steel,300.7,MT,Civil,16.55,synthetic,True
HP-254,Penstock Steel,360.0,MT,Hydromechanical,19.81,synthetic,True
HP-254,Aggregate,18119.9,m3,Civil,997.24,synthetic,True
HP-254,Sand,9592.9,m3,Civil,527.95,synthetic,True
HP-254,Excavation,213175.0,m3,Civil,11732.25,synthetic,True
HP-254,Rock Excavation,159881.2,m3,Civil,8799.19,synthetic,True
HP-254,Earth Excavation,53293.8,m3,Civil,2933.07,synthetic,True
HP-254,Grouting Cement,596.9,MT,Civil,32.85,synthetic,True
HP-254,Shotcrete,2558.1,m3,Civil,140.79,synthetic,True
HP-254,Lining Concrete,5329.4,m3,Civil,293.31,synthetic,True
HP-254,Gates Steel,54.0,MT,Hydromechanical,2.97,synthetic,True
HP-254,Embedded Steel,45.1,MT,Civil,2.48,synthetic,True
HP-255,Concrete,19912.8,m3,Civil,1188.11,synthetic,True
HP-255,Cement,6969.5,MT,Civil,415.84,synthetic,True
HP-255,Reinforcement Steel,1012.6,MT,Civil,60.42,synthetic,True
HP-255,Structural Steel,234.8,MT,Civil,14.01,synthetic,True
HP-255,Penstock Steel,337.5,MT,Hydromechanical,20.14,synthetic,True
HP-255,Aggregate,16925.9,m3,Civil,1009.9,synthetic,True
HP-255,Sand,8960.8,m3,Civil,534.65,synthetic,True
HP-255,Excavation,199127.8,m3,Civil,11881.13,synthetic,True
HP-255,Rock Excavation,89607.5,m3,Civil,5346.51,synthetic,True
HP-255,Earth Excavation,109520.3,m3,Civil,6534.62,synthetic,True
HP-255,Grouting Cement,557.6,MT,Civil,33.27,synthetic,True
HP-255,Shotcrete,2389.5,m3,Civil,142.57,synthetic,True
HP-255,Lining Concrete,4978.2,m3,Civil,297.03,synthetic,True
HP-255,Gates Steel,50.6,MT,Hydromechanical,3.02,synthetic,True
HP-255,Embedded Steel,35.2,MT,Civil,2.1,synthetic,True
HP-256,Concrete,10084.4,m3,Civil,1507.38,synthetic,True
HP-256,Cement,3529.5,MT,Civil,527.58,synthetic,True
HP-256,Reinforcement Steel,544.0,MT,Civil,81.32,synthetic,True
HP-256,Structural Steel,154.6,MT,Civil,23.11,synthetic,True
HP-256,Penstock Steel,181.3,MT,Hydromechanical,27.1,synthetic,True
HP-256,Aggregate,8571.7,m3,Civil,1281.27,synthetic,True
HP-256,Sand,4538.0,m3,Civil,678.33,synthetic,True
HP-256,Excavation,100843.9,m3,Civil,15073.83,synthetic,True
HP-256,Rock Excavation,45379.8,m3,Civil,6783.23,synthetic,True
HP-256,Earth Excavation,55464.1,m3,Civil,8290.6,synthetic,True
HP-256,Grouting Cement,282.4,MT,Civil,42.21,synthetic,True
HP-256,Shotcrete,1210.1,m3,Civil,180.88,synthetic,True
HP-256,Lining Concrete,2521.1,m3,Civil,376.85,synthetic,True
HP-256,Gates Steel,27.2,MT,Hydromechanical,4.07,synthetic,True
HP-256,Embedded Steel,23.2,MT,Civil,3.47,synthetic,True
HP-257,Concrete,11732.7,m3,Civil,1395.09,synthetic,True
HP-257,Cement,4106.4,MT,Civil,488.28,synthetic,True
HP-257,Reinforcement Steel,622.0,MT,Civil,73.96,synthetic,True
HP-257,Structural Steel,127.9,MT,Civil,15.21,synthetic,True
HP-257,Penstock Steel,207.3,MT,Hydromechanical,24.65,synthetic,True
HP-257,Aggregate,9972.8,m3,Civil,1185.83,synthetic,True
HP-257,Sand,5279.7,m3,Civil,627.79,synthetic,True
HP-257,Excavation,117326.9,m3,Civil,13950.88,synthetic,True
HP-257,Rock Excavation,52797.1,m3,Civil,6277.9,synthetic,True
HP-257,Earth Excavation,64529.8,m3,Civil,7672.98,synthetic,True
HP-257,Grouting Cement,328.5,MT,Civil,39.06,synthetic,True
HP-257,Shotcrete,1407.9,m3,Civil,167.41,synthetic,True
HP-257,Lining Concrete,2933.2,m3,Civil,348.78,synthetic,True
HP-257,Gates Steel,31.1,MT,Hydromechanical,3.7,synthetic,True
HP-257,Embedded Steel,19.2,MT,Civil,2.28,synthetic,True
HP-258,Concrete,17816.5,m3,Civil,1203.82,synthetic,True
HP-258,Cement,6235.8,MT,Civil,421.34,synthetic,True
HP-258,Reinforcement Steel,911.7,MT,Civil,61.6,synthetic,True
HP-258,Structural Steel,308.8,MT,Civil,20.86,synthetic,True
HP-258,Penstock Steel,303.9,MT,Hydromechanical,20.53,synthetic,True
HP-258,Aggregate,15144.0,m3,Civil,1023.24,synthetic,True
HP-258,Sand,8017.4,m3,Civil,541.72,synthetic,True
HP-258,Excavation,178165.2,m3,Civil,12038.19,synthetic,True
HP-258,Rock Excavation,133623.9,m3,Civil,9028.64,synthetic,True
HP-258,Earth Excavation,44541.3,m3,Civil,3009.55,synthetic,True
HP-258,Grouting Cement,498.9,MT,Civil,33.71,synthetic,True
HP-258,Shotcrete,2138.0,m3,Civil,144.46,synthetic,True
HP-258,Lining Concrete,4454.1,m3,Civil,300.95,synthetic,True
HP-258,Gates Steel,45.6,MT,Hydromechanical,3.08,synthetic,True
HP-258,Embedded Steel,46.3,MT,Civil,3.13,synthetic,True
HP-259,Concrete,27791.4,m3,Civil,1126.07,synthetic,True
HP-259,Cement,9727.0,MT,Civil,394.12,synthetic,True
HP-259,Reinforcement Steel,1390.2,MT,Civil,56.33,synthetic,True
HP-259,Structural Steel,308.1,MT,Civil,12.48,synthetic,True
HP-259,Penstock Steel,463.4,MT,Hydromechanical,18.78,synthetic,True
HP-259,Aggregate,23622.7,m3,Civil,957.16,synthetic,True
HP-259,Sand,12506.1,m3,Civil,506.73,synthetic,True
HP-259,Excavation,277914.4,m3,Civil,11260.71,synthetic,True
HP-259,Rock Excavation,125061.5,m3,Civil,5067.32,synthetic,True
HP-259,Earth Excavation,152852.9,m3,Civil,6193.39,synthetic,True
HP-259,Grouting Cement,778.2,MT,Civil,31.53,synthetic,True
HP-259,Shotcrete,3335.0,m3,Civil,135.13,synthetic,True
HP-259,Lining Concrete,6947.9,m3,Civil,281.52,synthetic,True
HP-259,Gates Steel,69.5,MT,Hydromechanical,2.82,synthetic,True
HP-259,Embedded Steel,46.2,MT,Civil,1.87,synthetic,True
HP-260,Concrete,21482.5,m3,Civil,1194.8,synthetic,True
HP-260,Cement,7518.9,MT,Civil,418.18,synthetic,True
HP-260,Reinforcement Steel,1088.8,MT,Civil,60.56,synthetic,True
HP-260,Structural Steel,232.8,MT,Civil,12.95,synthetic,True
HP-260,Penstock Steel,362.9,MT,Hydromechanical,20.18,synthetic,True
HP-260,Aggregate,18260.1,m3,Civil,1015.58,synthetic,True
HP-260,Sand,9667.1,m3,Civil,537.66,synthetic,True
HP-260,Excavation,214825.0,m3,Civil,11948.0,synthetic,True
HP-260,Rock Excavation,161118.8,m3,Civil,8961.0,synthetic,True
HP-260,Earth Excavation,53706.2,m3,Civil,2987.0,synthetic,True
HP-260,Grouting Cement,601.5,MT,Civil,33.45,synthetic,True
HP-260,Shotcrete,2577.9,m3,Civil,143.38,synthetic,True
HP-260,Lining Concrete,5370.6,m3,Civil,298.7,synthetic,True
HP-260,Gates Steel,54.4,MT,Hydromechanical,3.03,synthetic,True
HP-260,Embedded Steel,34.9,MT,Civil,1.94,synthetic,True
HP-261,Concrete,9098.1,m3,Civil,1479.37,synthetic,True
HP-261,Cement,3184.3,MT,Civil,517.77,synthetic,True
HP-261,Reinforcement Steel,494.1,MT,Civil,80.34,synthetic,True
HP-261,Structural Steel,131.8,MT,Civil,21.43,synthetic,True
HP-261,Penstock Steel,164.7,MT,Hydromechanical,26.78,synthetic,True
HP-261,Aggregate,7733.4,m3,Civil,1257.46,synthetic,True
HP-261,Sand,4094.1,m3,Civil,665.71,synthetic,True
HP-261,Excavation,90980.7,m3,Civil,14793.61,synthetic,True
HP-261,Rock Excavation,40941.3,m3,Civil,6657.12,synthetic,True
HP-261,Earth Excavation,50039.4,m3,Civil,8136.49,synthetic,True
HP-261,Grouting Cement,254.7,MT,Civil,41.41,synthetic,True
HP-261,Shotcrete,1091.8,m3,Civil,177.53,synthetic,True
HP-261,Lining Concrete,2274.5,m3,Civil,369.84,synthetic,True
HP-261,Gates Steel,24.7,MT,Hydromechanical,4.02,synthetic,True
HP-261,Embedded Steel,19.8,MT,Civil,3.22,synthetic,True
HP-262,Concrete,6710.2,m3,Civil,1922.69,synthetic,True
HP-262,Cement,2348.6,MT,Civil,672.95,synthetic,True
HP-262,Reinforcement Steel,382.9,MT,Civil,109.71,synthetic,True
HP-262,Structural Steel,77.1,MT,Civil,22.09,synthetic,True
HP-262,Penstock Steel,127.6,MT,Hydromechanical,36.56,synthetic,True
HP-262,Aggregate,5703.7,m3,Civil,1634.3,synthetic,True
HP-262,Sand,3019.6,m3,Civil,865.21,synthetic,True
HP-262,Excavation,67102.0,m3,Civil,19226.93,synthetic,True
HP-262,Rock Excavation,30195.9,m3,Civil,8652.12,synthetic,True
HP-262,Earth Excavation,36906.1,m3,Civil,10574.81,synthetic,True
HP-262,Grouting Cement,187.9,MT,Civil,53.84,synthetic,True
HP-262,Shotcrete,805.2,m3,Civil,230.72,synthetic,True
HP-262,Lining Concrete,1677.5,m3,Civil,480.66,synthetic,True
HP-262,Gates Steel,19.1,MT,Hydromechanical,5.47,synthetic,True
HP-262,Embedded Steel,11.6,MT,Civil,3.32,synthetic,True
HP-263,Concrete,8466.6,m3,Civil,1467.35,synthetic,True
HP-263,Cement,2963.3,MT,Civil,513.57,synthetic,True
HP-263,Reinforcement Steel,462.2,MT,Civil,80.1,synthetic,True
HP-263,Structural Steel,98.3,MT,Civil,17.04,synthetic,True
HP-263,Penstock Steel,154.1,MT,Hydromechanical,26.71,synthetic,True
HP-263,Aggregate,7196.6,m3,Civil,1247.24,synthetic,True
HP-263,Sand,3810.0,m3,Civil,660.31,synthetic,True
HP-263,Excavation,84665.6,m3,Civil,14673.41,synthetic,True
HP-263,Rock Excavation,63499.2,m3,Civil,11005.06,synthetic,True
HP-263,Earth Excavation,21166.4,m3,Civil,3668.35,synthetic,True
HP-263,Grouting Cement,237.1,MT,Civil,41.09,synthetic,True
HP-263,Shotcrete,1016.0,m3,Civil,176.08,synthetic,True
HP-263,Lining Concrete,2116.7,m3,Civil,366.85,synthetic,True
HP-263,Gates Steel,23.1,MT,Hydromechanical,4.0,synthetic,True
HP-263,Embedded Steel,14.7,MT,Civil,2.55,synthetic,True
HP-264,Concrete,7053.1,m3,Civil,1728.7,synthetic,True
HP-264,Cement,2468.6,MT,Civil,605.05,synthetic,True
HP-264,Reinforcement Steel,396.8,MT,Civil,97.25,synthetic,True
HP-264,Structural Steel,126.9,MT,Civil,31.1,synthetic,True
HP-264,Penstock Steel,132.3,MT,Hydromechanical,32.43,synthetic,True
HP-264,Aggregate,5995.1,m3,Civil,1469.39,synthetic,True
HP-264,Sand,3173.9,m3,Civil,777.92,synthetic,True
HP-264,Excavation,70530.8,m3,Civil,17286.96,synthetic,True
HP-264,Rock Excavation,52898.1,m3,Civil,12965.22,synthetic,True
HP-264,Earth Excavation,17632.7,m3,Civil,4321.74,synthetic,True
HP-264,Grouting Cement,197.5,MT,Civil,48.41,synthetic,True
HP-264,Shotcrete,846.4,m3,Civil,207.45,synthetic,True
HP-264,Lining Concrete,1763.3,m3,Civil,432.18,synthetic,True
HP-264,Gates Steel,19.8,MT,Hydromechanical,4.85,synthetic,True
HP-264,Embedded Steel,19.0,MT,Civil,4.66,synthetic,True
HP-265,Concrete,29922.4,m3,Civil,1240.05,synthetic,True
HP-265,Cement,10472.8,MT,Civil,434.02,synthetic,True
HP-265,Reinforcement Steel,1498.1,MT,Civil,62.08,synthetic,True
HP-265,Structural Steel,345.7,MT,Civil,14.33,synthetic,True
HP-265,Penstock Steel,499.4,MT,Hydromechanical,20.7,synthetic,True
HP-265,Aggregate,25434.0,m3,Civil,1054.04,synthetic,True
HP-265,Sand,13465.1,m3,Civil,558.02,synthetic,True
HP-265,Excavation,299223.7,m3,Civil,12400.48,synthetic,True
HP-265,Rock Excavation,224417.8,m3,Civil,9300.36,synthetic,True
HP-265,Earth Excavation,74805.9,m3,Civil,3100.12,synthetic,True
HP-265,Grouting Cement,837.8,MT,Civil,34.72,synthetic,True
HP-265,Shotcrete,3590.7,m3,Civil,148.81,synthetic,True
HP-265,Lining Concrete,7480.6,m3,Civil,310.01,synthetic,True
HP-265,Gates Steel,74.9,MT,Hydromechanical,3.1,synthetic,True
HP-265,Embedded Steel,51.9,MT,Civil,2.15,synthetic,True
HP-266,Concrete,7198.0,m3,Civil,1759.9,synthetic,True
HP-266,Cement,2519.3,MT,Civil,615.97,synthetic,True
HP-266,Reinforcement Steel,404.9,MT,Civil,99.0,synthetic,True
HP-266,Structural Steel,134.1,MT,Civil,32.79,synthetic,True
HP-266,Penstock Steel,135.0,MT,Hydromechanical,33.01,synthetic,True
HP-266,Aggregate,6118.3,m3,Civil,1495.92,synthetic,True
HP-266,Sand,3239.1,m3,Civil,791.96,synthetic,True
HP-266,Excavation,71980.3,m3,Civil,17599.1,synthetic,True
HP-266,Rock Excavation,32391.1,m3,Civil,7919.58,synthetic,True
HP-266,Earth Excavation,39589.2,m3,Civil,9679.51,synthetic,True
HP-266,Grouting Cement,201.5,MT,Civil,49.27,synthetic,True
HP-266,Shotcrete,863.8,m3,Civil,211.2,synthetic,True
HP-266,Lining Concrete,1799.5,m3,Civil,439.98,synthetic,True
HP-266,Gates Steel,20.2,MT,Hydromechanical,4.94,synthetic,True
HP-266,Embedded Steel,20.1,MT,Civil,4.91,synthetic,True
HP-267,Concrete,22777.2,m3,Civil,1285.4,synthetic,True
HP-267,Cement,7972.0,MT,Civil,449.89,synthetic,True
HP-267,Reinforcement Steel,1155.2,MT,Civil,65.19,synthetic,True
HP-267,Structural Steel,239.7,MT,Civil,13.53,synthetic,True
HP-267,Penstock Steel,385.1,MT,Hydromechanical,21.73,synthetic,True
HP-267,Aggregate,19360.6,m3,Civil,1092.58,synthetic,True
HP-267,Sand,10249.7,m3,Civil,578.43,synthetic,True
HP-267,Excavation,227771.7,m3,Civil,12853.93,synthetic,True
HP-267,Rock Excavation,102497.3,m3,Civil,5784.27,synthetic,True
HP-267,Earth Excavation,125274.4,m3,Civil,7069.66,synthetic,True
HP-267,Grouting Cement,637.8,MT,Civil,35.99,synthetic,True
HP-267,Shotcrete,2733.3,m3,Civil,154.25,synthetic,True
HP-267,Lining Concrete,5694.3,m3,Civil,321.35,synthetic,True
HP-267,Gates Steel,57.8,MT,Hydromechanical,3.26,synthetic,True
HP-267,Embedded Steel,36.0,MT,Civil,2.03,synthetic,True
HP-268,Concrete,26772.1,m3,Civil,1135.85,synthetic,True
HP-268,Cement,9370.2,MT,Civil,397.55,synthetic,True
HP-268,Reinforcement Steel,1341.5,MT,Civil,56.92,synthetic,True
HP-268,Structural Steel,441.7,MT,Civil,18.74,synthetic,True
HP-268,Penstock Steel,447.2,MT,Hydromechanical,18.97,synthetic,True
HP-268,Aggregate,22756.3,m3,Civil,965.48,synthetic,True
HP-268,Sand,12047.4,m3,Civil,511.13,synthetic,True
HP-268,Excavation,267721.0,m3,Civil,11358.55,synthetic,True
HP-268,Rock Excavation,120474.4,m3,Civil,5111.34,synthetic,True
HP-268,Earth Excavation,147246.6,m3,Civil,6247.2,synthetic,True
HP-268,Grouting Cement,749.6,MT,Civil,31.8,synthetic,True
HP-268,Shotcrete,3212.7,m3,Civil,136.3,synthetic,True
HP-268,Lining Concrete,6693.0,m3,Civil,283.96,synthetic,True
HP-268,Gates Steel,67.1,MT,Hydromechanical,2.85,synthetic,True
HP-268,Embedded Steel,66.3,MT,Civil,2.81,synthetic,True
HP-269,Concrete,27314.0,m3,Civil,1157.37,synthetic,True
HP-269,Cement,9559.9,MT,Civil,405.08,synthetic,True
HP-269,Reinforcement Steel,1368.6,MT,Civil,57.99,synthetic,True
HP-269,Structural Steel,277.1,MT,Civil,11.74,synthetic,True
HP-269,Penstock Steel,456.2,MT,Hydromechanical,19.33,synthetic,True
HP-269,Aggregate,23216.9,m3,Civil,983.77,synthetic,True
HP-269,Sand,12291.3,m3,Civil,520.82,synthetic,True
HP-269,Excavation,273140.3,m3,Civil,11573.74,synthetic,True
HP-269,Rock Excavation,122913.1,m3,Civil,5208.18,synthetic,True
HP-269,Earth Excavation,150227.2,m3,Civil,6365.56,synthetic,True
HP-269,Grouting Cement,764.8,MT,Civil,32.41,synthetic,True
HP-269,Shotcrete,3277.7,m3,Civil,138.89,synthetic,True
HP-269,Lining Concrete,6828.5,m3,Civil,289.34,synthetic,True
HP-269,Gates Steel,68.4,MT,Hydromechanical,2.9,synthetic,True
HP-269,Embedded Steel,41.6,MT,Civil,1.76,synthetic,True
HP-270,Concrete,26571.4,m3,Civil,1277.47,synthetic,True
HP-270,Cement,9300.0,MT,Civil,447.12,synthetic,True
HP-270,Reinforcement Steel,1338.1,MT,Civil,64.33,synthetic,True
HP-270,Structural Steel,413.9,MT,Civil,19.9,synthetic,True
HP-270,Penstock Steel,446.0,MT,Hydromechanical,21.44,synthetic,True
HP-270,Aggregate,22585.7,m3,Civil,1085.85,synthetic,True
HP-270,Sand,11957.1,m3,Civil,574.86,synthetic,True
HP-270,Excavation,265714.4,m3,Civil,12774.73,synthetic,True
HP-270,Rock Excavation,199285.8,m3,Civil,9581.05,synthetic,True
HP-270,Earth Excavation,66428.6,m3,Civil,3193.68,synthetic,True
HP-270,Grouting Cement,744.0,MT,Civil,35.77,synthetic,True
HP-270,Shotcrete,3188.6,m3,Civil,153.3,synthetic,True
HP-270,Lining Concrete,6642.9,m3,Civil,319.37,synthetic,True
HP-270,Gates Steel,66.9,MT,Hydromechanical,3.22,synthetic,True
HP-270,Embedded Steel,62.1,MT,Civil,2.99,synthetic,True
HP-271,Concrete,9857.2,m3,Civil,1533.0,synthetic,True
HP-271,Cement,3450.0,MT,Civil,536.55,synthetic,True
HP-271,Reinforcement Steel,533.4,MT,Civil,82.95,synthetic,True
HP-271,Structural Steel,160.1,MT,Civil,24.9,synthetic,True
HP-271,Penstock Steel,177.8,MT,Hydromechanical,27.65,synthetic,True
HP-271,Aggregate,8378.6,m3,Civil,1303.05,synthetic,True
HP-271,Sand,4435.7,m3,Civil,689.84,synthetic,True
HP-271,Excavation,98571.6,m3,Civil,15329.95,synthetic,True
HP-271,Rock Excavation,73928.7,m3,Civil,11497.47,synthetic,True
HP-271,Earth Excavation,24642.9,m3,Civil,3832.49,synthetic,True
HP-271,Grouting Cement,276.0,MT,Civil,42.92,synthetic,True
HP-271,Shotcrete,1182.9,m3,Civil,183.97,synthetic,True
HP-271,Lining Concrete,2464.3,m3,Civil,383.25,synthetic,True
HP-271,Gates Steel,26.7,MT,Hydromechanical,4.15,synthetic,True
HP-271,Embedded Steel,24.0,MT,Civil,3.73,synthetic,True
HP-272,Concrete,15988.8,m3,Civil,1265.94,synthetic,True
HP-272,Cement,5596.1,MT,Civil,443.08,synthetic,True
HP-272,Reinforcement Steel,825.4,MT,Civil,65.35,synthetic,True
HP-272,Structural Steel,240.7,MT,Civil,19.06,synthetic,True
HP-272,Penstock Steel,275.1,MT,Hydromechanical,21.78,synthetic,True
HP-272,Aggregate,13590.5,m3,Civil,1076.05,synthetic,True
HP-272,Sand,7195.0,m3,Civil,569.68,synthetic,True
HP-272,Excavation,159887.7,m3,Civil,12659.36,synthetic,True
HP-272,Rock Excavation,71949.5,m3,Civil,5696.71,synthetic,True
HP-272,Earth Excavation,87938.2,m3,Civil,6962.64,synthetic,True
HP-272,Grouting Cement,447.7,MT,Civil,35.45,synthetic,True
HP-272,Shotcrete,1918.7,m3,Civil,151.92,synthetic,True
HP-272,Lining Concrete,3997.2,m3,Civil,316.48,synthetic,True
HP-272,Gates Steel,41.3,MT,Hydromechanical,3.27,synthetic,True
HP-272,Embedded Steel,36.1,MT,Civil,2.86,synthetic,True
HP-273,Concrete,21301.6,m3,Civil,1203.48,synthetic,True
HP-273,Cement,7455.6,MT,Civil,421.22,synthetic,True
HP-273,Reinforcement Steel,1080.4,MT,Civil,61.04,synthetic,True
HP-273,Structural Steel,279.8,MT,Civil,15.81,synthetic,True
HP-273,Penstock Steel,360.1,MT,Hydromechanical,20.34,synthetic,True
HP-273,Aggregate,18106.4,m3,Civil,1022.96,synthetic,True
HP-273,Sand,9585.7,m3,Civil,541.56,synthetic,True
HP-273,Excavation,213015.7,m3,Civil,12034.79,synthetic,True
HP-273,Rock Excavation,159761.8,m3,Civil,9026.09,synthetic,True
HP-273,Earth Excavation,53253.9,m3,Civil,3008.69,synthetic,True
HP-273,Grouting Cement,596.4,MT,Civil,33.69,synthetic,True
HP-273,Shotcrete,2556.2,m3,Civil,144.42,synthetic,True
HP-273,Lining Concrete,5325.4,m3,Civil,300.87,synthetic,True
HP-273,Gates Steel,54.0,MT,Hydromechanical,3.05,synthetic,True
HP-273,Embedded Steel,42.0,MT,Civil,2.37,synthetic,True
HP-274,Concrete,7558.7,m3,Civil,1690.98,synthetic,True
HP-274,Cement,2645.5,MT,Civil,591.83,synthetic,True
HP-274,Reinforcement Steel,421.8,MT,Civil,94.36,synthetic,True
HP-274,Structural Steel,129.2,MT,Civil,28.9,synthetic,True
HP-274,Penstock Steel,140.6,MT,Hydromechanical,31.45,synthetic,True
HP-274,Aggregate,6424.9,m3,Civil,1437.34,synthetic,True
HP-274,Sand,3401.4,m3,Civil,760.94,synthetic,True
HP-274,Excavation,75587.4,m3,Civil,16909.93,synthetic,True
HP-274,Rock Excavation,34014.3,m3,Civil,7609.46,synthetic,True
HP-274,Earth Excavation,41573.1,m3,Civil,9300.47,synthetic,True
HP-274,Grouting Cement,211.6,MT,Civil,47.34,synthetic,True
HP-274,Shotcrete,907.0,m3,Civil,202.91,synthetic,True
HP-274,Lining Concrete,1889.7,m3,Civil,422.75,synthetic,True
HP-274,Gates Steel,21.1,MT,Hydromechanical,4.72,synthetic,True
HP-274,Embedded Steel,19.4,MT,Civil,4.34,synthetic,True
HP-275,Concrete,25576.5,m3,Civil,1122.76,synthetic,True
HP-275,Cement,8951.8,MT,Civil,392.97,synthetic,True
HP-275,Reinforcement Steel,1283.3,MT,Civil,56.33,synthetic,True
HP-275,Structural Steel,320.7,MT,Civil,14.08,synthetic,True
HP-275,Penstock Steel,427.8,MT,Hydromechanical,18.78,synthetic,True
HP-275,Aggregate,21740.0,m3,Civil,954.35,synthetic,True
HP-275,Sand,11509.4,m3,Civil,505.24,synthetic,True
HP-275,Excavation,255764.8,m3,Civil,11227.6,synthetic,True
HP-275,Rock Excavation,115094.2,m3,Civil,5052.42,synthetic,True
HP-275,Earth Excavation,140670.6,m3,Civil,6175.18,synthetic,True
HP-275,Grouting Cement,716.1,MT,Civil,31.44,synthetic,True
HP-275,Shotcrete,3069.2,m3,Civil,134.73,synthetic,True
HP-275,Lining Concrete,6394.1,m3,Civil,280.69,synthetic,True
HP-275,Gates Steel,64.2,MT,Hydromechanical,2.82,synthetic,True
HP-275,Embedded Steel,48.1,MT,Civil,2.11,synthetic,True
HP-276,Concrete,5158.4,m3,Civil,2456.38,synthetic,True
HP-276,Cement,1805.4,MT,Civil,859.71,synthetic,True
HP-276,Reinforcement Steel,308.2,MT,Civil,146.76,synthetic,True
HP-276,Structural Steel,76.8,MT,Civil,36.57,synthetic,True
HP-276,Penstock Steel,102.7,MT,Hydromechanical,48.9,synthetic,True
HP-276,Aggregate,4384.6,m3,Civil,2087.9,synthetic,True
HP-276,Sand,2321.3,m3,Civil,1105.38,synthetic,True
HP-276,Excavation,51583.6,m3,Civil,24563.62,synthetic,True
HP-276,Rock Excavation,23212.6,m3,Civil,11053.62,synthetic,True
HP-276,Earth Excavation,28371.0,m3,Civil,13510.0,synthetic,True
HP-276,Grouting Cement,144.4,MT,Civil,68.76,synthetic,True
HP-276,Shotcrete,619.0,m3,Civil,294.76,synthetic,True
HP-276,Lining Concrete,1289.6,m3,Civil,614.1,synthetic,True
HP-276,Gates Steel,15.4,MT,Hydromechanical,7.33,synthetic,True
HP-276,Embedded Steel,11.5,MT,Civil,5.48,synthetic,True
HP-277,Concrete,21920.1,m3,Civil,1318.11,synthetic,True
HP-277,Cement,7672.0,MT,Civil,461.33,synthetic,True
HP-277,Reinforcement Steel,1115.1,MT,Civil,67.05,synthetic,True
HP-277,Structural Steel,355.7,MT,Civil,21.39,synthetic,True
HP-277,Penstock Steel,371.7,MT,Hydromechanical,22.35,synthetic,True
HP-277,Aggregate,18632.1,m3,Civil,1120.39,synthetic,True
HP-277,Sand,9864.0,m3,Civil,593.14,synthetic,True
HP-277,Excavation,219201.1,m3,Civil,13181.06,synthetic,True
HP-277,Rock Excavation,98640.5,m3,Civil,5931.48,synthetic,True
HP-277,Earth Excavation,120560.6,m3,Civil,7249.59,synthetic,True
HP-277,Grouting Cement,613.8,MT,Civil,36.91,synthetic,True
HP-277,Shotcrete,2630.4,m3,Civil,158.17,synthetic,True
HP-277,Lining Concrete,5480.0,m3,Civil,329.52,synthetic,True
HP-277,Gates Steel,55.8,MT,Hydromechanical,3.36,synthetic,True
HP-277,Embedded Steel,53.4,MT,Civil,3.21,synthetic,True
HP-278,Concrete,23803.6,m3,Civil,1244.96,synthetic,True
HP-278,Cement,8331.3,MT,Civil,435.74,synthetic,True
HP-278,Reinforcement Steel,1203.1,MT,Civil,62.92,synthetic,True
HP-278,Structural Steel,378.1,MT,Civil,19.78,synthetic,True
HP-278,Penstock Steel,401.0,MT,Hydromechanical,20.97,synthetic,True
HP-278,Aggregate,20233.1,m3,Civil,1058.22,synthetic,True
HP-278,Sand,10711.6,m3,Civil,560.23,synthetic,True
HP-278,Excavation,238036.3,m3,Civil,12449.6,synthetic,True
HP-278,Rock Excavation,107116.3,m3,Civil,5602.32,synthetic,True
HP-278,Earth Excavation,130920.0,m3,Civil,6847.28,synthetic,True
HP-278,Grouting Cement,666.5,MT,Civil,34.86,synthetic,True
HP-278,Shotcrete,2856.4,m3,Civil,149.39,synthetic,True
HP-278,Lining Concrete,5950.9,m3,Civil,311.24,synthetic,True
HP-278,Gates Steel,60.2,MT,Hydromechanical,3.15,synthetic,True
HP-278,Embedded Steel,56.7,MT,Civil,2.97,synthetic,True
HP-279,Concrete,13060.2,m3,Civil,1441.52,synthetic,True
HP-279,Cement,4571.1,MT,Civil,504.54,synthetic,True
HP-279,Reinforcement Steel,688.7,MT,Civil,76.02,synthetic,True
HP-279,Structural Steel,168.4,MT,Civil,18.59,synthetic,True
HP-279,Penstock Steel,229.6,MT,Hydromechanical,25.34,synthetic,True
HP-279,Aggregate,11101.2,m3,Civil,1225.3,synthetic,True
HP-279,Sand,5877.1,m3,Civil,648.69,synthetic,True
HP-279,Excavation,130601.8,m3,Civil,14415.21,synthetic,True
HP-279,Rock Excavation,97951.4,m3,Civil,10811.41,synthetic,True
HP-279,Earth Excavation,32650.4,m3,Civil,3603.8,synthetic,True
HP-279,Grouting Cement,365.7,MT,Civil,40.36,synthetic,True
HP-279,Shotcrete,1567.2,m3,Civil,172.98,synthetic,True
HP-279,Lining Concrete,3265.1,m3,Civil,360.39,synthetic,True
HP-279,Gates Steel,34.4,MT,Hydromechanical,3.8,synthetic,True
HP-279,Embedded Steel,25.3,MT,Civil,2.79,synthetic,True
HP-280,Concrete,19215.5,m3,Civil,1237.31,synthetic,True
HP-280,Cement,6725.4,MT,Civil,433.06,synthetic,True
HP-280,Reinforcement Steel,980.8,MT,Civil,63.16,synthetic,True
HP-280,Structural Steel,255.7,MT,Civil,16.46,synthetic,True
HP-280,Penstock Steel,326.9,MT,Hydromechanical,21.05,synthetic,True
HP-280,Aggregate,16333.2,m3,Civil,1051.72,synthetic,True
HP-280,Sand,8647.0,m3,Civil,556.79,synthetic,True
HP-280,Excavation,192154.9,m3,Civil,12373.14,synthetic,True
HP-280,Rock Excavation,86469.7,m3,Civil,5567.91,synthetic,True
HP-280,Earth Excavation,105685.2,m3,Civil,6805.23,synthetic,True
HP-280,Grouting Cement,538.0,MT,Civil,34.64,synthetic,True
HP-280,Shotcrete,2305.9,m3,Civil,148.48,synthetic,True
HP-280,Lining Concrete,4803.9,m3,Civil,309.33,synthetic,True
HP-280,Gates Steel,49.0,MT,Hydromechanical,3.16,synthetic,True
HP-280,Embedded Steel,38.4,MT,Civil,2.47,synthetic,True
HP-281,Concrete,11386.3,m3,Civil,1561.91,synthetic,True
HP-281,Cement,3985.2,MT,Civil,546.67,synthetic,True
HP-281,Reinforcement Steel,610.1,MT,Civil,83.69,synthetic,True
HP-281,Structural Steel,200.6,MT,Civil,27.52,synthetic,True
HP-281,Penstock Steel,203.4,MT,Hydromechanical,27.9,synthetic,True
HP-281,Aggregate,9678.4,m3,Civil,1327.63,synthetic,True
HP-281,Sand,5123.8,m3,Civil,702.85,synthetic,True
HP-281,Excavation,113863.2,m3,Civil,15619.09,synthetic,True
HP-281,Rock Excavation,51238.4,m3,Civil,7028.59,synthetic,True
HP-281,Earth Excavation,62624.8,m3,Civil,8590.51,synthetic,True
HP-281,Grouting Cement,318.8,MT,Civil,43.73,synthetic,True
HP-281,Shotcrete,1366.4,m3,Civil,187.43,synthetic,True
HP-281,Lining Concrete,2846.6,m3,Civil,390.48,synthetic,True
HP-281,Gates Steel,30.5,MT,Hydromechanical,4.18,synthetic,True
HP-281,Embedded Steel,30.1,MT,Civil,4.13,synthetic,True
HP-282,Concrete,15639.7,m3,Civil,1260.25,synthetic,True
HP-282,Cement,5473.9,MT,Civil,441.09,synthetic,True
HP-282,Reinforcement Steel,808.2,MT,Civil,65.12,synthetic,True
HP-282,Structural Steel,195.9,MT,Civil,15.79,synthetic,True
HP-282,Penstock Steel,269.4,MT,Hydromechanical,21.71,synthetic,True
HP-282,Aggregate,13293.7,m3,Civil,1071.21,synthetic,True
HP-282,Sand,7037.9,m3,Civil,567.12,synthetic,True
HP-282,Excavation,156397.0,m3,Civil,12602.5,synthetic,True
HP-282,Rock Excavation,70378.7,m3,Civil,5671.13,synthetic,True
HP-282,Earth Excavation,86018.3,m3,Civil,6931.37,synthetic,True
HP-282,Grouting Cement,437.9,MT,Civil,35.29,synthetic,True
HP-282,Shotcrete,1876.8,m3,Civil,151.23,synthetic,True
HP-282,Lining Concrete,3909.9,m3,Civil,315.06,synthetic,True
HP-282,Gates Steel,40.4,MT,Hydromechanical,3.26,synthetic,True
HP-282,Embedded Steel,29.4,MT,Civil,2.37,synthetic,True
HP-283,Concrete,11643.2,m3,Civil,1502.35,synthetic,True
HP-283,Cement,4075.1,MT,Civil,525.82,synthetic,True
HP-283,Reinforcement Steel,621.0,MT,Civil,80.13,synthetic,True
HP-283,Structural Steel,144.8,MT,Civil,18.68,synthetic,True
HP-283,Penstock Steel,207.0,MT,Hydromechanical,26.71,synthetic,True
HP-283,Aggregate,9896.7,m3,Civil,1276.99,synthetic,True
HP-283,Sand,5239.4,m3,Civil,676.05,synthetic,True
HP-283,Excavation,116431.8,m3,Civil,15023.46,synthetic,True
HP-283,Rock Excavation,52394.3,m3,Civil,6760.55,synthetic,True
HP-283,Earth Excavation,64037.5,m3,Civil,8262.9,synthetic,True
HP-283,Grouting Cement,326.0,MT,Civil,42.06,synthetic,True
HP-283,Shotcrete,1397.2,m3,Civil,180.28,synthetic,True
HP-283,Lining Concrete,2910.8,m3,Civil,375.59,synthetic,True
HP-283,Gates Steel,31.1,MT,Hydromechanical,4.01,synthetic,True
HP-283,Embedded Steel,21.7,MT,Civil,2.8,synthetic,True
HP-284,Concrete,18945.1,m3,Civil,1316.55,synthetic,True
HP-284,Cement,6630.8,MT,Civil,460.79,synthetic,True
HP-284,Reinforcement Steel,970.9,MT,Civil,67.47,synthetic,True
HP-284,Structural Steel,227.0,MT,Civil,15.77,synthetic,True
HP-284,Penstock Steel,323.6,MT,Hydromechanical,22.49,synthetic,True
HP-284,Aggregate,16103.3,m3,Civil,1119.06,synthetic,True
HP-284,Sand,8525.3,m3,Civil,592.45,synthetic,True
HP-284,Excavation,189450.7,m3,Civil,13165.44,synthetic,True
HP-284,Rock Excavation,85252.8,m3,Civil,5924.45,synthetic,True
HP-284,Earth Excavation,104197.9,m3,Civil,7240.99,synthetic,True
HP-284,Grouting Cement,530.5,MT,Civil,36.87,synthetic,True
HP-284,Shotcrete,2273.4,m3,Civil,157.98,synthetic,True
HP-284,Lining Concrete,4736.3,m3,Civil,329.14,synthetic,True
HP-284,Gates Steel,48.5,MT,Hydromechanical,3.37,synthetic,True
HP-284,Embedded Steel,34.0,MT,Civil,2.36,synthetic,True
HP-285,Concrete,7192.6,m3,Civil,1954.51,synthetic,True
HP-285,Cement,2517.4,MT,Civil,684.08,synthetic,True
HP-285,Reinforcement Steel,408.5,MT,Civil,111.01,synthetic,True
HP-285,Structural Steel,93.7,MT,Civil,25.46,synthetic,True
HP-285,Penstock Steel,136.2,MT,Hydromechanical,37.01,synthetic,True
HP-285,Aggregate,6113.7,m3,Civil,1661.33,synthetic,True
HP-285,Sand,3236.7,m3,Civil,879.54,synthetic,True
HP-285,Excavation,71926.5,m3,Civil,19545.24,synthetic,True
HP-285,Rock Excavation,32366.9,m3,Civil,8795.35,synthetic,True
HP-285,Earth Excavation,39559.6,m3,Civil,10749.89,synthetic,True
HP-285,Grouting Cement,201.4,MT,Civil,54.73,synthetic,True
HP-285,Shotcrete,863.1,m3,Civil,234.54,synthetic,True
HP-285,Lining Concrete,1798.2,m3,Civil,488.64,synthetic,True
HP-285,Gates Steel,20.4,MT,Hydromechanical,5.54,synthetic,True
HP-285,Embedded Steel,14.1,MT,Civil,3.83,synthetic,True
HP-286,Concrete,10168.2,m3,Civil,1353.95,synthetic,True
HP-286,Cement,3558.9,MT,Civil,473.89,synthetic,True
HP-286,Reinforcement Steel,543.6,MT,Civil,72.38,synthetic,True
HP-286,Structural Steel,109.7,MT,Civil,14.61,synthetic,True
HP-286,Penstock Steel,181.2,MT,Hydromechanical,24.13,synthetic,True
HP-286,Aggregate,8643.0,m3,Civil,1150.87,synthetic,True
HP-286,Sand,4575.7,m3,Civil,609.28,synthetic,True
HP-286,Excavation,101682.1,m3,Civil,13539.56,synthetic,True
HP-286,Rock Excavation,45756.9,m3,Civil,6092.8,synthetic,True
HP-286,Earth Excavation,55925.2,m3,Civil,7446.76,synthetic,True
HP-286,Grouting Cement,284.7,MT,Civil,37.91,synthetic,True
HP-286,Shotcrete,1220.2,m3,Civil,162.48,synthetic,True
HP-286,Lining Concrete,2542.1,m3,Civil,338.5,synthetic,True
HP-286,Gates Steel,27.2,MT,Hydromechanical,3.62,synthetic,True
HP-286,Embedded Steel,16.5,MT,Civil,2.2,synthetic,True
HP-287,Concrete,13240.5,m3,Civil,1445.47,synthetic,True
HP-287,Cement,4634.2,MT,Civil,505.92,synthetic,True
HP-287,Reinforcement Steel,697.7,MT,Civil,76.17,synthetic,True
HP-287,Structural Steel,168.3,MT,Civil,18.37,synthetic,True
HP-287,Penstock Steel,232.6,MT,Hydromechanical,25.39,synthetic,True
HP-287,Aggregate,11254.4,m3,Civil,1228.65,synthetic,True
HP-287,Sand,5958.2,m3,Civil,650.46,synthetic,True
HP-287,Excavation,132405.3,m3,Civil,14454.73,synthetic,True
HP-287,Rock Excavation,59582.4,m3,Civil,6504.63,synthetic,True
HP-287,Earth Excavation,72822.9,m3,Civil,7950.1,synthetic,True
HP-287,Grouting Cement,370.7,MT,Civil,40.47,synthetic,True
HP-287,Shotcrete,1588.9,m3,Civil,173.46,synthetic,True
HP-287,Lining Concrete,3310.1,m3,Civil,361.36,synthetic,True
HP-287,Gates Steel,34.9,MT,Hydromechanical,3.81,synthetic,True
HP-287,Embedded Steel,25.2,MT,Civil,2.75,synthetic,True
HP-288,Concrete,18990.3,m3,Civil,1202.68,synthetic,True
HP-288,Cement,6646.6,MT,Civil,420.94,synthetic,True
HP-288,Reinforcement Steel,968.5,MT,Civil,61.34,synthetic,True
HP-288,Structural Steel,287.8,MT,Civil,18.23,synthetic,True
HP-288,Penstock Steel,322.8,MT,Hydromechanical,20.44,synthetic,True
HP-288,Aggregate,16141.8,m3,Civil,1022.28,synthetic,True
HP-288,Sand,8545.6,m3,Civil,541.2,synthetic,True
HP-288,Excavation,189902.6,m3,Civil,12026.76,synthetic,True
HP-288,Rock Excavation,85456.2,m3,Civil,5412.05,synthetic,True
HP-288,Earth Excavation,104446.4,m3,Civil,6614.72,synthetic,True
HP-288,Grouting Cement,531.7,MT,Civil,33.67,synthetic,True
HP-288,Shotcrete,2278.8,m3,Civil,144.32,synthetic,True
HP-288,Lining Concrete,4747.6,m3,Civil,300.67,synthetic,True
HP-288,Gates Steel,48.4,MT,Hydromechanical,3.07,synthetic,True
HP-288,Embedded Steel,43.2,MT,Civil,2.74,synthetic,True
HP-289,Concrete,12768.2,m3,Civil,1404.64,synthetic,True
HP-289,Cement,4468.9,MT,Civil,491.63,synthetic,True
HP-289,Reinforcement Steel,673.2,MT,Civil,74.06,synthetic,True
HP-289,Structural Steel,227.2,MT,Civil,24.99,synthetic,True
HP-289,Penstock Steel,224.4,MT,Hydromechanical,24.69,synthetic,True
HP-289,Aggregate,10853.0,m3,Civil,1193.95,synthetic,True
HP-289,Sand,5745.7,m3,Civil,632.09,synthetic,True
HP-289,Excavation,127682.3,m3,Civil,14046.46,synthetic,True
HP-289,Rock Excavation,57457.0,m3,Civil,6320.9,synthetic,True
HP-289,Earth Excavation,70225.3,m3,Civil,7725.56,synthetic,True
HP-289,Grouting Cement,357.5,MT,Civil,39.33,synthetic,True
HP-289,Shotcrete,1532.2,m3,Civil,168.56,synthetic,True
HP-289,Lining Concrete,3192.1,m3,Civil,351.17,synthetic,True
HP-289,Gates Steel,33.7,MT,Hydromechanical,3.71,synthetic,True
HP-289,Embedded Steel,34.1,MT,Civil,3.75,synthetic,True
HP-290,Concrete,9516.8,m3,Civil,1403.66,synthetic,True
HP-290,Cement,3330.9,MT,Civil,491.28,synthetic,True
HP-290,Reinforcement Steel,512.8,MT,Civil,75.63,synthetic,True
HP-290,Structural Steel,160.3,MT,Civil,23.64,synthetic,True
HP-290,Penstock Steel,170.9,MT,Hydromechanical,25.21,synthetic,True
HP-290,Aggregate,8089.3,m3,Civil,1193.11,synthetic,True
HP-290,Sand,4282.6,m3,Civil,631.65,synthetic,True
HP-290,Excavation,95168.1,m3,Civil,14036.59,synthetic,True
HP-290,Rock Excavation,42825.6,m3,Civil,6316.46,synthetic,True
HP-290,Earth Excavation,52342.5,m3,Civil,7720.13,synthetic,True
HP-290,Grouting Cement,266.5,MT,Civil,39.31,synthetic,True
HP-290,Shotcrete,1142.0,m3,Civil,168.44,synthetic,True
HP-290,Lining Concrete,2379.2,m3,Civil,350.91,synthetic,True
HP-290,Gates Steel,25.6,MT,Hydromechanical,3.78,synthetic,True
HP-290,Embedded Steel,24.0,MT,Civil,3.54,synthetic,True
HP-291,Concrete,19019.5,m3,Civil,1358.54,synthetic,True
HP-291,Cement,6656.8,MT,Civil,475.49,synthetic,True
HP-291,Reinforcement Steel,976.2,MT,Civil,69.73,synthetic,True
HP-291,Structural Steel,281.1,MT,Civil,20.08,synthetic,True
HP-291,Penstock Steel,325.4,MT,Hydromechanical,23.24,synthetic,True
HP-291,Aggregate,16166.6,m3,Civil,1154.76,synthetic,True
HP-291,Sand,8558.8,m3,Civil,611.34,synthetic,True
HP-291,Excavation,190194.6,m3,Civil,13585.33,synthetic,True
HP-291,Rock Excavation,85587.6,m3,Civil,6113.4,synthetic,True
HP-291,Earth Excavation,104607.0,m3,Civil,7471.93,synthetic,True
HP-291,Grouting Cement,532.5,MT,Civil,38.04,synthetic,True
HP-291,Shotcrete,2282.3,m3,Civil,163.02,synthetic,True
HP-291,Lining Concrete,4754.9,m3,Civil,339.64,synthetic,True
HP-291,Gates Steel,48.8,MT,Hydromechanical,3.49,synthetic,True
HP-291,Embedded Steel,42.2,MT,Civil,3.01,synthetic,True
HP-292,Concrete,21581.7,m3,Civil,1312.76,synthetic,True
HP-292,Cement,7553.6,MT,Civil,459.46,synthetic,True
HP-292,Reinforcement Steel,1098.5,MT,Civil,66.82,synthetic,True
HP-292,Structural Steel,261.6,MT,Civil,15.91,synthetic,True
HP-292,Penstock Steel,366.2,MT,Hydromechanical,22.27,synthetic,True
HP-292,Aggregate,18344.4,m3,Civil,1115.84,synthetic,True
HP-292,Sand,9711.8,m3,Civil,590.74,synthetic,True
HP-292,Excavation,215817.4,m3,Civil,13127.58,synthetic,True
HP-292,Rock Excavation,97117.8,m3,Civil,5907.41,synthetic,True
HP-292,Earth Excavation,118699.6,m3,Civil,7220.17,synthetic,True
HP-292,Grouting Cement,604.3,MT,Civil,36.76,synthetic,True
HP-292,Shotcrete,2589.8,m3,Civil,157.53,synthetic,True
HP-292,Lining Concrete,5395.4,m3,Civil,328.19,synthetic,True
HP-292,Gates Steel,54.9,MT,Hydromechanical,3.34,synthetic,True
HP-292,Embedded Steel,39.2,MT,Civil,2.38,synthetic,True
HP-293,Concrete,14490.9,m3,Civil,1471.16,synthetic,True
HP-293,Cement,5071.8,MT,Civil,514.9,synthetic,True
HP-293,Reinforcement Steel,759.8,MT,Civil,77.14,synthetic,True
HP-293,Structural Steel,199.9,MT,Civil,20.29,synthetic,True
HP-293,Penstock Steel,253.3,MT,Hydromechanical,25.72,synthetic,True
HP-293,Aggregate,12317.3,m3,Civil,1250.49,synthetic,True
HP-293,Sand,6520.9,m3,Civil,662.02,synthetic,True
HP-293,Excavation,144909.1,m3,Civil,14711.58,synthetic,True
HP-293,Rock Excavation,108681.8,m3,Civil,11033.69,synthetic,True
HP-293,Earth Excavation,36227.3,m3,Civil,3677.9,synthetic,True
HP-293,Grouting Cement,405.7,MT,Civil,41.19,synthetic,True
HP-293,Shotcrete,1738.9,m3,Civil,176.54,synthetic,True
HP-293,Lining Concrete,3622.7,m3,Civil,367.79,synthetic,True
HP-293,Gates Steel,38.0,MT,Hydromechanical,3.86,synthetic,True
HP-293,Embedded Steel,30.0,MT,Civil,3.05,synthetic,True
HP-294,Concrete,20428.3,m3,Civil,1366.44,synthetic,True
HP-294,Cement,7149.9,MT,Civil,478.25,synthetic,True
HP-294,Reinforcement Steel,1044.8,MT,Civil,69.89,synthetic,True
HP-294,Structural Steel,322.5,MT,Civil,21.57,synthetic,True
HP-294,Penstock Steel,348.3,MT,Hydromechanical,23.3,synthetic,True
HP-294,Aggregate,17364.1,m3,Civil,1161.48,synthetic,True
HP-294,Sand,9192.7,m3,Civil,614.9,synthetic,True
HP-294,Excavation,204283.0,m3,Civil,13664.41,synthetic,True
HP-294,Rock Excavation,91927.4,m3,Civil,6148.99,synthetic,True
HP-294,Earth Excavation,112355.6,m3,Civil,7515.42,synthetic,True
HP-294,Grouting Cement,572.0,MT,Civil,38.26,synthetic,True
HP-294,Shotcrete,2451.4,m3,Civil,163.97,synthetic,True
HP-294,Lining Concrete,5107.1,m3,Civil,341.61,synthetic,True
HP-294,Gates Steel,52.2,MT,Hydromechanical,3.49,synthetic,True
HP-294,Embedded Steel,48.4,MT,Civil,3.24,synthetic,True
HP-295,Concrete,17625.0,m3,Civil,1208.85,synthetic,True
HP-295,Cement,6168.8,MT,Civil,423.1,synthetic,True
HP-295,Reinforcement Steel,902.6,MT,Civil,61.91,synthetic,True
HP-295,Structural Steel,260.1,MT,Civil,17.84,synthetic,True
HP-295,Penstock Steel,300.9,MT,Hydromechanical,20.64,synthetic,True
HP-295,Aggregate,14981.2,m3,Civil,1027.52,synthetic,True
HP-295,Sand,7931.2,m3,Civil,543.98,synthetic,True
HP-295,Excavation,176250.4,m3,Civil,12088.5,synthetic,True
HP-295,Rock Excavation,132187.8,m3,Civil,9066.38,synthetic,True
HP-295,Earth Excavation,44062.6,m3,Civil,3022.13,synthetic,True
HP-295,Grouting Cement,493.5,MT,Civil,33.85,synthetic,True
HP-295,Shotcrete,2115.0,m3,Civil,145.06,synthetic,True
HP-295,Lining Concrete,4406.2,m3,Civil,302.21,synthetic,True
HP-295,Gates Steel,45.1,MT,Hydromechanical,3.09,synthetic,True
HP-295,Embedded Steel,39.0,MT,Civil,2.67,synthetic,True
HP-296,Concrete,7132.8,m3,Civil,1847.88,synthetic,True
HP-296,Cement,2496.5,MT,Civil,646.76,synthetic,True
HP-296,Reinforcement Steel,403.3,MT,Civil,104.48,synthetic,True
HP-296,Structural Steel,104.3,MT,Civil,27.02,synthetic,True
HP-296,Penstock Steel,134.4,MT,Hydromechanical,34.82,synthetic,True
HP-296,Aggregate,6062.9,m3,Civil,1570.7,synthetic,True
HP-296,Sand,3209.8,m3,Civil,831.55,synthetic,True
HP-296,Excavation,71327.8,m3,Civil,18478.7,synthetic,True
HP-296,Rock Excavation,32097.5,m3,Civil,8315.41,synthetic,True
HP-296,Earth Excavation,39230.3,m3,Civil,10163.29,synthetic,True
HP-296,Grouting Cement,199.7,MT,Civil,51.74,synthetic,True
HP-296,Shotcrete,855.9,m3,Civil,221.74,synthetic,True
HP-296,Lining Concrete,1783.2,m3,Civil,461.97,synthetic,True
HP-296,Gates Steel,20.2,MT,Hydromechanical,5.23,synthetic,True
HP-296,Embedded Steel,15.6,MT,Civil,4.04,synthetic,True
HP-297,Concrete,15295.5,m3,Civil,1377.97,synthetic,True
HP-297,Cement,5353.4,MT,Civil,482.29,synthetic,True
HP-297,Reinforcement Steel,795.8,MT,Civil,71.69,synthetic,True
HP-297,Structural Steel,175.0,MT,Civil,15.77,synthetic,True
HP-297,Penstock Steel,265.3,MT,Hydromechanical,23.9,synthetic,True
HP-297,Aggregate,13001.2,m3,Civil,1171.28,synthetic,True
HP-297,Sand,6883.0,m3,Civil,620.09,synthetic,True
HP-297,Excavation,152954.7,m3,Civil,13779.7,synthetic,True
HP-297,Rock Excavation,68829.6,m3,Civil,6200.86,synthetic,True
HP-297,Earth Excavation,84125.1,m3,Civil,7578.84,synthetic,True
HP-297,Grouting Cement,428.3,MT,Civil,38.59,synthetic,True
HP-297,Shotcrete,1835.5,m3,Civil,165.36,synthetic,True
HP-297,Lining Concrete,3823.9,m3,Civil,344.5,synthetic,True
HP-297,Gates Steel,39.8,MT,Hydromechanical,3.59,synthetic,True
HP-297,Embedded Steel,26.2,MT,Civil,2.36,synthetic,True
HP-298,Concrete,31115.1,m3,Civil,1255.65,synthetic,True
HP-298,Cement,10890.3,MT,Civil,439.48,synthetic,True
HP-298,Reinforcement Steel,1556.3,MT,Civil,62.8,synthetic,True
HP-298,Structural Steel,471.6,MT,Civil,19.03,synthetic,True
HP-298,Penstock Steel,518.8,MT,Hydromechanical,20.94,synthetic,True
HP-298,Aggregate,26447.8,m3,Civil,1067.3,synthetic,True
HP-298,Sand,14001.8,m3,Civil,565.04,synthetic,True
HP-298,Excavation,311150.8,m3,Civil,12556.53,synthetic,True
HP-298,Rock Excavation,233363.1,m3,Civil,9417.4,synthetic,True
HP-298,Earth Excavation,77787.7,m3,Civil,3139.13,synthetic,True
HP-298,Grouting Cement,871.2,MT,Civil,35.16,synthetic,True
HP-298,Shotcrete,3733.8,m3,Civil,150.68,synthetic,True
HP-298,Lining Concrete,7778.8,m3,Civil,313.91,synthetic,True
HP-298,Gates Steel,77.8,MT,Hydromechanical,3.14,synthetic,True
HP-298,Embedded Steel,70.7,MT,Civil,2.85,synthetic,True
HP-299,Concrete,27649.0,m3,Civil,1190.23,synthetic,True
HP-299,Cement,9677.1,MT,Civil,416.58,synthetic,True
HP-299,Reinforcement Steel,1386.2,MT,Civil,59.67,synthetic,True
HP-299,Structural Steel,308.5,MT,Civil,13.28,synthetic,True
HP-299,Penstock Steel,462.1,MT,Hydromechanical,19.89,synthetic,True
HP-299,Aggregate,23501.6,m3,Civil,1011.69,synthetic,True
HP-299,Sand,12442.1,m3,Civil,535.6,synthetic,True
HP-299,Excavation,276490.4,m3,Civil,11902.3,synthetic,True
HP-299,Rock Excavation,207367.8,m3,Civil,8926.72,synthetic,True
HP-299,Earth Excavation,69122.6,m3,Civil,2975.57,synthetic,True
HP-299,Grouting Cement,774.2,MT,Civil,33.33,synthetic,True
HP-299,Shotcrete,3317.9,m3,Civil,142.83,synthetic,True
HP-299,Lining Concrete,6912.2,m3,Civil,297.55,synthetic,True
HP-299,Gates Steel,69.3,MT,Hydromechanical,2.98,synthetic,True
HP-299,Embedded Steel,46.3,MT,Civil,1.99,synthetic,True
HP-300,Concrete,25954.4,m3,Civil,1208.31,synthetic,True
HP-300,Cement,9084.0,MT,Civil,422.91,synthetic,True
HP-300,Reinforcement Steel,1305.3,MT,Civil,60.77,synthetic,True
HP-300,Structural Steel,354.6,MT,Civil,16.51,synthetic,True
HP-300,Penstock Steel,435.1,MT,Hydromechanical,20.26,synthetic,True
HP-300,Aggregate,22061.2,m3,Civil,1027.06,synthetic,True
HP-300,Sand,11679.5,m3,Civil,543.74,synthetic,True
HP-300,Excavation,259543.8,m3,Civil,12083.04,synthetic,True
HP-300,Rock Excavation,116794.7,m3,Civil,5437.37,synthetic,True
HP-300,Earth Excavation,142749.1,m3,Civil,6645.68,synthetic,True
HP-300,Grouting Cement,726.7,MT,Civil,33.83,synthetic,True
HP-300,Shotcrete,3114.5,m3,Civil,145.0,synthetic,True
HP-300,Lining Concrete,6488.6,m3,Civil,302.08,synthetic,True
HP-300,Gates Steel,65.3,MT,Hydromechanical,3.04,synthetic,True
HP-300,Embedded Steel,53.2,MT,Civil,2.48,synthetic,True
HP-301,Concrete,1228.8,m3,Civil,1742.98,synthetic,True
HP-301,Cement,430.1,MT,Civil,610.07,synthetic,True
HP-301,Reinforcement Steel,64.7,MT,Civil,91.77,synthetic,True
HP-301,Structural Steel,20.2,MT,Civil,28.65,synthetic,True
HP-301,Penstock Steel,21.6,MT,Hydromechanical,30.64,synthetic,True
HP-301,Aggregate,1044.5,m3,Civil,1481.56,synthetic,True
HP-301,Sand,553.0,m3,Civil,784.4,synthetic,True
HP-301,Excavation,12288.5,m3,Civil,17430.5,synthetic,True
HP-301,Rock Excavation,5529.8,m3,Civil,7843.69,synthetic,True
HP-301,Earth Excavation,6758.7,m3,Civil,9586.81,synthetic,True
HP-301,Grouting Cement,34.4,MT,Civil,48.79,synthetic,True
HP-301,Shotcrete,24.6,m3,Civil,34.89,synthetic,True
HP-301,Lining Concrete,61.4,m3,Civil,87.09,synthetic,True
HP-301,Gates Steel,3.2,MT,Hydromechanical,4.54,synthetic,True
HP-301,Embedded Steel,3.0,MT,Civil,4.26,synthetic,True
HP-302,Concrete,1775.7,m3,Civil,1568.64,synthetic,True
HP-302,Cement,621.5,MT,Civil,549.03,synthetic,True
HP-302,Reinforcement Steel,91.0,MT,Civil,80.39,synthetic,True
HP-302,Structural Steel,31.7,MT,Civil,28.0,synthetic,True
HP-302,Penstock Steel,30.3,MT,Hydromechanical,26.77,synthetic,True
HP-302,Aggregate,1509.3,m3,Civil,1333.3,synthetic,True
HP-302,Sand,799.1,m3,Civil,705.92,synthetic,True
HP-302,Excavation,17757.2,m3,Civil,15686.57,synthetic,True
HP-302,Rock Excavation,7990.7,m3,Civil,7058.92,synthetic,True
HP-302,Earth Excavation,9766.5,m3,Civil,8627.65,synthetic,True
HP-302,Grouting Cement,49.7,MT,Civil,43.9,synthetic,True
HP-302,Shotcrete,35.5,m3,Civil,31.36,synthetic,True
HP-302,Lining Concrete,88.8,m3,Civil,78.45,synthetic,True
HP-302,Gates Steel,4.5,MT,Hydromechanical,3.98,synthetic,True
HP-302,Embedded Steel,4.8,MT,Civil,4.24,synthetic,True
HP-303,Concrete,1327.3,m3,Civil,1951.91,synthetic,True
HP-303,Cement,464.6,MT,Civil,683.24,synthetic,True
HP-303,Reinforcement Steel,70.0,MT,Civil,102.94,synthetic,True
HP-303,Structural Steel,19.0,MT,Civil,27.94,synthetic,True
HP-303,Penstock Steel,23.3,MT,Hydromechanical,34.26,synthetic,True
HP-303,Aggregate,1128.2,m3,Civil,1659.12,synthetic,True
HP-303,Sand,597.3,m3,Civil,878.38,synthetic,True
HP-303,Excavation,13273.3,m3,Civil,19519.56,synthetic,True
HP-303,Rock Excavation,5973.0,m3,Civil,8783.82,synthetic,True
HP-303,Earth Excavation,7300.3,m3,Civil,10735.74,synthetic,True
HP-303,Grouting Cement,37.2,MT,Civil,54.71,synthetic,True
HP-303,Shotcrete,26.5,m3,Civil,38.97,synthetic,True
HP-303,Lining Concrete,66.4,m3,Civil,97.65,synthetic,True
HP-303,Gates Steel,3.5,MT,Hydromechanical,5.15,synthetic,True
HP-303,Embedded Steel,2.9,MT,Civil,4.26,synthetic,True
HP-304,Concrete,1411.8,m3,Civil,1713.35,synthetic,True
HP-304,Cement,494.1,MT,Civil,599.64,synthetic,True
HP-304,Reinforcement Steel,73.6,MT,Civil,89.32,synthetic,True
HP-304,Structural Steel,23.3,MT,Civil,28.28,synthetic,True
HP-304,Penstock Steel,24.5,MT,Hydromechanical,29.73,synthetic,True
HP-304,Aggregate,1200.0,m3,Civil,1456.31,synthetic,True
HP-304,Sand,635.3,m3,Civil,771.0,synthetic,True
HP-304,Excavation,14118.3,m3,Civil,17133.86,synthetic,True
HP-304,Rock Excavation,6353.2,m3,Civil,7710.19,synthetic,True
HP-304,Earth Excavation,7765.1,m3,Civil,9423.67,synthetic,True
HP-304,Grouting Cement,39.5,MT,Civil,47.94,synthetic,True
HP-304,Shotcrete,28.2,m3,Civil,34.22,synthetic,True
HP-304,Lining Concrete,70.6,m3,Civil,85.68,synthetic,True
HP-304,Gates Steel,3.7,MT,Hydromechanical,4.49,synthetic,True
HP-304,Embedded Steel,3.5,MT,Civil,4.25,synthetic,True
HP-305,Concrete,1159.1,m3,Civil,1799.84,synthetic,True
HP-305,Cement,405.7,MT,Civil,629.97,synthetic,True
HP-305,Reinforcement Steel,61.4,MT,Civil,95.34,synthetic,True
HP-305,Structural Steel,15.3,MT,Civil,23.76,synthetic,True
HP-305,Penstock Steel,20.5,MT,Hydromechanical,31.83,synthetic,True
HP-305,Aggregate,985.2,m3,Civil,1529.81,synthetic,True
HP-305,Sand,521.6,m3,Civil,809.94,synthetic,True
HP-305,Excavation,11590.5,m3,Civil,17997.67,synthetic,True
HP-305,Rock Excavation,5215.7,m3,Civil,8098.91,synthetic,True
HP-305,Earth Excavation,6374.8,m3,Civil,9898.76,synthetic,True
HP-305,Grouting Cement,32.5,MT,Civil,50.47,synthetic,True
HP-305,Shotcrete,23.2,m3,Civil,36.02,synthetic,True
HP-305,Lining Concrete,58.0,m3,Civil,90.06,synthetic,True
HP-305,Gates Steel,3.1,MT,Hydromechanical,4.81,synthetic,True
HP-305,Embedded Steel,2.3,MT,Civil,3.57,synthetic,True
HP-306,Concrete,2511.8,m3,Civil,1578.76,synthetic,True
HP-306,Cement,879.1,MT,Civil,552.55,synthetic,True
HP-306,Reinforcement Steel,126.7,MT,Civil,79.64,synthetic,True
HP-306,Structural Steel,37.2,MT,Civil,23.38,synthetic,True
HP-306,Penstock Steel,42.2,MT,Hydromechanical,26.52,synthetic,True
HP-306,Aggregate,2135.0,m3,Civil,1341.92,synthetic,True
HP-306,Sand,1130.3,m3,Civil,710.43,synthetic,True
HP-306,Excavation,25118.3,m3,Civil,15787.74,synthetic,True
HP-306,Rock Excavation,11303.2,m3,Civil,7104.46,synthetic,True
HP-306,Earth Excavation,13815.1,m3,Civil,8683.28,synthetic,True
HP-306,Grouting Cement,70.3,MT,Civil,44.19,synthetic,True
HP-306,Shotcrete,50.2,m3,Civil,31.55,synthetic,True
HP-306,Lining Concrete,125.6,m3,Civil,78.94,synthetic,True
HP-306,Gates Steel,6.3,MT,Hydromechanical,3.96,synthetic,True
HP-306,Embedded Steel,5.6,MT,Civil,3.52,synthetic,True
HP-307,Concrete,1685.0,m3,Civil,1673.29,synthetic,True
HP-307,Cement,589.8,MT,Civil,585.7,synthetic,True
HP-307,Reinforcement Steel,86.8,MT,Civil,86.2,synthetic,True
HP-307,Structural Steel,18.2,MT,Civil,18.07,synthetic,True
HP-307,Penstock Steel,28.9,MT,Hydromechanical,28.7,synthetic,True
HP-307,Aggregate,1432.2,m3,Civil,1422.24,synthetic,True
HP-307,Sand,758.2,m3,Civil,752.93,synthetic,True
HP-307,Excavation,16849.6,m3,Civil,16732.47,synthetic,True
HP-307,Rock Excavation,12637.2,m3,Civil,12549.35,synthetic,True
HP-307,Earth Excavation,4212.4,m3,Civil,4183.12,synthetic,True
HP-307,Grouting Cement,47.2,MT,Civil,46.87,synthetic,True
HP-307,Shotcrete,33.7,m3,Civil,33.47,synthetic,True
HP-307,Lining Concrete,84.2,m3,Civil,83.61,synthetic,True
HP-307,Gates Steel,4.3,MT,Hydromechanical,4.27,synthetic,True
HP-307,Embedded Steel,2.7,MT,Civil,2.68,synthetic,True
HP-308,Concrete,2445.6,m3,Civil,1518.06,synthetic,True
HP-308,Cement,856.0,MT,Civil,531.35,synthetic,True
HP-308,Reinforcement Steel,123.3,MT,Civil,76.54,synthetic,True
HP-308,Structural Steel,29.2,MT,Civil,18.13,synthetic,True
HP-308,Penstock Steel,41.1,MT,Hydromechanical,25.51,synthetic,True
HP-308,Aggregate,2078.8,m3,Civil,1290.38,synthetic,True
HP-308,Sand,1100.5,m3,Civil,683.12,synthetic,True
HP-308,Excavation,24455.9,m3,Civil,15180.57,synthetic,True
HP-308,Rock Excavation,11005.2,m3,Civil,6831.28,synthetic,True
HP-308,Earth Excavation,13450.7,m3,Civil,8349.29,synthetic,True
HP-308,Grouting Cement,68.5,MT,Civil,42.52,synthetic,True
HP-308,Shotcrete,48.9,m3,Civil,30.35,synthetic,True
HP-308,Lining Concrete,122.3,m3,Civil,75.92,synthetic,True
HP-308,Gates Steel,6.2,MT,Hydromechanical,3.85,synthetic,True
HP-308,Embedded Steel,4.4,MT,Civil,2.73,synthetic,True
HP-309,Concrete,1404.9,m3,Civil,1935.12,synthetic,True
HP-309,Cement,491.7,MT,Civil,677.27,synthetic,True
HP-309,Reinforcement Steel,73.8,MT,Civil,101.65,synthetic,True
HP-309,Structural Steel,17.7,MT,Civil,24.38,synthetic,True
HP-309,Penstock Steel,24.6,MT,Hydromechanical,33.88,synthetic,True
HP-309,Aggregate,1194.2,m3,Civil,1644.9,synthetic,True
HP-309,Sand,632.2,m3,Civil,870.8,synthetic,True
HP-309,Excavation,14048.8,m3,Civil,19350.96,synthetic,True
HP-309,Rock Excavation,6322.0,m3,Civil,8707.99,synthetic,True
HP-309,Earth Excavation,7726.8,m3,Civil,10642.98,synthetic,True
HP-309,Grouting Cement,39.3,MT,Civil,54.13,synthetic,True
HP-309,Shotcrete,28.1,m3,Civil,38.71,synthetic,True
HP-309,Lining Concrete,70.2,m3,Civil,96.69,synthetic,True
HP-309,Gates Steel,3.7,MT,Hydromechanical,5.1,synthetic,True
HP-309,Embedded Steel,2.7,MT,Civil,3.72,synthetic,True
HP-310,Concrete,2586.0,m3,Civil,1606.21,synthetic,True
HP-310,Cement,905.1,MT,Civil,562.17,synthetic,True
HP-310,Reinforcement Steel,130.4,MT,Civil,80.99,synthetic,True
HP-310,Structural Steel,39.1,MT,Civil,24.29,synthetic,True
HP-310,Penstock Steel,43.5,MT,Hydromechanical,27.02,synthetic,True
HP-310,Aggregate,2198.1,m3,Civil,1365.28,synthetic,True
HP-310,Sand,1163.7,m3,Civil,722.8,synthetic,True
HP-310,Excavation,25860.3,m3,Civil,16062.3,synthetic,True
HP-310,Rock Excavation,11637.1,m3,Civil,7228.01,synthetic,True
HP-310,Earth Excavation,14223.2,m3,Civil,8834.29,synthetic,True
HP-310,Grouting Cement,72.4,MT,Civil,44.97,synthetic,True
HP-310,Shotcrete,51.7,m3,Civil,32.11,synthetic,True
HP-310,Lining Concrete,129.3,m3,Civil,80.31,synthetic,True
HP-310,Gates Steel,6.5,MT,Hydromechanical,4.04,synthetic,True
HP-310,Embedded Steel,5.9,MT,Civil,3.66,synthetic,True
HP-311,Concrete,2216.3,m3,Civil,1708.79,synthetic,True
HP-311,Cement,775.7,MT,Civil,598.07,synthetic,True
HP-311,Reinforcement Steel,112.8,MT,Civil,86.97,synthetic,True
HP-311,Structural Steel,35.4,MT,Civil,27.29,synthetic,True
HP-311,Penstock Steel,37.6,MT,Hydromechanical,28.99,synthetic,True
HP-311,Aggregate,1883.9,m3,Civil,1452.51,synthetic,True
HP-311,Sand,997.3,m3,Civil,768.93,synthetic,True
HP-311,Excavation,22162.8,m3,Civil,17087.74,synthetic,True
HP-311,Rock Excavation,9973.3,m3,Civil,7689.51,synthetic,True
HP-311,Earth Excavation,12189.5,m3,Civil,9398.23,synthetic,True
HP-311,Grouting Cement,62.1,MT,Civil,47.88,synthetic,True
HP-311,Shotcrete,44.3,m3,Civil,34.16,synthetic,True
HP-311,Lining Concrete,110.8,m3,Civil,85.43,synthetic,True
HP-311,Gates Steel,5.6,MT,Hydromechanical,4.32,synthetic,True
HP-311,Embedded Steel,5.3,MT,Civil,4.09,synthetic,True
HP-312,Concrete,801.7,m3,Civil,2764.48,synthetic,True
HP-312,Cement,280.6,MT,Civil,967.59,synthetic,True
HP-312,Reinforcement Steel,44.9,MT,Civil,154.83,synthetic,True
HP-312,Structural Steel,13.8,MT,Civil,47.59,synthetic,True
HP-312,Penstock Steel,15.0,MT,Hydromechanical,51.72,synthetic,True
HP-312,Aggregate,681.4,m3,Civil,2349.66,synthetic,True
HP-312,Sand,360.8,m3,Civil,1244.14,synthetic,True
HP-312,Excavation,8016.8,m3,Civil,27644.14,synthetic,True
HP-312,Rock Excavation,6012.6,m3,Civil,20733.1,synthetic,True
HP-312,Earth Excavation,2004.2,m3,Civil,6911.03,synthetic,True
HP-312,Grouting Cement,22.4,MT,Civil,77.24,synthetic,True
HP-312,Shotcrete,16.0,m3,Civil,55.17,synthetic,True
HP-312,Lining Concrete,40.1,m3,Civil,138.28,synthetic,True
HP-312,Gates Steel,2.2,MT,Hydromechanical,7.59,synthetic,True
HP-312,Embedded Steel,2.1,MT,Civil,7.24,synthetic,True
HP-313,Concrete,2662.2,m3,Civil,1416.82,synthetic,True
HP-313,Cement,931.8,MT,Civil,495.9,synthetic,True
HP-313,Reinforcement Steel,133.4,MT,Civil,71.0,synthetic,True
HP-313,Structural Steel,33.1,MT,Civil,17.62,synthetic,True
HP-313,Penstock Steel,44.5,MT,Hydromechanical,23.68,synthetic,True
HP-313,Aggregate,2262.9,m3,Civil,1204.31,synthetic,True
HP-313,Sand,1198.0,m3,Civil,637.57,synthetic,True
HP-313,Excavation,26621.8,m3,Civil,14168.07,synthetic,True
HP-313,Rock Excavation,11979.8,m3,Civil,6375.63,synthetic,True
HP-313,Earth Excavation,14642.0,m3,Civil,7792.44,synthetic,True
HP-313,Grouting Cement,74.5,MT,Civil,39.65,synthetic,True
HP-313,Shotcrete,53.2,m3,Civil,28.31,synthetic,True
HP-313,Lining Concrete,133.1,m3,Civil,70.84,synthetic,True
HP-313,Gates Steel,6.7,MT,Hydromechanical,3.57,synthetic,True
HP-313,Embedded Steel,5.0,MT,Civil,2.66,synthetic,True
HP-314,Concrete,2824.1,m3,Civil,1579.47,synthetic,True
HP-314,Cement,988.4,MT,Civil,552.8,synthetic,True
HP-314,Reinforcement Steel,141.8,MT,Civil,79.31,synthetic,True
HP-314,Structural Steel,37.1,MT,Civil,20.75,synthetic,True
HP-314,Penstock Steel,47.3,MT,Hydromechanical,26.45,synthetic,True
HP-314,Aggregate,2400.5,m3,Civil,1342.56,synthetic,True
HP-314,Sand,1270.8,m3,Civil,710.74,synthetic,True
HP-314,Excavation,28241.0,m3,Civil,15794.74,synthetic,True
HP-314,Rock Excavation,21180.8,m3,Civil,11846.09,synthetic,True
HP-314,Earth Excavation,7060.2,m3,Civil,3948.66,synthetic,True
HP-314,Grouting Cement,79.1,MT,Civil,44.24,synthetic,True
HP-314,Shotcrete,56.5,m3,Civil,31.6,synthetic,True
HP-314,Lining Concrete,141.2,m3,Civil,78.97,synthetic,True
HP-314,Gates Steel,7.1,MT,Hydromechanical,3.97,synthetic,True
HP-314,Embedded Steel,5.6,MT,Civil,3.13,synthetic,True
HP-315,Concrete,1638.6,m3,Civil,1678.89,synthetic,True
HP-315,Cement,573.5,MT,Civil,587.6,synthetic,True
HP-315,Reinforcement Steel,84.6,MT,Civil,86.68,synthetic,True
HP-315,Structural Steel,25.8,MT,Civil,26.43,synthetic,True
HP-315,Penstock Steel,28.2,MT,Hydromechanical,28.89,synthetic,True
HP-315,Aggregate,1392.8,m3,Civil,1427.05,synthetic,True
HP-315,Sand,737.4,m3,Civil,755.53,synthetic,True
HP-315,Excavation,16385.7,m3,Civil,16788.63,synthetic,True
HP-315,Rock Excavation,7373.6,m3,Civil,7554.92,synthetic,True
HP-315,Earth Excavation,9012.1,m3,Civil,9233.71,synthetic,True
HP-315,Grouting Cement,45.9,MT,Civil,47.03,synthetic,True
HP-315,Shotcrete,32.8,m3,Civil,33.61,synthetic,True
HP-315,Lining Concrete,81.9,m3,Civil,83.91,synthetic,True
HP-315,Gates Steel,4.2,MT,Hydromechanical,4.3,synthetic,True
HP-315,Embedded Steel,3.9,MT,Civil,4.0,synthetic,True
HP-316,Concrete,1476.4,m3,Civil,1922.4,synthetic,True
HP-316,Cement,516.7,MT,Civil,672.79,synthetic,True
HP-316,Reinforcement Steel,77.3,MT,Civil,100.65,synthetic,True
HP-316,Structural Steel,16.2,MT,Civil,21.09,synthetic,True
HP-316,Penstock Steel,25.8,MT,Hydromechanical,33.59,synthetic,True
HP-316,Aggregate,1254.9,m3,Civil,1633.98,synthetic,True
HP-316,Sand,664.4,m3,Civil,865.1,synthetic,True
HP-316,Excavation,14763.5,m3,Civil,19223.31,synthetic,True
HP-316,Rock Excavation,6643.6,m3,Civil,8650.52,synthetic,True
HP-316,Earth Excavation,8119.9,m3,Civil,10572.79,synthetic,True
HP-316,Grouting Cement,41.3,MT,Civil,53.78,synthetic,True
HP-316,Shotcrete,29.5,m3,Civil,38.41,synthetic,True
HP-316,Lining Concrete,73.8,m3,Civil,96.09,synthetic,True
HP-316,Gates Steel,3.9,MT,Hydromechanical,5.08,synthetic,True
HP-316,Embedded Steel,2.4,MT,Civil,3.12,synthetic,True
HP-317,Concrete,1870.7,m3,Civil,1700.64,synthetic,True
HP-317,Cement,654.7,MT,Civil,595.18,synthetic,True
HP-317,Reinforcement Steel,96.0,MT,Civil,87.27,synthetic,True
HP-317,Structural Steel,26.6,MT,Civil,24.18,synthetic,True
HP-317,Penstock Steel,32.0,MT,Hydromechanical,29.09,synthetic,True
HP-317,Aggregate,1590.1,m3,Civil,1445.55,synthetic,True
HP-317,Sand,841.8,m3,Civil,765.27,synthetic,True
HP-317,Excavation,18706.7,m3,Civil,17006.09,synthetic,True
HP-317,Rock Excavation,14030.0,m3,Civil,12754.55,synthetic,True
HP-317,Earth Excavation,4676.7,m3,Civil,4251.55,synthetic,True
HP-317,Grouting Cement,52.4,MT,Civil,47.64,synthetic,True
HP-317,Shotcrete,37.4,m3,Civil,34.0,synthetic,True
HP-317,Lining Concrete,93.5,m3,Civil,85.0,synthetic,True
HP-317,Gates Steel,4.8,MT,Hydromechanical,4.36,synthetic,True
HP-317,Embedded Steel,4.0,MT,Civil,3.64,synthetic,True
HP-318,Concrete,2426.7,m3,Civil,1430.84,synthetic,True
HP-318,Cement,849.3,MT,Civil,500.77,synthetic,True
HP-318,Reinforcement Steel,122.1,MT,Civil,71.99,synthetic,True
HP-318,Structural Steel,32.6,MT,Civil,19.22,synthetic,True
HP-318,Penstock Steel,40.7,MT,Hydromechanical,24.0,synthetic,True
HP-318,Aggregate,2062.7,m3,Civil,1216.21,synthetic,True
HP-318,Sand,1092.0,m3,Civil,643.87,synthetic,True
HP-318,Excavation,24267.4,m3,Civil,14308.61,synthetic,True
HP-318,Rock Excavation,10920.3,m3,Civil,6438.86,synthetic,True
HP-318,Earth Excavation,13347.1,m3,Civil,7869.75,synthetic,True
HP-318,Grouting Cement,67.9,MT,Civil,40.04,synthetic,True
HP-318,Shotcrete,48.5,m3,Civil,28.6,synthetic,True
HP-318,Lining Concrete,121.3,m3,Civil,71.52,synthetic,True
HP-318,Gates Steel,6.1,MT,Hydromechanical,3.6,synthetic,True
HP-318,Embedded Steel,4.9,MT,Civil,2.89,synthetic,True
HP-319,Concrete,1825.9,m3,Civil,1706.45,synthetic,True
HP-319,Cement,639.1,MT,Civil,597.29,synthetic,True
HP-319,Reinforcement Steel,93.8,MT,Civil,87.66,synthetic,True
HP-319,Structural Steel,27.1,MT,Civil,25.33,synthetic,True
HP-319,Penstock Steel,31.3,MT,Hydromechanical,29.25,synthetic,True
HP-319,Aggregate,1552.0,m3,Civil,1450.47,synthetic,True
HP-319,Sand,821.7,m3,Civil,767.94,synthetic,True
HP-319,Excavation,18258.7,m3,Civil,17064.21,synthetic,True
HP-319,Rock Excavation,8216.4,m3,Civil,7678.88,synthetic,True
HP-319,Earth Excavation,10042.3,m3,Civil,9385.33,synthetic,True
HP-319,Grouting Cement,51.1,MT,Civil,47.76,synthetic,True
HP-319,Shotcrete,36.5,m3,Civil,34.11,synthetic,True
HP-319,Lining Concrete,91.3,m3,Civil,85.33,synthetic,True
HP-319,Gates Steel,4.7,MT,Hydromechanical,4.39,synthetic,True
HP-319,Embedded Steel,4.1,MT,Civil,3.83,synthetic,True
HP-320,Concrete,1498.7,m3,Civil,1665.22,synthetic,True
HP-320,Cement,524.5,MT,Civil,582.78,synthetic,True
HP-320,Reinforcement Steel,77.7,MT,Civil,86.33,synthetic,True
HP-320,Structural Steel,22.6,MT,Civil,25.11,synthetic,True
HP-320,Penstock Steel,25.9,MT,Hydromechanical,28.78,synthetic,True
HP-320,Aggregate,1273.9,m3,Civil,1415.44,synthetic,True
HP-320,Sand,674.4,m3,Civil,749.33,synthetic,True
HP-320,Excavation,14987.3,m3,Civil,16652.56,synthetic,True
HP-320,Rock Excavation,11240.5,m3,Civil,12489.44,synthetic,True
HP-320,Earth Excavation,3746.8,m3,Civil,4163.11,synthetic,True
HP-320,Grouting Cement,42.0,MT,Civil,46.67,synthetic,True
HP-320,Shotcrete,30.0,m3,Civil,33.33,synthetic,True
HP-320,Lining Concrete,74.9,m3,Civil,83.22,synthetic,True
HP-320,Gates Steel,3.9,MT,Hydromechanical,4.33,synthetic,True
HP-320,Embedded Steel,3.4,MT,Civil,3.78,synthetic,True
HP-321,Concrete,1926.0,m3,Civil,1710.48,synthetic,True
HP-321,Cement,674.1,MT,Civil,598.67,synthetic,True
HP-321,Reinforcement Steel,98.7,MT,Civil,87.66,synthetic,True
HP-321,Structural Steel,30.5,MT,Civil,27.09,synthetic,True
HP-321,Penstock Steel,32.9,MT,Hydromechanical,29.22,synthetic,True
HP-321,Aggregate,1637.1,m3,Civil,1453.91,synthetic,True
HP-321,Sand,866.7,m3,Civil,769.72,synthetic,True
HP-321,Excavation,19259.8,m3,Civil,17104.62,synthetic,True
HP-321,Rock Excavation,8666.9,m3,Civil,7697.07,synthetic,True
HP-321,Earth Excavation,10592.9,m3,Civil,9407.55,synthetic,True
HP-321,Grouting Cement,53.9,MT,Civil,47.87,synthetic,True
HP-321,Shotcrete,38.5,m3,Civil,34.19,synthetic,True
HP-321,Lining Concrete,96.3,m3,Civil,85.52,synthetic,True
HP-321,Gates Steel,4.9,MT,Hydromechanical,4.35,synthetic,True
HP-321,Embedded Steel,4.6,MT,Civil,4.09,synthetic,True
HP-322,Concrete,1346.4,m3,Civil,1849.45,synthetic,True
HP-322,Cement,471.2,MT,Civil,647.25,synthetic,True
HP-322,Reinforcement Steel,70.7,MT,Civil,97.12,synthetic,True
HP-322,Structural Steel,20.2,MT,Civil,27.75,synthetic,True
HP-322,Penstock Steel,23.6,MT,Hydromechanical,32.42,synthetic,True
HP-322,Aggregate,1144.4,m3,Civil,1571.98,synthetic,True
HP-322,Sand,605.9,m3,Civil,832.28,synthetic,True
HP-322,Excavation,13463.8,m3,Civil,18494.23,synthetic,True
HP-322,Rock Excavation,6058.7,m3,Civil,8322.39,synthetic,True
HP-322,Earth Excavation,7405.1,m3,Civil,10171.84,synthetic,True
HP-322,Grouting Cement,37.7,MT,Civil,51.79,synthetic,True
HP-322,Shotcrete,26.9,m3,Civil,36.95,synthetic,True
HP-322,Lining Concrete,67.3,m3,Civil,92.45,synthetic,True
HP-322,Gates Steel,3.5,MT,Hydromechanical,4.81,synthetic,True
HP-322,Embedded Steel,3.0,MT,Civil,4.12,synthetic,True
HP-323,Concrete,2220.8,m3,Civil,1729.6,synthetic,True
HP-323,Cement,777.3,MT,Civil,605.37,synthetic,True
HP-323,Reinforcement Steel,113.1,MT,Civil,88.08,synthetic,True
HP-323,Structural Steel,26.8,MT,Civil,20.87,synthetic,True
HP-323,Penstock Steel,37.7,MT,Hydromechanical,29.36,synthetic,True
HP-323,Aggregate,1887.7,m3,Civil,1470.17,synthetic,True
HP-323,Sand,999.4,m3,Civil,778.35,synthetic,True
HP-323,Excavation,22207.8,m3,Civil,17295.79,synthetic,True
HP-323,Rock Excavation,16655.8,m3,Civil,12971.81,synthetic,True
HP-323,Earth Excavation,5552.0,m3,Civil,4323.99,synthetic,True
HP-323,Grouting Cement,62.2,MT,Civil,48.44,synthetic,True
HP-323,Shotcrete,44.4,m3,Civil,34.58,synthetic,True
HP-323,Lining Concrete,111.0,m3,Civil,86.45,synthetic,True
HP-323,Gates Steel,5.7,MT,Hydromechanical,4.44,synthetic,True
HP-323,Embedded Steel,4.0,MT,Civil,3.12,synthetic,True
HP-324,Concrete,1920.9,m3,Civil,1607.45,synthetic,True
HP-324,Cement,672.3,MT,Civil,562.59,synthetic,True
HP-324,Reinforcement Steel,98.1,MT,Civil,82.09,synthetic,True
HP-324,Structural Steel,22.0,MT,Civil,18.41,synthetic,True
HP-324,Penstock Steel,32.7,MT,Hydromechanical,27.36,synthetic,True
HP-324,Aggregate,1632.8,m3,Civil,1366.36,synthetic,True
HP-324,Sand,864.4,m3,Civil,723.35,synthetic,True
HP-324,Excavation,19208.5,m3,Civil,16074.06,synthetic,True
HP-324,Rock Excavation,14406.4,m3,Civil,12055.56,synthetic,True
HP-324,Earth Excavation,4802.1,m3,Civil,4018.49,synthetic,True
HP-324,Grouting Cement,53.8,MT,Civil,45.02,synthetic,True
HP-324,Shotcrete,38.4,m3,Civil,32.13,synthetic,True
HP-324,Lining Concrete,96.0,m3,Civil,80.33,synthetic,True
HP-324,Gates Steel,4.9,MT,Hydromechanical,4.1,synthetic,True
HP-324,Embedded Steel,3.3,MT,Civil,2.76,synthetic,True
HP-325,Concrete,1184.5,m3,Civil,2122.76,synthetic,True
HP-325,Cement,414.6,MT,Civil,743.01,synthetic,True
HP-325,Reinforcement Steel,63.3,MT,Civil,113.44,synthetic,True
HP-325,Structural Steel,17.2,MT,Civil,30.82,synthetic,True
HP-325,Penstock Steel,21.1,MT,Hydromechanical,37.81,synthetic,True
HP-325,Aggregate,1006.8,m3,Civil,1804.3,synthetic,True
HP-325,Sand,533.0,m3,Civil,955.2,synthetic,True
HP-325,Excavation,11845.5,m3,Civil,21228.49,synthetic,True
HP-325,Rock Excavation,8884.1,m3,Civil,15921.33,synthetic,True
HP-325,Earth Excavation,2961.4,m3,Civil,5307.17,synthetic,True
HP-325,Grouting Cement,33.2,MT,Civil,59.5,synthetic,True
HP-325,Shotcrete,23.7,m3,Civil,42.47,synthetic,True
HP-325,Lining Concrete,59.2,m3,Civil,106.09,synthetic,True
HP-325,Gates Steel,3.2,MT,Hydromechanical,5.73,synthetic,True
HP-325,Embedded Steel,2.6,MT,Civil,4.66,synthetic,True
HP-326,Concrete,2242.0,m3,Civil,1458.69,synthetic,True
HP-326,Cement,784.7,MT,Civil,510.54,synthetic,True
HP-326,Reinforcement Steel,113.2,MT,Civil,73.65,synthetic,True
HP-326,Structural Steel,25.4,MT,Civil,16.53,synthetic,True
HP-326,Penstock Steel,37.7,MT,Hydromechanical,24.53,synthetic,True
HP-326,Aggregate,1905.7,m3,Civil,1239.88,synthetic,True
HP-326,Sand,1008.9,m3,Civil,656.41,synthetic,True
HP-326,Excavation,22419.5,m3,Civil,14586.53,synthetic,True
HP-326,Rock Excavation,10088.8,m3,Civil,6563.96,synthetic,True
HP-326,Earth Excavation,12330.7,m3,Civil,8022.58,synthetic,True
HP-326,Grouting Cement,62.8,MT,Civil,40.86,synthetic,True
HP-326,Shotcrete,44.8,m3,Civil,29.15,synthetic,True
HP-326,Lining Concrete,112.1,m3,Civil,72.93,synthetic,True
HP-326,Gates Steel,5.7,MT,Hydromechanical,3.71,synthetic,True
HP-326,Embedded Steel,3.8,MT,Civil,2.47,synthetic,True
HP-327,Concrete,778.9,m3,Civil,2339.04,synthetic,True
HP-327,Cement,272.6,MT,Civil,818.62,synthetic,True
HP-327,Reinforcement Steel,43.2,MT,Civil,129.73,synthetic,True
HP-327,Structural Steel,12.1,MT,Civil,36.34,synthetic,True
HP-327,Penstock Steel,14.4,MT,Hydromechanical,43.24,synthetic,True
HP-327,Aggregate,662.1,m3,Civil,1988.29,synthetic,True
HP-327,Sand,350.5,m3,Civil,1052.55,synthetic,True
HP-327,Excavation,7788.9,m3,Civil,23390.09,synthetic,True
HP-327,Rock Excavation,3505.0,m3,Civil,10525.53,synthetic,True
HP-327,Earth Excavation,4283.9,m3,Civil,12864.56,synthetic,True
HP-327,Grouting Cement,21.8,MT,Civil,65.47,synthetic,True
HP-327,Shotcrete,15.6,m3,Civil,46.85,synthetic,True
HP-327,Lining Concrete,38.9,m3,Civil,116.82,synthetic,True
HP-327,Gates Steel,2.2,MT,Hydromechanical,6.61,synthetic,True
HP-327,Embedded Steel,1.8,MT,Civil,5.41,synthetic,True
HP-328,Concrete,1791.0,m3,Civil,1600.54,synthetic,True
HP-328,Cement,626.8,MT,Civil,560.14,synthetic,True
HP-328,Reinforcement Steel,91.8,MT,Civil,82.04,synthetic,True
HP-328,Structural Steel,21.5,MT,Civil,19.21,synthetic,True
HP-328,Penstock Steel,30.6,MT,Hydromechanical,27.35,synthetic,True
HP-328,Aggregate,1522.3,m3,Civil,1360.41,synthetic,True
HP-328,Sand,806.0,m3,Civil,720.29,synthetic,True
HP-328,Excavation,17910.2,m3,Civil,16005.54,synthetic,True
HP-328,Rock Excavation,8059.6,m3,Civil,7202.5,synthetic,True
HP-328,Earth Excavation,9850.6,m3,Civil,8803.04,synthetic,True
HP-328,Grouting Cement,50.1,MT,Civil,44.77,synthetic,True
HP-328,Shotcrete,35.8,m3,Civil,31.99,synthetic,True
HP-328,Lining Concrete,89.6,m3,Civil,80.07,synthetic,True
HP-328,Gates Steel,4.6,MT,Hydromechanical,4.11,synthetic,True
HP-328,Embedded Steel,3.2,MT,Civil,2.86,synthetic,True
HP-329,Concrete,3048.5,m3,Civil,1599.42,synthetic,True
HP-329,Cement,1067.0,MT,Civil,559.81,synthetic,True
HP-329,Reinforcement Steel,152.7,MT,Civil,80.12,synthetic,True
HP-329,Structural Steel,47.4,MT,Civil,24.87,synthetic,True
HP-329,Penstock Steel,50.9,MT,Hydromechanical,26.71,synthetic,True
HP-329,Aggregate,2591.2,m3,Civil,1359.5,synthetic,True
HP-329,Sand,1371.8,m3,Civil,719.73,synthetic,True
HP-329,Excavation,30485.0,m3,Civil,15994.23,synthetic,True
HP-329,Rock Excavation,22863.8,m3,Civil,11995.7,synthetic,True
HP-329,Earth Excavation,7621.2,m3,Civil,3998.53,synthetic,True
HP-329,Grouting Cement,85.4,MT,Civil,44.81,synthetic,True
HP-329,Shotcrete,61.0,m3,Civil,32.0,synthetic,True
HP-329,Lining Concrete,152.4,m3,Civil,79.96,synthetic,True
HP-329,Gates Steel,7.6,MT,Hydromechanical,3.99,synthetic,True
HP-329,Embedded Steel,7.1,MT,Civil,3.73,synthetic,True
HP-330,Concrete,1440.8,m3,Civil,1774.38,synthetic,True
HP-330,Cement,504.3,MT,Civil,621.06,synthetic,True
HP-330,Reinforcement Steel,75.2,MT,Civil,92.61,synthetic,True
HP-330,Structural Steel,20.8,MT,Civil,25.62,synthetic,True
HP-330,Penstock Steel,25.1,MT,Hydromechanical,30.91,synthetic,True
HP-330,Aggregate,1224.7,m3,Civil,1508.25,synthetic,True
HP-330,Sand,648.4,m3,Civil,798.52,synthetic,True
HP-330,Excavation,14407.7,m3,Civil,17743.47,synthetic,True
HP-330,Rock Excavation,6483.5,m3,Civil,7984.61,synthetic,True
HP-330,Earth Excavation,7924.2,m3,Civil,9758.87,synthetic,True
HP-330,Grouting Cement,40.3,MT,Civil,49.63,synthetic,True
HP-330,Shotcrete,28.8,m3,Civil,35.47,synthetic,True
HP-330,Lining Concrete,72.0,m3,Civil,88.67,synthetic,True
HP-330,Gates Steel,3.8,MT,Hydromechanical,4.68,synthetic,True
HP-330,Embedded Steel,3.1,MT,Civil,3.82,synthetic,True
HP-331,Concrete,568.4,m3,Civil,4697.52,synthetic,True
HP-331,Cement,198.9,MT,Civil,1643.8,synthetic,True
HP-331,Reinforcement Steel,33.7,MT,Civil,278.51,synthetic,True
HP-331,Structural Steel,8.3,MT,Civil,68.6,synthetic,True
HP-331,Penstock Steel,11.2,MT,Hydromechanical,92.56,synthetic,True
HP-331,Aggregate,483.1,m3,Civil,3992.56,synthetic,True
HP-331,Sand,255.8,m3,Civil,2114.05,synthetic,True
HP-331,Excavation,5683.6,m3,Civil,46971.9,synthetic,True
HP-331,Rock Excavation,2557.6,m3,Civil,21137.19,synthetic,True
HP-331,Earth Excavation,3126.0,m3,Civil,25834.71,synthetic,True
HP-331,Grouting Cement,15.9,MT,Civil,131.4,synthetic,True
HP-331,Shotcrete,11.4,m3,Civil,94.21,synthetic,True
HP-331,Lining Concrete,28.4,m3,Civil,234.71,synthetic,True
HP-331,Gates Steel,1.7,MT,Hydromechanical,14.05,synthetic,True
HP-331,Embedded Steel,1.2,MT,Civil,9.92,synthetic,True
HP-332,Concrete,1613.4,m3,Civil,1746.1,synthetic,True
HP-332,Cement,564.7,MT,Civil,611.15,synthetic,True
HP-332,Reinforcement Steel,83.6,MT,Civil,90.48,synthetic,True
HP-332,Structural Steel,21.3,MT,Civil,23.05,synthetic,True
HP-332,Penstock Steel,27.9,MT,Hydromechanical,30.19,synthetic,True
HP-332,Aggregate,1371.4,m3,Civil,1484.2,synthetic,True
HP-332,Sand,726.0,m3,Civil,785.71,synthetic,True
HP-332,Excavation,16134.0,m3,Civil,17461.04,synthetic,True
HP-332,Rock Excavation,7260.3,m3,Civil,7857.47,synthetic,True
HP-332,Earth Excavation,8873.7,m3,Civil,9603.57,synthetic,True
HP-332,Grouting Cement,45.2,MT,Civil,48.92,synthetic,True
HP-332,Shotcrete,32.3,m3,Civil,34.96,synthetic,True
HP-332,Lining Concrete,80.7,m3,Civil,87.34,synthetic,True
HP-332,Gates Steel,4.2,MT,Hydromechanical,4.55,synthetic,True
HP-332,Embedded Steel,3.2,MT,Civil,3.46,synthetic,True
HP-333,Concrete,2825.9,m3,Civil,1426.5,synthetic,True
HP-333,Cement,989.1,MT,Civil,499.29,synthetic,True
HP-333,Reinforcement Steel,141.3,MT,Civil,71.33,synthetic,True
HP-333,Structural Steel,28.6,MT,Civil,14.44,synthetic,True
HP-333,Penstock Steel,47.1,MT,Hydromechanical,23.78,synthetic,True
HP-333,Aggregate,2402.0,m3,Civil,1212.52,synthetic,True
HP-333,Sand,1271.7,m3,Civil,641.95,synthetic,True
HP-333,Excavation,28259.0,m3,Civil,14265.02,synthetic,True
HP-333,Rock Excavation,12716.6,m3,Civil,6419.28,synthetic,True
HP-333,Earth Excavation,15542.4,m3,Civil,7845.73,synthetic,True
HP-333,Grouting Cement,79.1,MT,Civil,39.93,synthetic,True
HP-333,Shotcrete,56.5,m3,Civil,28.52,synthetic,True
HP-333,Lining Concrete,141.3,m3,Civil,71.33,synthetic,True
HP-333,Gates Steel,7.1,MT,Hydromechanical,3.58,synthetic,True
HP-333,Embedded Steel,4.3,MT,Civil,2.17,synthetic,True
HP-334,Concrete,1403.4,m3,Civil,1694.93,synthetic,True
HP-334,Cement,491.2,MT,Civil,593.24,synthetic,True
HP-334,Reinforcement Steel,73.1,MT,Civil,88.29,synthetic,True
HP-334,Structural Steel,16.1,MT,Civil,19.44,synthetic,True
HP-334,Penstock Steel,24.4,MT,Hydromechanical,29.47,synthetic,True
HP-334,Aggregate,1192.9,m3,Civil,1440.7,synthetic,True
HP-334,Sand,631.5,m3,Civil,762.68,synthetic,True
HP-334,Excavation,14034.0,m3,Civil,16949.28,synthetic,True
HP-334,Rock Excavation,6315.3,m3,Civil,7627.17,synthetic,True
HP-334,Earth Excavation,7718.7,m3,Civil,9322.1,synthetic,True
HP-334,Grouting Cement,39.3,MT,Civil,47.46,synthetic,True
HP-334,Shotcrete,28.1,m3,Civil,33.94,synthetic,True
HP-334,Lining Concrete,70.2,m3,Civil,84.78,synthetic,True
HP-334,Gates Steel,3.7,MT,Hydromechanical,4.47,synthetic,True
HP-334,Embedded Steel,2.4,MT,Civil,2.9,synthetic,True
HP-335,Concrete,1482.1,m3,Civil,1733.45,synthetic,True
HP-335,Cement,518.7,MT,Civil,606.67,synthetic,True
HP-335,Reinforcement Steel,77.1,MT,Civil,90.18,synthetic,True
HP-335,Structural Steel,16.5,MT,Civil,19.3,synthetic,True
HP-335,Penstock Steel,25.7,MT,Hydromechanical,30.06,synthetic,True
HP-335,Aggregate,1259.8,m3,Civil,1473.45,synthetic,True
HP-335,Sand,666.9,m3,Civil,780.0,synthetic,True
HP-335,Excavation,14821.0,m3,Civil,17334.5,synthetic,True
HP-335,Rock Excavation,6669.4,m3,Civil,7800.47,synthetic,True
HP-335,Earth Excavation,8151.6,m3,Civil,9534.04,synthetic,True
HP-335,Grouting Cement,41.5,MT,Civil,48.54,synthetic,True
HP-335,Shotcrete,29.6,m3,Civil,34.62,synthetic,True
HP-335,Lining Concrete,74.1,m3,Civil,86.67,synthetic,True
HP-335,Gates Steel,3.9,MT,Hydromechanical,4.56,synthetic,True
HP-335,Embedded Steel,2.5,MT,Civil,2.92,synthetic,True
HP-336,Concrete,2426.8,m3,Civil,1431.74,synthetic,True
HP-336,Cement,849.4,MT,Civil,501.12,synthetic,True
HP-336,Reinforcement Steel,122.1,MT,Civil,72.04,synthetic,True
HP-336,Structural Steel,33.7,MT,Civil,19.88,synthetic,True
HP-336,Penstock Steel,40.7,MT,Hydromechanical,24.01,synthetic,True
HP-336,Aggregate,2062.8,m3,Civil,1216.99,synthetic,True
HP-336,Sand,1092.1,m3,Civil,644.31,synthetic,True
HP-336,Excavation,24268.1,m3,Civil,14317.46,synthetic,True
HP-336,Rock Excavation,10920.6,m3,Civil,6442.83,synthetic,True
HP-336,Earth Excavation,13347.5,m3,Civil,7874.63,synthetic,True
HP-336,Grouting Cement,68.0,MT,Civil,40.12,synthetic,True
HP-336,Shotcrete,48.5,m3,Civil,28.61,synthetic,True
HP-336,Lining Concrete,121.3,m3,Civil,71.56,synthetic,True
HP-336,Gates Steel,6.1,MT,Hydromechanical,3.6,synthetic,True
HP-336,Embedded Steel,5.1,MT,Civil,3.01,synthetic,True
HP-337,Concrete,2772.9,m3,Civil,1449.5,synthetic,True
HP-337,Cement,970.5,MT,Civil,507.32,synthetic,True
HP-337,Reinforcement Steel,138.9,MT,Civil,72.61,synthetic,True
HP-337,Structural Steel,43.7,MT,Civil,22.84,synthetic,True
HP-337,Penstock Steel,46.3,MT,Hydromechanical,24.2,synthetic,True
HP-337,Aggregate,2357.0,m3,Civil,1232.1,synthetic,True
HP-337,Sand,1247.8,m3,Civil,652.27,synthetic,True
HP-337,Excavation,27728.9,m3,Civil,14494.98,synthetic,True
HP-337,Rock Excavation,12478.0,m3,Civil,6522.74,synthetic,True
HP-337,Earth Excavation,15250.9,m3,Civil,7972.24,synthetic,True
HP-337,Grouting Cement,77.6,MT,Civil,40.56,synthetic,True
HP-337,Shotcrete,55.5,m3,Civil,29.01,synthetic,True
HP-337,Lining Concrete,138.6,m3,Civil,72.45,synthetic,True
HP-337,Gates Steel,6.9,MT,Hydromechanical,3.61,synthetic,True
HP-337,Embedded Steel,6.6,MT,Civil,3.45,synthetic,True
HP-338,Concrete,3093.7,m3,Civil,1603.78,synthetic,True
HP-338,Cement,1082.8,MT,Civil,561.33,synthetic,True
HP-338,Reinforcement Steel,154.9,MT,Civil,80.3,synthetic,True
HP-338,Structural Steel,38.5,MT,Civil,19.96,synthetic,True
HP-338,Penstock Steel,51.6,MT,Hydromechanical,26.75,synthetic,True
HP-338,Aggregate,2629.6,m3,Civil,1363.19,synthetic,True
HP-338,Sand,1392.2,m3,Civil,721.72,synthetic,True
HP-338,Excavation,30936.8,m3,Civil,16037.74,synthetic,True
HP-338,Rock Excavation,23202.6,m3,Civil,12028.3,synthetic,True
HP-338,Earth Excavation,7734.2,m3,Civil,4009.43,synthetic,True
HP-338,Grouting Cement,86.6,MT,Civil,44.89,synthetic,True
HP-338,Shotcrete,61.9,m3,Civil,32.09,synthetic,True
HP-338,Lining Concrete,154.7,m3,Civil,80.2,synthetic,True
HP-338,Gates Steel,7.7,MT,Hydromechanical,3.99,synthetic,True
HP-338,Embedded Steel,5.8,MT,Civil,3.01,synthetic,True
HP-339,Concrete,2322.5,m3,Civil,1672.07,synthetic,True
HP-339,Cement,812.9,MT,Civil,585.24,synthetic,True
HP-339,Reinforcement Steel,117.8,MT,Civil,84.81,synthetic,True
HP-339,Structural Steel,37.0,MT,Civil,26.64,synthetic,True
HP-339,Penstock Steel,39.3,MT,Hydromechanical,28.29,synthetic,True
HP-339,Aggregate,1974.1,m3,Civil,1421.24,synthetic,True
HP-339,Sand,1045.1,m3,Civil,752.41,synthetic,True
HP-339,Excavation,23225.2,m3,Civil,16720.81,synthetic,True
HP-339,Rock Excavation,10451.3,m3,Civil,7524.33,synthetic,True
HP-339,Earth Excavation,12773.9,m3,Civil,9196.47,synthetic,True
HP-339,Grouting Cement,65.0,MT,Civil,46.8,synthetic,True
HP-339,Shotcrete,46.5,m3,Civil,33.48,synthetic,True
HP-339,Lining Concrete,116.1,m3,Civil,83.59,synthetic,True
HP-339,Gates Steel,5.9,MT,Hydromechanical,4.25,synthetic,True
HP-339,Embedded Steel,5.5,MT,Civil,3.96,synthetic,True
HP-340,Concrete,722.0,m3,Civil,2498.27,synthetic,True
HP-340,Cement,252.7,MT,Civil,874.39,synthetic,True
HP-340,Reinforcement Steel,40.4,MT,Civil,139.79,synthetic,True
HP-340,Structural Steel,8.8,MT,Civil,30.45,synthetic,True
HP-340,Penstock Steel,13.5,MT,Hydromechanical,46.71,synthetic,True
HP-340,Aggregate,613.7,m3,Civil,2123.53,synthetic,True
HP-340,Sand,324.9,m3,Civil,1124.22,synthetic,True
HP-340,Excavation,7220.2,m3,Civil,24983.39,synthetic,True
HP-340,Rock Excavation,5415.1,m3,Civil,18737.37,synthetic,True
HP-340,Earth Excavation,1805.1,m3,Civil,6246.02,synthetic,True
HP-340,Grouting Cement,20.2,MT,Civil,69.9,synthetic,True
HP-340,Shotcrete,14.4,m3,Civil,49.83,synthetic,True
HP-340,Lining Concrete,36.1,m3,Civil,124.91,synthetic,True
HP-340,Gates Steel,2.0,MT,Hydromechanical,6.92,synthetic,True
HP-340,Embedded Steel,1.3,MT,Civil,4.5,synthetic,True
HP-341,Concrete,159.8,m3,Civil,2091.62,synthetic,True
HP-341,Cement,55.9,MT,Civil,731.68,synthetic,True
HP-341,Reinforcement Steel,12.1,MT,Civil,158.38,synthetic,True
HP-341,Structural Steel,3.7,MT,Civil,48.43,synthetic,True
HP-341,Penstock Steel,4.1,MT,Hydromechanical,53.66,synthetic,True
HP-341,Aggregate,135.8,m3,Civil,1777.49,synthetic,True
HP-341,Sand,71.9,m3,Civil,941.1,synthetic,True
HP-341,Excavation,2447.5,m3,Civil,32035.34,synthetic,True
HP-341,Rock Excavation,1101.4,m3,Civil,14416.23,synthetic,True
HP-341,Earth Excavation,1346.1,m3,Civil,17619.11,synthetic,True
HP-341,Grouting Cement,4.5,MT,Civil,58.9,synthetic,True
HP-341,Shotcrete,3.2,m3,Civil,41.88,synthetic,True
HP-341,Lining Concrete,8.0,m3,Civil,104.71,synthetic,True
HP-341,Gates Steel,0.6,MT,Hydromechanical,7.85,synthetic,True
HP-341,Embedded Steel,0.6,MT,Civil,7.85,synthetic,True
HP-342,Concrete,34.9,m3,Civil,2932.77,synthetic,True
HP-342,Cement,12.2,MT,Civil,1025.21,synthetic,True
HP-342,Reinforcement Steel,3.1,MT,Civil,260.5,synthetic,True
HP-342,Structural Steel,0.6,MT,Civil,50.42,synthetic,True
HP-342,Penstock Steel,1.4,MT,Hydromechanical,117.65,synthetic,True
HP-342,Aggregate,29.7,m3,Civil,2495.8,synthetic,True
HP-342,Sand,15.7,m3,Civil,1319.33,synthetic,True
HP-342,Excavation,718.5,m3,Civil,60378.15,synthetic,True
HP-342,Rock Excavation,323.3,m3,Civil,27168.07,synthetic,True
HP-342,Earth Excavation,395.2,m3,Civil,33210.08,synthetic,True
HP-342,Grouting Cement,1.0,MT,Civil,84.03,synthetic,True
HP-342,Shotcrete,0.7,m3,Civil,58.82,synthetic,True
HP-342,Lining Concrete,1.7,m3,Civil,142.86,synthetic,True
HP-342,Gates Steel,0.2,MT,Hydromechanical,16.81,synthetic,True
HP-342,Embedded Steel,0.1,MT,Civil,8.4,synthetic,True
HP-343,Concrete,164.0,m3,Civil,2160.74,synthetic,True
HP-343,Cement,57.4,MT,Civil,756.26,synthetic,True
HP-343,Reinforcement Steel,12.4,MT,Civil,163.37,synthetic,True
HP-343,Structural Steel,3.8,MT,Civil,50.07,synthetic,True
HP-343,Penstock Steel,4.2,MT,Hydromechanical,55.34,synthetic,True
HP-343,Aggregate,139.4,m3,Civil,1836.63,synthetic,True
HP-343,Sand,73.8,m3,Civil,972.33,synthetic,True
HP-343,Excavation,2513.4,m3,Civil,33114.62,synthetic,True
HP-343,Rock Excavation,1131.0,m3,Civil,14901.19,synthetic,True
HP-343,Earth Excavation,1382.4,m3,Civil,18213.44,synthetic,True
HP-343,Grouting Cement,4.6,MT,Civil,60.61,synthetic,True
HP-343,Shotcrete,3.3,m3,Civil,43.48,synthetic,True
HP-343,Lining Concrete,8.2,m3,Civil,108.04,synthetic,True
HP-343,Gates Steel,0.6,MT,Hydromechanical,7.91,synthetic,True
HP-343,Embedded Steel,0.6,MT,Civil,7.91,synthetic,True
HP-344,Concrete,130.1,m3,Civil,2212.59,synthetic,True
HP-344,Cement,45.5,MT,Civil,773.81,synthetic,True
HP-344,Reinforcement Steel,10.0,MT,Civil,170.07,synthetic,True
HP-344,Structural Steel,2.7,MT,Civil,45.92,synthetic,True
HP-344,Penstock Steel,3.5,MT,Hydromechanical,59.52,synthetic,True
HP-344,Aggregate,110.6,m3,Civil,1880.95,synthetic,True
HP-344,Sand,58.5,m3,Civil,994.9,synthetic,True
HP-344,Excavation,2043.7,m3,Civil,34756.8,synthetic,True
HP-344,Rock Excavation,1532.8,m3,Civil,26068.03,synthetic,True
HP-344,Earth Excavation,510.9,m3,Civil,8688.78,synthetic,True
HP-344,Grouting Cement,3.6,MT,Civil,61.22,synthetic,True
HP-344,Shotcrete,2.6,m3,Civil,44.22,synthetic,True
HP-344,Lining Concrete,6.5,m3,Civil,110.54,synthetic,True
HP-344,Gates Steel,0.5,MT,Hydromechanical,8.5,synthetic,True
HP-344,Embedded Steel,0.4,MT,Civil,6.8,synthetic,True
HP-345,Concrete,145.3,m3,Civil,1993.14,synthetic,True
HP-345,Cement,50.9,MT,Civil,698.22,synthetic,True
HP-345,Reinforcement Steel,11.0,MT,Civil,150.89,synthetic,True
HP-345,Structural Steel,3.2,MT,Civil,43.9,synthetic,True
HP-345,Penstock Steel,3.8,MT,Hydromechanical,52.13,synthetic,True
HP-345,Aggregate,123.5,m3,Civil,1694.1,synthetic,True
HP-345,Sand,65.4,m3,Civil,897.12,synthetic,True
HP-345,Excavation,2235.6,m3,Civil,30666.67,synthetic,True
HP-345,Rock Excavation,1676.7,m3,Civil,23000.0,synthetic,True
HP-345,Earth Excavation,558.9,m3,Civil,7666.67,synthetic,True
HP-345,Grouting Cement,4.1,MT,Civil,56.24,synthetic,True
HP-345,Shotcrete,2.9,m3,Civil,39.78,synthetic,True
HP-345,Lining Concrete,7.3,m3,Civil,100.14,synthetic,True
HP-345,Gates Steel,0.6,MT,Hydromechanical,8.23,synthetic,True
HP-345,Embedded Steel,0.5,MT,Civil,6.86,synthetic,True
HP-346,Concrete,150.2,m3,Civil,2071.72,synthetic,True
HP-346,Cement,52.6,MT,Civil,725.52,synthetic,True
HP-346,Reinforcement Steel,11.4,MT,Civil,157.24,synthetic,True
HP-346,Structural Steel,3.0,MT,Civil,41.38,synthetic,True
HP-346,Penstock Steel,3.9,MT,Hydromechanical,53.79,synthetic,True
HP-346,Aggregate,127.7,m3,Civil,1761.38,synthetic,True
HP-346,Sand,67.6,m3,Civil,932.41,synthetic,True
HP-346,Excavation,2312.1,m3,Civil,31891.03,synthetic,True
HP-346,Rock Excavation,1040.4,m3,Civil,14350.34,synthetic,True
HP-346,Earth Excavation,1271.7,m3,Civil,17540.69,synthetic,True
HP-346,Grouting Cement,4.2,MT,Civil,57.93,synthetic,True
HP-346,Shotcrete,3.0,m3,Civil,41.38,synthetic,True
HP-346,Lining Concrete,7.5,m3,Civil,103.45,synthetic,True
HP-346,Gates Steel,0.6,MT,Hydromechanical,8.28,synthetic,True
HP-346,Embedded Steel,0.4,MT,Civil,5.52,synthetic,True
HP-347,Concrete,87.0,m3,Civil,2101.45,synthetic,True
HP-347,Cement,30.4,MT,Civil,734.3,synthetic,True
HP-347,Reinforcement Steel,6.8,MT,Civil,164.25,synthetic,True
HP-347,Structural Steel,1.7,MT,Civil,41.06,synthetic,True
HP-347,Penstock Steel,2.5,MT,Hydromechanical,60.39,synthetic,True
HP-347,Aggregate,74.0,m3,Civil,1787.44,synthetic,True
HP-347,Sand,39.1,m3,Civil,944.44,synthetic,True
HP-347,Excavation,1425.6,m3,Civil,34434.78,synthetic,True
HP-347,Rock Excavation,641.5,m3,Civil,15495.17,synthetic,True
HP-347,Earth Excavation,784.1,m3,Civil,18939.61,synthetic,True
HP-347,Grouting Cement,2.4,MT,Civil,57.97,synthetic,True
HP-347,Shotcrete,1.7,m3,Civil,41.06,synthetic,True
HP-347,Lining Concrete,4.4,m3,Civil,106.28,synthetic,True
HP-347,Gates Steel,0.3,MT,Hydromechanical,7.25,synthetic,True
HP-347,Embedded Steel,0.3,MT,Civil,7.25,synthetic,True
HP-348,Concrete,46.2,m3,Civil,2686.05,synthetic,True
HP-348,Cement,16.2,MT,Civil,941.86,synthetic,True
HP-348,Reinforcement Steel,3.9,MT,Civil,226.74,synthetic,True
HP-348,Structural Steel,1.1,MT,Civil,63.95,synthetic,True
HP-348,Penstock Steel,1.6,MT,Hydromechanical,93.02,synthetic,True
HP-348,Aggregate,39.3,m3,Civil,2284.88,synthetic,True
HP-348,Sand,20.8,m3,Civil,1209.3,synthetic,True
HP-348,Excavation,880.2,m3,Civil,51174.42,synthetic,True
HP-348,Rock Excavation,396.1,m3,Civil,23029.07,synthetic,True
HP-348,Earth Excavation,484.1,m3,Civil,28145.35,synthetic,True
HP-348,Grouting Cement,1.3,MT,Civil,75.58,synthetic,True
HP-348,Shotcrete,0.9,m3,Civil,52.33,synthetic,True
HP-348,Lining Concrete,2.3,m3,Civil,133.72,synthetic,True
HP-348,Gates Steel,0.2,MT,Hydromechanical,11.63,synthetic,True
HP-348,Embedded Steel,0.2,MT,Civil,11.63,synthetic,True
HP-349,Concrete,137.8,m3,Civil,2035.45,synthetic,True
HP-349,Cement,48.2,MT,Civil,711.96,synthetic,True
HP-349,Reinforcement Steel,10.5,MT,Civil,155.1,synthetic,True
HP-349,Structural Steel,3.0,MT,Civil,44.31,synthetic,True
HP-349,Penstock Steel,3.6,MT,Hydromechanical,53.18,synthetic,True
HP-349,Aggregate,117.1,m3,Civil,1729.69,synthetic,True
HP-349,Sand,62.0,m3,Civil,915.81,synthetic,True
HP-349,Excavation,2134.0,m3,Civil,31521.42,synthetic,True
HP-349,Rock Excavation,1600.5,m3,Civil,23641.06,synthetic,True
HP-349,Earth Excavation,533.5,m3,Civil,7880.35,synthetic,True
HP-349,Grouting Cement,3.9,MT,Civil,57.61,synthetic,True
HP-349,Shotcrete,2.8,m3,Civil,41.36,synthetic,True
HP-349,Lining Concrete,6.9,m3,Civil,101.92,synthetic,True
HP-349,Gates Steel,0.5,MT,Hydromechanical,7.39,synthetic,True
HP-349,Embedded Steel,0.4,MT,Civil,5.91,synthetic,True
HP-350,Concrete,103.3,m3,Civil,2270.33,synthetic,True
HP-350,Cement,36.2,MT,Civil,795.6,synthetic,True
HP-350,Reinforcement Steel,8.1,MT,Civil,178.02,synthetic,True
HP-350,Structural Steel,1.6,MT,Civil,35.16,synthetic,True
HP-350,Penstock Steel,2.9,MT,Hydromechanical,63.74,synthetic,True
HP-350,Aggregate,87.8,m3,Civil,1929.67,synthetic,True
HP-350,Sand,46.5,m3,Civil,1021.98,synthetic,True
HP-350,Excavation,1671.7,m3,Civil,36740.66,synthetic,True
HP-350,Rock Excavation,1253.8,m3,Civil,27556.04,synthetic,True
HP-350,Earth Excavation,417.9,m3,Civil,9184.62,synthetic,True
HP-350,Grouting Cement,2.9,MT,Civil,63.74,synthetic,True
HP-350,Shotcrete,2.1,m3,Civil,46.15,synthetic,True
HP-350,Lining Concrete,5.2,m3,Civil,114.29,synthetic,True
HP-350,Gates Steel,0.4,MT,Hydromechanical,8.79,synthetic,True
HP-350,Embedded Steel,0.2,MT,Civil,4.4,synthetic,True
HP-351,Concrete,152.8,m3,Civil,1958.97,synthetic,True
HP-351,Cement,53.5,MT,Civil,685.9,synthetic,True
HP-351,Reinforcement Steel,11.6,MT,Civil,148.72,synthetic,True
HP-351,Structural Steel,2.6,MT,Civil,33.33,synthetic,True
HP-351,Penstock Steel,3.9,MT,Hydromechanical,50.0,synthetic,True
HP-351,Aggregate,129.9,m3,Civil,1665.38,synthetic,True
HP-351,Sand,68.8,m3,Civil,882.05,synthetic,True
HP-351,Excavation,2336.2,m3,Civil,29951.28,synthetic,True
HP-351,Rock Excavation,1752.1,m3,Civil,22462.82,synthetic,True
HP-351,Earth Excavation,584.1,m3,Civil,7488.46,synthetic,True
HP-351,Grouting Cement,4.3,MT,Civil,55.13,synthetic,True
HP-351,Shotcrete,3.1,m3,Civil,39.74,synthetic,True
HP-351,Lining Concrete,7.6,m3,Civil,97.44,synthetic,True
HP-351,Gates Steel,0.6,MT,Hydromechanical,7.69,synthetic,True
HP-351,Embedded Steel,0.4,MT,Civil,5.13,synthetic,True
HP-352,Concrete,91.2,m3,Civil,2091.74,synthetic,True
HP-352,Cement,31.9,MT,Civil,731.65,synthetic,True
HP-352,Reinforcement Steel,7.1,MT,Civil,162.84,synthetic,True
HP-352,Structural Steel,2.1,MT,Civil,48.17,synthetic,True
HP-352,Penstock Steel,2.6,MT,Hydromechanical,59.63,synthetic,True
HP-352,Aggregate,77.5,m3,Civil,1777.52,synthetic,True
HP-352,Sand,41.0,m3,Civil,940.37,synthetic,True
HP-352,Excavation,1483.7,m3,Civil,34029.82,synthetic,True
HP-352,Rock Excavation,1112.8,m3,Civil,25522.94,synthetic,True
HP-352,Earth Excavation,370.9,m3,Civil,8506.88,synthetic,True
HP-352,Grouting Cement,2.6,MT,Civil,59.63,synthetic,True
HP-352,Shotcrete,1.8,m3,Civil,41.28,synthetic,True
HP-352,Lining Concrete,4.6,m3,Civil,105.5,synthetic,True
HP-352,Gates Steel,0.4,MT,Hydromechanical,9.17,synthetic,True
HP-352,Embedded Steel,0.3,MT,Civil,6.88,synthetic,True
HP-353,Concrete,117.5,m3,Civil,2148.08,synthetic,True
HP-353,Cement,41.1,MT,Civil,751.37,synthetic,True
HP-353,Reinforcement Steel,9.1,MT,Civil,166.36,synthetic,True
HP-353,Structural Steel,3.1,MT,Civil,56.67,synthetic,True
HP-353,Penstock Steel,3.2,MT,Hydromechanical,58.5,synthetic,True
HP-353,Aggregate,99.9,m3,Civil,1826.33,synthetic,True
HP-353,Sand,52.9,m3,Civil,967.09,synthetic,True
HP-353,Excavation,1860.8,m3,Civil,34018.28,synthetic,True
HP-353,Rock Excavation,837.4,m3,Civil,15308.96,synthetic,True
HP-353,Earth Excavation,1023.4,m3,Civil,18709.32,synthetic,True
HP-353,Grouting Cement,3.3,MT,Civil,60.33,synthetic,True
HP-353,Shotcrete,2.4,m3,Civil,43.88,synthetic,True
HP-353,Lining Concrete,5.9,m3,Civil,107.86,synthetic,True
HP-353,Gates Steel,0.5,MT,Hydromechanical,9.14,synthetic,True
HP-353,Embedded Steel,0.5,MT,Civil,9.14,synthetic,True
HP-354,Concrete,63.5,m3,Civil,2414.45,synthetic,True
HP-354,Cement,22.2,MT,Civil,844.11,synthetic,True
HP-354,Reinforcement Steel,5.2,MT,Civil,197.72,synthetic,True
HP-354,Structural Steel,1.5,MT,Civil,57.03,synthetic,True
HP-354,Penstock Steel,2.0,MT,Hydromechanical,76.05,synthetic,True
HP-354,Aggregate,54.0,m3,Civil,2053.23,synthetic,True
HP-354,Sand,28.6,m3,Civil,1087.45,synthetic,True
HP-354,Excavation,1115.4,m3,Civil,42410.65,synthetic,True
HP-354,Rock Excavation,836.6,m3,Civil,31809.89,synthetic,True
HP-354,Earth Excavation,278.8,m3,Civil,10600.76,synthetic,True
HP-354,Grouting Cement,1.8,MT,Civil,68.44,synthetic,True
HP-354,Shotcrete,1.3,m3,Civil,49.43,synthetic,True
HP-354,Lining Concrete,3.2,m3,Civil,121.67,synthetic,True
HP-354,Gates Steel,0.3,MT,Hydromechanical,11.41,synthetic,True
HP-354,Embedded Steel,0.2,MT,Civil,7.6,synthetic,True
HP-355,Concrete,42.6,m3,Civil,2462.43,synthetic,True
HP-355,Cement,14.9,MT,Civil,861.27,synthetic,True
HP-355,Reinforcement Steel,3.6,MT,Civil,208.09,synthetic,True
HP-355,Structural Steel,0.9,MT,Civil,52.02,synthetic,True
HP-355,Penstock Steel,1.5,MT,Hydromechanical,86.71,synthetic,True
HP-355,Aggregate,36.2,m3,Civil,2092.49,synthetic,True
HP-355,Sand,19.2,m3,Civil,1109.83,synthetic,True
HP-355,Excavation,811.2,m3,Civil,46890.17,synthetic,True
HP-355,Rock Excavation,365.0,m3,Civil,21098.27,synthetic,True
HP-355,Earth Excavation,446.2,m3,Civil,25791.91,synthetic,True
HP-355,Grouting Cement,1.2,MT,Civil,69.36,synthetic,True
HP-355,Shotcrete,0.9,m3,Civil,52.02,synthetic,True
HP-355,Lining Concrete,2.1,m3,Civil,121.39,synthetic,True
HP-355,Gates Steel,0.2,MT,Hydromechanical,11.56,synthetic,True
HP-355,Embedded Steel,0.1,MT,Civil,5.78,synthetic,True
HP-356,Concrete,40.0,m3,Civil,2702.7,synthetic,True
HP-356,Cement,14.0,MT,Civil,945.95,synthetic,True
HP-356,Reinforcement Steel,3.5,MT,Civil,236.49,synthetic,True
HP-356,Structural Steel,1.1,MT,Civil,74.32,synthetic,True
HP-356,Penstock Steel,1.5,MT,Hydromechanical,101.35,synthetic,True
HP-356,Aggregate,34.0,m3,Civil,2297.3,synthetic,True
HP-356,Sand,18.0,m3,Civil,1216.22,synthetic,True
HP-356,Excavation,785.8,m3,Civil,53094.59,synthetic,True
HP-356,Rock Excavation,353.6,m3,Civil,23891.89,synthetic,True
HP-356,Earth Excavation,432.2,m3,Civil,29202.7,synthetic,True
HP-356,Grouting Cement,1.1,MT,Civil,74.32,synthetic,True
HP-356,Shotcrete,0.8,m3,Civil,54.05,synthetic,True
HP-356,Lining Concrete,2.0,m3,Civil,135.14,synthetic,True
HP-356,Gates Steel,0.2,MT,Hydromechanical,13.51,synthetic,True
HP-356,Embedded Steel,0.2,MT,Civil,13.51,synthetic,True
HP-357,Concrete,192.4,m3,Civil,1971.31,synthetic,True
HP-357,Cement,67.3,MT,Civil,689.55,synthetic,True
HP-357,Reinforcement Steel,14.4,MT,Civil,147.54,synthetic,True
HP-357,Structural Steel,4.0,MT,Civil,40.98,synthetic,True
HP-357,Penstock Steel,4.8,MT,Hydromechanical,49.18,synthetic,True
HP-357,Aggregate,163.5,m3,Civil,1675.2,synthetic,True
HP-357,Sand,86.6,m3,Civil,887.3,synthetic,True
HP-357,Excavation,2891.5,m3,Civil,29626.02,synthetic,True
HP-357,Rock Excavation,1301.2,m3,Civil,13331.97,synthetic,True
HP-357,Earth Excavation,1590.3,m3,Civil,16294.06,synthetic,True
HP-357,Grouting Cement,5.4,MT,Civil,55.33,synthetic,True
HP-357,Shotcrete,3.8,m3,Civil,38.93,synthetic,True
HP-357,Lining Concrete,9.6,m3,Civil,98.36,synthetic,True
HP-357,Gates Steel,0.7,MT,Hydromechanical,7.17,synthetic,True
HP-357,Embedded Steel,0.6,MT,Civil,6.15,synthetic,True
HP-358,Concrete,180.0,m3,Civil,1882.85,synthetic,True
HP-358,Cement,63.0,MT,Civil,659.0,synthetic,True
HP-358,Reinforcement Steel,13.5,MT,Civil,141.21,synthetic,True
HP-358,Structural Steel,2.8,MT,Civil,29.29,synthetic,True
HP-358,Penstock Steel,4.5,MT,Hydromechanical,47.07,synthetic,True
HP-358,Aggregate,153.0,m3,Civil,1600.42,synthetic,True
HP-358,Sand,81.0,m3,Civil,847.28,synthetic,True
HP-358,Excavation,2709.3,m3,Civil,28339.96,synthetic,True
HP-358,Rock Excavation,1219.2,m3,Civil,12753.14,synthetic,True
HP-358,Earth Excavation,1490.1,m3,Civil,15586.82,synthetic,True
HP-358,Grouting Cement,5.0,MT,Civil,52.3,synthetic,True
HP-358,Shotcrete,3.6,m3,Civil,37.66,synthetic,True
HP-358,Lining Concrete,9.0,m3,Civil,94.14,synthetic,True
HP-358,Gates Steel,0.7,MT,Hydromechanical,7.32,synthetic,True
HP-358,Embedded Steel,0.4,MT,Civil,4.18,synthetic,True
HP-359,Concrete,68.5,m3,Civil,2075.76,synthetic,True
HP-359,Cement,24.0,MT,Civil,727.27,synthetic,True
HP-359,Reinforcement Steel,5.5,MT,Civil,166.67,synthetic,True
HP-359,Structural Steel,1.6,MT,Civil,48.48,synthetic,True
HP-359,Penstock Steel,2.0,MT,Hydromechanical,60.61,synthetic,True
HP-359,Aggregate,58.2,m3,Civil,1763.64,synthetic,True
HP-359,Sand,30.8,m3,Civil,933.33,synthetic,True
HP-359,Excavation,1159.6,m3,Civil,35139.39,synthetic,True
HP-359,Rock Excavation,869.7,m3,Civil,26354.55,synthetic,True
HP-359,Earth Excavation,289.9,m3,Civil,8784.85,synthetic,True
HP-359,Grouting Cement,1.9,MT,Civil,57.58,synthetic,True
HP-359,Shotcrete,1.4,m3,Civil,42.42,synthetic,True
HP-359,Lining Concrete,3.4,m3,Civil,103.03,synthetic,True
HP-359,Gates Steel,0.3,MT,Hydromechanical,9.09,synthetic,True
HP-359,Embedded Steel,0.2,MT,Civil,6.06,synthetic,True
HP-360,Concrete,124.0,m3,Civil,1977.67,synthetic,True
HP-360,Cement,43.4,MT,Civil,692.19,synthetic,True
HP-360,Reinforcement Steel,9.5,MT,Civil,151.52,synthetic,True
HP-360,Structural Steel,2.9,MT,Civil,46.25,synthetic,True
HP-360,Penstock Steel,3.3,MT,Hydromechanical,52.63,synthetic,True
HP-360,Aggregate,105.4,m3,Civil,1681.02,synthetic,True
HP-360,Sand,55.8,m3,Civil,889.95,synthetic,True
HP-360,Excavation,1935.2,m3,Civil,30864.43,synthetic,True
HP-360,Rock Excavation,870.8,m3,Civil,13888.36,synthetic,True
HP-360,Earth Excavation,1064.4,m3,Civil,16976.08,synthetic,True
HP-360,Grouting Cement,3.5,MT,Civil,55.82,synthetic,True
HP-360,Shotcrete,2.5,m3,Civil,39.87,synthetic,True
HP-360,Lining Concrete,6.2,m3,Civil,98.88,synthetic,True
HP-360,Gates Steel,0.5,MT,Hydromechanical,7.97,synthetic,True
HP-360,Embedded Steel,0.4,MT,Civil,6.38,synthetic,True
HP-361,Concrete,207.3,m3,Civil,2117.47,synthetic,True
HP-361,Cement,72.6,MT,Civil,741.57,synthetic,True
HP-361,Reinforcement Steel,15.6,MT,Civil,159.35,synthetic,True
HP-361,Structural Steel,3.4,MT,Civil,34.73,synthetic,True
HP-361,Penstock Steel,5.2,MT,Hydromechanical,53.12,synthetic,True
HP-361,Aggregate,176.2,m3,Civil,1799.8,synthetic,True
HP-361,Sand,93.3,m3,Civil,953.01,synthetic,True
HP-361,Excavation,3114.0,m3,Civil,31807.97,synthetic,True
HP-361,Rock Excavation,1401.3,m3,Civil,14313.59,synthetic,True
HP-361,Earth Excavation,1712.7,m3,Civil,17494.38,synthetic,True
HP-361,Grouting Cement,5.8,MT,Civil,59.24,synthetic,True
HP-361,Shotcrete,4.1,m3,Civil,41.88,synthetic,True
HP-361,Lining Concrete,10.4,m3,Civil,106.23,synthetic,True
HP-361,Gates Steel,0.8,MT,Hydromechanical,8.17,synthetic,True
HP-361,Embedded Steel,0.5,MT,Civil,5.11,synthetic,True
HP-362,Concrete,75.8,m3,Civil,2088.15,synthetic,True
HP-362,Cement,26.5,MT,Civil,730.03,synthetic,True
HP-362,Reinforcement Steel,6.0,MT,Civil,165.29,synthetic,True
HP-362,Structural Steel,1.7,MT,Civil,46.83,synthetic,True
HP-362,Penstock Steel,2.2,MT,Hydromechanical,60.61,synthetic,True
HP-362,Aggregate,64.4,m3,Civil,1774.1,synthetic,True
HP-362,Sand,34.1,m3,Civil,939.39,synthetic,True
HP-362,Excavation,1265.0,m3,Civil,34848.48,synthetic,True
HP-362,Rock Excavation,948.8,m3,Civil,26137.74,synthetic,True
HP-362,Earth Excavation,316.2,m3,Civil,8710.74,synthetic,True
HP-362,Grouting Cement,2.1,MT,Civil,57.85,synthetic,True
HP-362,Shotcrete,1.5,m3,Civil,41.32,synthetic,True
HP-362,Lining Concrete,3.8,m3,Civil,104.68,synthetic,True
HP-362,Gates Steel,0.3,MT,Hydromechanical,8.26,synthetic,True
HP-362,Embedded Steel,0.3,MT,Civil,8.26,synthetic,True
HP-363,Concrete,106.6,m3,Civil,2248.95,synthetic,True
HP-363,Cement,37.3,MT,Civil,786.92,synthetic,True
HP-363,Reinforcement Steel,8.3,MT,Civil,175.11,synthetic,True
HP-363,Structural Steel,1.7,MT,Civil,35.86,synthetic,True
HP-363,Penstock Steel,3.0,MT,Hydromechanical,63.29,synthetic,True
HP-363,Aggregate,90.6,m3,Civil,1911.39,synthetic,True
HP-363,Sand,48.0,m3,Civil,1012.66,synthetic,True
HP-363,Excavation,1716.4,m3,Civil,36210.97,synthetic,True
HP-363,Rock Excavation,772.4,m3,Civil,16295.36,synthetic,True
HP-363,Earth Excavation,944.0,m3,Civil,19915.61,synthetic,True
HP-363,Grouting Cement,3.0,MT,Civil,63.29,synthetic,True
HP-363,Shotcrete,2.1,m3,Civil,44.3,synthetic,True
HP-363,Lining Concrete,5.3,m3,Civil,111.81,synthetic,True
HP-363,Gates Steel,0.4,MT,Hydromechanical,8.44,synthetic,True
HP-363,Embedded Steel,0.3,MT,Civil,6.33,synthetic,True
HP-364,Concrete,58.6,m3,Civil,2472.57,synthetic,True
HP-364,Cement,20.5,MT,Civil,864.98,synthetic,True
HP-364,Reinforcement Steel,4.8,MT,Civil,202.53,synthetic,True
HP-364,Structural Steel,1.1,MT,Civil,46.41,synthetic,True
HP-364,Penstock Steel,1.9,MT,Hydromechanical,80.17,synthetic,True
HP-364,Aggregate,49.8,m3,Civil,2101.27,synthetic,True
HP-364,Sand,26.4,m3,Civil,1113.92,synthetic,True
HP-364,Excavation,1048.6,m3,Civil,44244.73,synthetic,True
HP-364,Rock Excavation,471.9,m3,Civil,19911.39,synthetic,True
HP-364,Earth Excavation,576.7,m3,Civil,24333.33,synthetic,True
HP-364,Grouting Cement,1.6,MT,Civil,67.51,synthetic,True
HP-364,Shotcrete,1.2,m3,Civil,50.63,synthetic,True
HP-364,Lining Concrete,2.9,m3,Civil,122.36,synthetic,True
HP-364,Gates Steel,0.2,MT,Hydromechanical,8.44,synthetic,True
HP-364,Embedded Steel,0.2,MT,Civil,8.44,synthetic,True
HP-365,Concrete,56.4,m3,Civil,2220.47,synthetic,True
HP-365,Cement,19.7,MT,Civil,775.59,synthetic,True
HP-365,Reinforcement Steel,4.6,MT,Civil,181.1,synthetic,True
HP-365,Structural Steel,1.5,MT,Civil,59.06,synthetic,True
HP-365,Penstock Steel,1.8,MT,Hydromechanical,70.87,synthetic,True
HP-365,Aggregate,47.9,m3,Civil,1885.83,synthetic,True
HP-365,Sand,25.4,m3,Civil,1000.0,synthetic,True
HP-365,Excavation,996.9,m3,Civil,39248.03,synthetic,True
HP-365,Rock Excavation,448.6,m3,Civil,17661.42,synthetic,True
HP-365,Earth Excavation,548.3,m3,Civil,21586.61,synthetic,True
HP-365,Grouting Cement,1.6,MT,Civil,62.99,synthetic,True
HP-365,Shotcrete,1.1,m3,Civil,43.31,synthetic,True
HP-365,Lining Concrete,2.8,m3,Civil,110.24,synthetic,True
HP-365,Gates Steel,0.2,MT,Hydromechanical,7.87,synthetic,True
HP-365,Embedded Steel,0.2,MT,Civil,7.87,synthetic,True
HP-366,Concrete,107.8,m3,Civil,1942.34,synthetic,True
HP-366,Cement,37.7,MT,Civil,679.28,synthetic,True
HP-366,Reinforcement Steel,8.3,MT,Civil,149.55,synthetic,True
HP-366,Structural Steel,1.9,MT,Civil,34.23,synthetic,True
HP-366,Penstock Steel,2.9,MT,Hydromechanical,52.25,synthetic,True
HP-366,Aggregate,91.6,m3,Civil,1650.45,synthetic,True
HP-366,Sand,48.5,m3,Civil,873.87,synthetic,True
HP-366,Excavation,1705.0,m3,Civil,30720.72,synthetic,True
HP-366,Rock Excavation,1278.8,m3,Civil,23041.44,synthetic,True
HP-366,Earth Excavation,426.2,m3,Civil,7679.28,synthetic,True
HP-366,Grouting Cement,3.0,MT,Civil,54.05,synthetic,True
HP-366,Shotcrete,2.2,m3,Civil,39.64,synthetic,True
HP-366,Lining Concrete,5.4,m3,Civil,97.3,synthetic,True
HP-366,Gates Steel,0.4,MT,Hydromechanical,7.21,synthetic,True
HP-366,Embedded Steel,0.3,MT,Civil,5.41,synthetic,True
HP-367,Concrete,76.0,m3,Civil,2345.68,synthetic,True
HP-367,Cement,26.6,MT,Civil,820.99,synthetic,True
HP-367,Reinforcement Steel,6.1,MT,Civil,188.27,synthetic,True
HP-367,Structural Steel,1.4,MT,Civil,43.21,synthetic,True
HP-367,Penstock Steel,2.3,MT,Hydromechanical,70.99,synthetic,True
HP-367,Aggregate,64.6,m3,Civil,1993.83,synthetic,True
HP-367,Sand,34.2,m3,Civil,1055.56,synthetic,True
HP-367,Excavation,1290.8,m3,Civil,39839.51,synthetic,True
HP-367,Rock Excavation,580.9,m3,Civil,17929.01,synthetic,True
HP-367,Earth Excavation,709.9,m3,Civil,21910.49,synthetic,True
HP-367,Grouting Cement,2.1,MT,Civil,64.81,synthetic,True
HP-367,Shotcrete,1.5,m3,Civil,46.3,synthetic,True
HP-367,Lining Concrete,3.8,m3,Civil,117.28,synthetic,True
HP-367,Gates Steel,0.3,MT,Hydromechanical,9.26,synthetic,True
HP-367,Embedded Steel,0.2,MT,Civil,6.17,synthetic,True
HP-368,Concrete,70.7,m3,Civil,2104.17,synthetic,True
HP-368,Cement,24.7,MT,Civil,735.12,synthetic,True
HP-368,Reinforcement Steel,5.6,MT,Civil,166.67,synthetic,True
HP-368,Structural Steel,1.9,MT,Civil,56.55,synthetic,True
HP-368,Penstock Steel,2.1,MT,Hydromechanical,62.5,synthetic,True
HP-368,Aggregate,60.1,m3,Civil,1788.69,synthetic,True
HP-368,Sand,31.8,m3,Civil,946.43,synthetic,True
HP-368,Excavation,1194.3,m3,Civil,35544.64,synthetic,True
HP-368,Rock Excavation,537.4,m3,Civil,15994.05,synthetic,True
HP-368,Earth Excavation,656.9,m3,Civil,19550.6,synthetic,True
HP-368,Grouting Cement,2.0,MT,Civil,59.52,synthetic,True
HP-368,Shotcrete,1.4,m3,Civil,41.67,synthetic,True
HP-368,Lining Concrete,3.5,m3,Civil,104.17,synthetic,True
HP-368,Gates Steel,0.3,MT,Hydromechanical,8.93,synthetic,True
HP-368,Embedded Steel,0.3,MT,Civil,8.93,synthetic,True
HP-369,Concrete,89.4,m3,Civil,2251.89,synthetic,True
HP-369,Cement,31.3,MT,Civil,788.41,synthetic,True
HP-369,Reinforcement Steel,7.0,MT,Civil,176.32,synthetic,True
HP-369,Structural Steel,1.6,MT,Civil,40.3,synthetic,True
HP-369,Penstock Steel,2.6,MT,Hydromechanical,65.49,synthetic,True
HP-369,Aggregate,76.0,m3,Civil,1914.36,synthetic,True
HP-369,Sand,40.2,m3,Civil,1012.59,synthetic,True
HP-369,Excavation,1472.8,m3,Civil,37098.24,synthetic,True
HP-369,Rock Excavation,662.8,m3,Civil,16695.21,synthetic,True
HP-369,Earth Excavation,810.0,m3,Civil,20403.02,synthetic,True
HP-369,Grouting Cement,2.5,MT,Civil,62.97,synthetic,True
HP-369,Shotcrete,1.8,m3,Civil,45.34,synthetic,True
HP-369,Lining Concrete,4.5,m3,Civil,113.35,synthetic,True
HP-369,Gates Steel,0.4,MT,Hydromechanical,10.08,synthetic,True
HP-369,Embedded Steel,0.2,MT,Civil,5.04,synthetic,True
HP-370,Concrete,178.9,m3,Civil,2181.71,synthetic,True
HP-370,Cement,62.6,MT,Civil,763.41,synthetic,True
HP-370,Reinforcement Steel,13.5,MT,Civil,164.63,synthetic,True
HP-370,Structural Steel,4.2,MT,Civil,51.22,synthetic,True
HP-370,Penstock Steel,4.6,MT,Hydromechanical,56.1,synthetic,True
HP-370,Aggregate,152.1,m3,Civil,1854.88,synthetic,True
HP-370,Sand,80.5,m3,Civil,981.71,synthetic,True
HP-370,Excavation,2723.9,m3,Civil,33218.29,synthetic,True
HP-370,Rock Excavation,1225.8,m3,Civil,14948.78,synthetic,True
HP-370,Earth Excavation,1498.1,m3,Civil,18269.51,synthetic,True
HP-370,Grouting Cement,5.0,MT,Civil,60.98,synthetic,True
HP-370,Shotcrete,3.6,m3,Civil,43.9,synthetic,True
HP-370,Lining Concrete,8.9,m3,Civil,108.54,synthetic,True
HP-370,Gates Steel,0.7,MT,Hydromechanical,8.54,synthetic,True
HP-370,Embedded Steel,0.6,MT,Civil,7.32,synthetic,True
HP-371,Concrete,167.3,m3,Civil,2147.63,synthetic,True
HP-371,Cement,58.6,MT,Civil,752.25,synthetic,True
HP-371,Reinforcement Steel,12.7,MT,Civil,163.03,synthetic,True
HP-371,Structural Steel,4.2,MT,Civil,53.92,synthetic,True
HP-371,Penstock Steel,4.3,MT,Hydromechanical,55.2,synthetic,True
HP-371,Aggregate,142.2,m3,Civil,1825.42,synthetic,True
HP-371,Sand,75.3,m3,Civil,966.62,synthetic,True
HP-371,Excavation,2558.4,m3,Civil,32842.11,synthetic,True
HP-371,Rock Excavation,1151.3,m3,Civil,14779.2,synthetic,True
HP-371,Earth Excavation,1407.1,m3,Civil,18062.9,synthetic,True
HP-371,Grouting Cement,4.7,MT,Civil,60.33,synthetic,True
HP-371,Shotcrete,3.3,m3,Civil,42.36,synthetic,True
HP-371,Lining Concrete,8.4,m3,Civil,107.83,synthetic,True
HP-371,Gates Steel,0.6,MT,Hydromechanical,7.7,synthetic,True
HP-371,Embedded Steel,0.6,MT,Civil,7.7,synthetic,True
HP-372,Concrete,99.3,m3,Civil,2282.76,synthetic,True
HP-372,Cement,34.8,MT,Civil,800.0,synthetic,True
HP-372,Reinforcement Steel,7.8,MT,Civil,179.31,synthetic,True
HP-372,Structural Steel,2.5,MT,Civil,57.47,synthetic,True
HP-372,Penstock Steel,2.8,MT,Hydromechanical,64.37,synthetic,True
HP-372,Aggregate,84.4,m3,Civil,1940.23,synthetic,True
HP-372,Sand,44.7,m3,Civil,1027.59,synthetic,True
HP-372,Excavation,1616.0,m3,Civil,37149.43,synthetic,True
HP-372,Rock Excavation,727.2,m3,Civil,16717.24,synthetic,True
HP-372,Earth Excavation,888.8,m3,Civil,20432.18,synthetic,True
HP-372,Grouting Cement,2.8,MT,Civil,64.37,synthetic,True
HP-372,Shotcrete,2.0,m3,Civil,45.98,synthetic,True
HP-372,Lining Concrete,5.0,m3,Civil,114.94,synthetic,True
HP-372,Gates Steel,0.4,MT,Hydromechanical,9.2,synthetic,True
HP-372,Embedded Steel,0.4,MT,Civil,9.2,synthetic,True
HP-373,Concrete,153.5,m3,Civil,1938.13,synthetic,True
HP-373,Cement,53.7,MT,Civil,678.03,synthetic,True
HP-373,Reinforcement Steel,11.6,MT,Civil,146.46,synthetic,True
HP-373,Structural Steel,3.4,MT,Civil,42.93,synthetic,True
HP-373,Penstock Steel,3.9,MT,Hydromechanical,49.24,synthetic,True
HP-373,Aggregate,130.5,m3,Civil,1647.73,synthetic,True
HP-373,Sand,69.1,m3,Civil,872.47,synthetic,True
HP-373,Excavation,2345.0,m3,Civil,29608.59,synthetic,True
HP-373,Rock Excavation,1055.2,m3,Civil,13323.23,synthetic,True
HP-373,Earth Excavation,1289.8,m3,Civil,16285.35,synthetic,True
HP-373,Grouting Cement,4.3,MT,Civil,54.29,synthetic,True
HP-373,Shotcrete,3.1,m3,Civil,39.14,synthetic,True
HP-373,Lining Concrete,7.7,m3,Civil,97.22,synthetic,True
HP-373,Gates Steel,0.6,MT,Hydromechanical,7.58,synthetic,True
HP-373,Embedded Steel,0.5,MT,Civil,6.31,synthetic,True
HP-374,Concrete,140.2,m3,Civil,2117.82,synthetic,True
HP-374,Cement,49.1,MT,Civil,741.69,synthetic,True
HP-374,Reinforcement Steel,10.7,MT,Civil,161.63,synthetic,True
HP-374,Structural Steel,2.7,MT,Civil,40.79,synthetic,True
HP-374,Penstock Steel,3.7,MT,Hydromechanical,55.89,synthetic,True
HP-374,Aggregate,119.2,m3,Civil,1800.6,synthetic,True
HP-374,Sand,63.1,m3,Civil,953.17,synthetic,True
HP-374,Excavation,2175.6,m3,Civil,32864.05,synthetic,True
HP-374,Rock Excavation,1631.7,m3,Civil,24648.04,synthetic,True
HP-374,Earth Excavation,543.9,m3,Civil,8216.01,synthetic,True
HP-374,Grouting Cement,3.9,MT,Civil,58.91,synthetic,True
HP-374,Shotcrete,2.8,m3,Civil,42.3,synthetic,True
HP-374,Lining Concrete,7.0,m3,Civil,105.74,synthetic,True
HP-374,Gates Steel,0.5,MT,Hydromechanical,7.55,synthetic,True
HP-374,Embedded Steel,0.4,MT,Civil,6.04,synthetic,True
HP-375,Concrete,73.7,m3,Civil,2167.65,synthetic,True
HP-375,Cement,25.8,MT,Civil,758.82,synthetic,True
HP-375,Reinforcement Steel,5.9,MT,Civil,173.53,synthetic,True
HP-375,Structural Steel,1.2,MT,Civil,35.29,synthetic,True
HP-375,Penstock Steel,2.2,MT,Hydromechanical,64.71,synthetic,True
HP-375,Aggregate,62.6,m3,Civil,1841.18,synthetic,True
HP-375,Sand,33.2,m3,Civil,976.47,synthetic,True
HP-375,Excavation,1242.2,m3,Civil,36535.29,synthetic,True
HP-375,Rock Excavation,559.0,m3,Civil,16441.18,synthetic,True
HP-375,Earth Excavation,683.2,m3,Civil,20094.12,synthetic,True
HP-375,Grouting Cement,2.1,MT,Civil,61.76,synthetic,True
HP-375,Shotcrete,1.5,m3,Civil,44.12,synthetic,True
HP-375,Lining Concrete,3.7,m3,Civil,108.82,synthetic,True
HP-375,Gates Steel,0.3,MT,Hydromechanical,8.82,synthetic,True
HP-375,Embedded Steel,0.2,MT,Civil,5.88,synthetic,True
HP-376,Concrete,59.8,m3,Civil,2151.08,synthetic,True
HP-376,Cement,20.9,MT,Civil,751.8,synthetic,True
HP-376,Reinforcement Steel,4.8,MT,Civil,172.66,synthetic,True
HP-376,Structural Steel,1.1,MT,Civil,39.57,synthetic,True
HP-376,Penstock Steel,1.9,MT,Hydromechanical,68.35,synthetic,True
HP-376,Aggregate,50.8,m3,Civil,1827.34,synthetic,True
HP-376,Sand,26.9,m3,Civil,967.63,synthetic,True
HP-376,Excavation,1040.9,m3,Civil,37442.45,synthetic,True
HP-376,Rock Excavation,780.7,m3,Civil,28082.73,synthetic,True
HP-376,Earth Excavation,260.2,m3,Civil,9359.71,synthetic,True
HP-376,Grouting Cement,1.7,MT,Civil,61.15,synthetic,True
HP-376,Shotcrete,1.2,m3,Civil,43.17,synthetic,True
HP-376,Lining Concrete,3.0,m3,Civil,107.91,synthetic,True
HP-376,Gates Steel,0.2,MT,Hydromechanical,7.19,synthetic,True
HP-376,Embedded Steel,0.2,MT,Civil,7.19,synthetic,True
HP-377,Concrete,112.3,m3,Civil,2228.17,synthetic,True
HP-377,Cement,39.3,MT,Civil,779.76,synthetic,True
HP-377,Reinforcement Steel,8.7,MT,Civil,172.62,synthetic,True
HP-377,Structural Steel,2.5,MT,Civil,49.6,synthetic,True
HP-377,Penstock Steel,3.1,MT,Hydromechanical,61.51,synthetic,True
HP-377,Aggregate,95.5,m3,Civil,1894.84,synthetic,True
HP-377,Sand,50.5,m3,Civil,1001.98,synthetic,True
HP-377,Excavation,1794.9,m3,Civil,35613.1,synthetic,True
HP-377,Rock Excavation,807.7,m3,Civil,16025.79,synthetic,True
HP-377,Earth Excavation,987.2,m3,Civil,19587.3,synthetic,True
HP-377,Grouting Cement,3.1,MT,Civil,61.51,synthetic,True
HP-377,Shotcrete,2.2,m3,Civil,43.65,synthetic,True
HP-377,Lining Concrete,5.6,m3,Civil,111.11,synthetic,True
HP-377,Gates Steel,0.4,MT,Hydromechanical,7.94,synthetic,True
HP-377,Embedded Steel,0.4,MT,Civil,7.94,synthetic,True
HP-378,Concrete,40.2,m3,Civil,2496.89,synthetic,True
HP-378,Cement,14.1,MT,Civil,875.78,synthetic,True
HP-378,Reinforcement Steel,3.4,MT,Civil,211.18,synthetic,True
HP-378,Structural Steel,0.8,MT,Civil,49.69,synthetic,True
HP-378,Penstock Steel,1.4,MT,Hydromechanical,86.96,synthetic,True
HP-378,Aggregate,34.2,m3,Civil,2124.22,synthetic,True
HP-378,Sand,18.1,m3,Civil,1124.22,synthetic,True
HP-378,Excavation,776.2,m3,Civil,48211.18,synthetic,True
HP-378,Rock Excavation,582.2,m3,Civil,36161.49,synthetic,True
HP-378,Earth Excavation,194.0,m3,Civil,12049.69,synthetic,True
HP-378,Grouting Cement,1.1,MT,Civil,68.32,synthetic,True
HP-378,Shotcrete,0.8,m3,Civil,49.69,synthetic,True
HP-378,Lining Concrete,2.0,m3,Civil,124.22,synthetic,True
HP-378,Gates Steel,0.2,MT,Hydromechanical,12.42,synthetic,True
HP-378,Embedded Steel,0.1,MT,Civil,6.21,synthetic,True
HP-379,Concrete,143.2,m3,Civil,2172.99,synthetic,True
HP-379,Cement,50.1,MT,Civil,760.24,synthetic,True
HP-379,Reinforcement Steel,10.9,MT,Civil,165.4,synthetic,True
HP-379,Structural Steel,3.2,MT,Civil,48.56,synthetic,True
HP-379,Penstock Steel,3.8,MT,Hydromechanical,57.66,synthetic,True
HP-379,Aggregate,121.7,m3,Civil,1846.74,synthetic,True
HP-379,Sand,64.4,m3,Civil,977.24,synthetic,True
HP-379,Excavation,2224.4,m3,Civil,33754.17,synthetic,True
HP-379,Rock Excavation,1668.3,m3,Civil,25315.63,synthetic,True
HP-379,Earth Excavation,556.1,m3,Civil,8438.54,synthetic,True
HP-379,Grouting Cement,4.0,MT,Civil,60.7,synthetic,True
HP-379,Shotcrete,2.9,m3,Civil,44.01,synthetic,True
HP-379,Lining Concrete,7.2,m3,Civil,109.26,synthetic,True
HP-379,Gates Steel,0.5,MT,Hydromechanical,7.59,synthetic,True
HP-379,Embedded Steel,0.5,MT,Civil,7.59,synthetic,True
HP-380,Concrete,76.6,m3,Civil,2176.14,synthetic,True
HP-380,Cement,26.8,MT,Civil,761.36,synthetic,True
HP-380,Reinforcement Steel,6.1,MT,Civil,173.3,synthetic,True
HP-380,Structural Steel,1.5,MT,Civil,42.61,synthetic,True
HP-380,Penstock Steel,2.3,MT,Hydromechanical,65.34,synthetic,True
HP-380,Aggregate,65.1,m3,Civil,1849.43,synthetic,True
HP-380,Sand,34.5,m3,Civil,980.11,synthetic,True
HP-380,Excavation,1284.0,m3,Civil,36477.27,synthetic,True
HP-380,Rock Excavation,577.8,m3,Civil,16414.77,synthetic,True
HP-380,Earth Excavation,706.2,m3,Civil,20062.5,synthetic,True
HP-380,Grouting Cement,2.1,MT,Civil,59.66,synthetic,True
HP-380,Shotcrete,1.5,m3,Civil,42.61,synthetic,True
HP-380,Lining Concrete,3.8,m3,Civil,107.95,synthetic,True
HP-380,Gates Steel,0.3,MT,Hydromechanical,8.52,synthetic,True
HP-380,Embedded Steel,0.2,MT,Civil,5.68,synthetic,True
HP-381,Concrete,2.4,m3,Civil,1355.93,synthetic,True
HP-381,Cement,0.8,MT,Civil,451.98,synthetic,True
HP-381,Reinforcement Steel,0.5,MT,Civil,282.49,synthetic,True
HP-381,Structural Steel,0.1,MT,Civil,56.5,synthetic,True
HP-381,Penstock Steel,0.1,MT,Hydromechanical,56.5,synthetic,True
HP-381,Aggregate,2.0,m3,Civil,1129.94,synthetic,True
HP-381,Sand,1.1,m3,Civil,621.47,synthetic,True
HP-381,Excavation,60.6,m3,Civil,34237.29,synthetic,True
HP-381,Rock Excavation,27.3,m3,Civil,15423.73,synthetic,True
HP-381,Earth Excavation,33.3,m3,Civil,18813.56,synthetic,True
HP-381,Grouting Cement,0.1,MT,Civil,56.5,synthetic,True
HP-381,Shotcrete,0.0,m3,Civil,0.0,synthetic,True
HP-381,Lining Concrete,0.1,m3,Civil,56.5,synthetic,True
HP-381,Gates Steel,0.0,MT,Hydromechanical,0.0,synthetic,True
HP-381,Embedded Steel,0.0,MT,Civil,0.0,synthetic,True
HP-382,Concrete,1.3,m3,Civil,500.0,synthetic,True
HP-382,Cement,0.5,MT,Civil,192.31,synthetic,True
HP-382,Reinforcement Steel,0.1,MT,Civil,38.46,synthetic,True
HP-382,Structural Steel,0.0,MT,Civil,0.0,synthetic,True
HP-382,Penstock Steel,0.0,MT,Hydromechanical,0.0,synthetic,True
HP-382,Aggregate,1.1,m3,Civil,423.08,synthetic,True
HP-382,Sand,0.6,m3,Civil,230.77,synthetic,True
HP-382,Excavation,114.8,m3,Civil,44153.85,synthetic,True
HP-382,Rock Excavation,86.1,m3,Civil,33115.38,synthetic,True
HP-382,Earth Excavation,28.7,m3,Civil,11038.46,synthetic,True
HP-382,Grouting Cement,0.0,MT,Civil,0.0,synthetic,True
HP-382,Shotcrete,0.0,m3,Civil,0.0,synthetic,True
HP-382,Lining Concrete,0.1,m3,Civil,38.46,synthetic,True
HP-382,Gates Steel,0.0,MT,Hydromechanical,0.0,synthetic,True
HP-382,Embedded Steel,0.0,MT,Civil,0.0,synthetic,True
HP-383,Concrete,5.9,m3,Civil,2769.95,synthetic,True
HP-383,Cement,2.1,MT,Civil,985.92,synthetic,True
HP-383,Reinforcement Steel,0.8,MT,Civil,375.59,synthetic,True
HP-383,Structural Steel,0.3,MT,Civil,140.85,synthetic,True
HP-383,Penstock Steel,0.4,MT,Hydromechanical,187.79,synthetic,True
HP-383,Aggregate,5.0,m3,Civil,2347.42,synthetic,True
HP-383,Sand,2.7,m3,Civil,1267.61,synthetic,True
HP-383,Excavation,86.7,m3,Civil,40704.23,synthetic,True
HP-383,Rock Excavation,39.0,m3,Civil,18309.86,synthetic,True
HP-383,Earth Excavation,47.7,m3,Civil,22394.37,synthetic,True
HP-383,Grouting Cement,0.2,MT,Civil,93.9,synthetic,True
HP-383,Shotcrete,0.1,m3,Civil,46.95,synthetic,True
HP-383,Lining Concrete,0.3,m3,Civil,140.85,synthetic,True
HP-383,Gates Steel,0.0,MT,Hydromechanical,0.0,synthetic,True
HP-383,Embedded Steel,0.0,MT,Civil,0.0,synthetic,True
HP-384,Concrete,3.4,m3,Civil,5396.83,synthetic,True
HP-384,Cement,1.2,MT,Civil,1904.76,synthetic,True
HP-384,Reinforcement Steel,0.5,MT,Civil,793.65,synthetic,True
HP-384,Structural Steel,0.1,MT,Civil,158.73,synthetic,True
HP-384,Penstock Steel,0.2,MT,Hydromechanical,317.46,synthetic,True
HP-384,Aggregate,2.9,m3,Civil,4603.17,synthetic,True
HP-384,Sand,1.5,m3,Civil,2380.95,synthetic,True
HP-384,Excavation,78.6,m3,Civil,124761.9,synthetic,True
HP-384,Rock Excavation,35.4,m3,Civil,56190.48,synthetic,True
HP-384,Earth Excavation,43.2,m3,Civil,68571.43,synthetic,True
HP-384,Grouting Cement,0.1,MT,Civil,158.73,synthetic,True
HP-384,Shotcrete,0.1,m3,Civil,158.73,synthetic,True
HP-384,Lining Concrete,0.2,m3,Civil,317.46,synthetic,True
HP-384,Gates Steel,0.0,MT,Hydromechanical,0.0,synthetic,True
HP-384,Embedded Steel,0.0,MT,Civil,0.0,synthetic,True
HP-385,Concrete,4.4,m3,Civil,1111.11,synthetic,True
HP-385,Cement,1.5,MT,Civil,378.79,synthetic,True
HP-385,Reinforcement Steel,0.9,MT,Civil,227.27,synthetic,True
HP-385,Structural Steel,0.3,MT,Civil,75.76,synthetic,True
HP-385,Penstock Steel,0.4,MT,Hydromechanical,101.01,synthetic,True
HP-385,Aggregate,3.7,m3,Civil,934.34,synthetic,True
HP-385,Sand,2.0,m3,Civil,505.05,synthetic,True
HP-385,Excavation,145.3,m3,Civil,36691.92,synthetic,True
HP-385,Rock Excavation,65.4,m3,Civil,16515.15,synthetic,True
HP-385,Earth Excavation,79.9,m3,Civil,20176.77,synthetic,True
HP-385,Grouting Cement,0.1,MT,Civil,25.25,synthetic,True
HP-385,Shotcrete,0.1,m3,Civil,25.25,synthetic,True
HP-385,Lining Concrete,0.2,m3,Civil,50.51,synthetic,True
HP-385,Gates Steel,0.0,MT,Hydromechanical,0.0,synthetic,True
HP-385,Embedded Steel,0.0,MT,Civil,0.0,synthetic,True
HP-386,Concrete,5.7,m3,Civil,1737.8,synthetic,True
HP-386,Cement,2.0,MT,Civil,609.76,synthetic,True
HP-386,Reinforcement Steel,0.9,MT,Civil,274.39,synthetic,True
HP-386,Structural Steel,0.2,MT,Civil,60.98,synthetic,True
HP-386,Penstock Steel,0.3,MT,Hydromechanical,91.46,synthetic,True
HP-386,Aggregate,4.8,m3,Civil,1463.41,synthetic,True
HP-386,Sand,2.6,m3,Civil,792.68,synthetic,True
HP-386,Excavation,78.1,m3,Civil,23810.98,synthetic,True
HP-386,Rock Excavation,58.6,m3,Civil,17865.85,synthetic,True
HP-386,Earth Excavation,19.5,m3,Civil,5945.12,synthetic,True
HP-386,Grouting Cement,0.2,MT,Civil,60.98,synthetic,True
HP-386,Shotcrete,0.1,m3,Civil,30.49,synthetic,True
HP-386,Lining Concrete,0.3,m3,Civil,91.46,synthetic,True
HP-386,Gates Steel,0.0,MT,Hydromechanical,0.0,synthetic,True
HP-386,Embedded Steel,0.0,MT,Civil,0.0,synthetic,True
HP-387,Concrete,4.2,m3,Civil,1014.49,synthetic,True
HP-387,Cement,1.5,MT,Civil,362.32,synthetic,True
HP-387,Reinforcement Steel,0.7,MT,Civil,169.08,synthetic,True
HP-387,Structural Steel,0.2,MT,Civil,48.31,synthetic,True
HP-387,Penstock Steel,0.2,MT,Hydromechanical,48.31,synthetic,True
HP-387,Aggregate,3.6,m3,Civil,869.57,synthetic,True
HP-387,Sand,1.9,m3,Civil,458.94,synthetic,True
HP-387,Excavation,75.1,m3,Civil,18140.1,synthetic,True
HP-387,Rock Excavation,33.8,m3,Civil,8164.25,synthetic,True
HP-387,Earth Excavation,41.3,m3,Civil,9975.85,synthetic,True
HP-387,Grouting Cement,0.1,MT,Civil,24.15,synthetic,True
HP-387,Shotcrete,0.1,m3,Civil,24.15,synthetic,True
HP-387,Lining Concrete,0.2,m3,Civil,48.31,synthetic,True
HP-387,Gates Steel,0.0,MT,Hydromechanical,0.0,synthetic,True
HP-387,Embedded Steel,0.0,MT,Civil,0.0,synthetic,True
HP-388,Concrete,1.6,m3,Civil,384.62,synthetic,True
HP-388,Cement,0.6,MT,Civil,144.23,synthetic,True
HP-388,Reinforcement Steel,0.5,MT,Civil,120.19,synthetic,True
HP-388,Structural Steel,0.2,MT,Civil,48.08,synthetic,True
HP-388,Penstock Steel,0.3,MT,Hydromechanical,72.12,synthetic,True
HP-388,Aggregate,1.4,m3,Civil,336.54,synthetic,True
HP-388,Sand,0.7,m3,Civil,168.27,synthetic,True
HP-388,Excavation,88.4,m3,Civil,21250.0,synthetic,True
HP-388,Rock Excavation,66.3,m3,Civil,15937.5,synthetic,True
HP-388,Earth Excavation,22.1,m3,Civil,5312.5,synthetic,True
HP-388,Grouting Cement,0.0,MT,Civil,0.0,synthetic,True
HP-388,Shotcrete,0.0,m3,Civil,0.0,synthetic,True
HP-388,Lining Concrete,0.1,m3,Civil,24.04,synthetic,True
HP-388,Gates Steel,0.0,MT,Hydromechanical,0.0,synthetic,True
HP-388,Embedded Steel,0.0,MT,Civil,0.0,synthetic,True
HP-389,Concrete,2.4,m3,Civil,827.59,synthetic,True
HP-389,Cement,0.8,MT,Civil,275.86,synthetic,True
HP-389,Reinforcement Steel,0.4,MT,Civil,137.93,synthetic,True
HP-389,Structural Steel,0.1,MT,Civil,34.48,synthetic,True
HP-389,Penstock Steel,0.4,MT,Hydromechanical,137.93,synthetic,True
HP-389,Aggregate,2.0,m3,Civil,689.66,synthetic,True
HP-389,Sand,1.1,m3,Civil,379.31,synthetic,True
HP-389,Excavation,155.2,m3,Civil,53517.24,synthetic,True
HP-389,Rock Excavation,116.4,m3,Civil,40137.93,synthetic,True
HP-389,Earth Excavation,38.8,m3,Civil,13379.31,synthetic,True
HP-389,Grouting Cement,0.1,MT,Civil,34.48,synthetic,True
HP-389,Shotcrete,0.0,m3,Civil,0.0,synthetic,True
HP-389,Lining Concrete,0.1,m3,Civil,34.48,synthetic,True
HP-389,Gates Steel,0.0,MT,Hydromechanical,0.0,synthetic,True
HP-389,Embedded Steel,0.0,MT,Civil,0.0,synthetic,True
HP-390,Concrete,8.5,m3,Civil,6640.62,synthetic,True
HP-390,Cement,3.0,MT,Civil,2343.75,synthetic,True
HP-390,Reinforcement Steel,0.2,MT,Civil,156.25,synthetic,True
HP-390,Structural Steel,0.1,MT,Civil,78.12,synthetic,True
HP-390,Penstock Steel,0.0,MT,Hydromechanical,0.0,synthetic,True
HP-390,Aggregate,7.2,m3,Civil,5625.0,synthetic,True
HP-390,Sand,3.8,m3,Civil,2968.75,synthetic,True
HP-390,Excavation,107.1,m3,Civil,83671.87,synthetic,True
HP-390,Rock Excavation,48.2,m3,Civil,37656.25,synthetic,True
HP-390,Earth Excavation,58.9,m3,Civil,46015.62,synthetic,True
HP-390,Grouting Cement,0.2,MT,Civil,156.25,synthetic,True
HP-390,Shotcrete,0.2,m3,Civil,156.25,synthetic,True
HP-390,Lining Concrete,0.4,m3,Civil,312.5,synthetic,True
HP-390,Gates Steel,0.0,MT,Hydromechanical,0.0,synthetic,True
HP-390,Embedded Steel,0.0,MT,Civil,0.0,synthetic,True
HP-391,Concrete,9.9,m3,Civil,2468.83,synthetic,True
HP-391,Cement,3.5,MT,Civil,872.82,synthetic,True
HP-391,Reinforcement Steel,0.2,MT,Civil,49.88,synthetic,True
HP-391,Structural Steel,0.1,MT,Civil,24.94,synthetic,True
HP-391,Penstock Steel,0.1,MT,Hydromechanical,24.94,synthetic,True
HP-391,Aggregate,8.4,m3,Civil,2094.76,synthetic,True
HP-391,Sand,4.5,m3,Civil,1122.19,synthetic,True
HP-391,Excavation,155.2,m3,Civil,38703.24,synthetic,True
HP-391,Rock Excavation,69.8,m3,Civil,17406.48,synthetic,True
HP-391,Earth Excavation,85.4,m3,Civil,21296.76,synthetic,True
HP-391,Grouting Cement,0.3,MT,Civil,74.81,synthetic,True
HP-391,Shotcrete,0.2,m3,Civil,49.88,synthetic,True
HP-391,Lining Concrete,0.5,m3,Civil,124.69,synthetic,True
HP-391,Gates Steel,0.0,MT,Hydromechanical,0.0,synthetic,True
HP-391,Embedded Steel,0.0,MT,Civil,0.0,synthetic,True
HP-392,Concrete,7.9,m3,Civil,5486.11,synthetic,True
HP-392,Cement,2.8,MT,Civil,1944.44,synthetic,True
HP-392,Reinforcement Steel,0.7,MT,Civil,486.11,synthetic,True
HP-392,Structural Steel,0.2,MT,Civil,138.89,synthetic,True
HP-392,Penstock Steel,0.0,MT,Hydromechanical,0.0,synthetic,True
HP-392,Aggregate,6.7,m3,Civil,4652.78,synthetic,True
HP-392,Sand,3.6,m3,Civil,2500.0,synthetic,True
HP-392,Excavation,174.2,m3,Civil,120972.22,synthetic,True
HP-392,Rock Excavation,78.4,m3,Civil,54444.44,synthetic,True
HP-392,Earth Excavation,95.8,m3,Civil,66527.78,synthetic,True
HP-392,Grouting Cement,0.2,MT,Civil,138.89,synthetic,True
HP-392,Shotcrete,0.2,m3,Civil,138.89,synthetic,True
HP-392,Lining Concrete,0.4,m3,Civil,277.78,synthetic,True
HP-392,Gates Steel,0.0,MT,Hydromechanical,0.0,synthetic,True
HP-392,Embedded Steel,0.0,MT,Civil,0.0,synthetic,True
HP-393,Concrete,7.9,m3,Civil,1960.3,synthetic,True
HP-393,Cement,2.8,MT,Civil,694.79,synthetic,True
HP-393,Reinforcement Steel,0.2,MT,Civil,49.63,synthetic,True
HP-393,Structural Steel,0.1,MT,Civil,24.81,synthetic,True
HP-393,Penstock Steel,0.2,MT,Hydromechanical,49.63,synthetic,True
HP-393,Aggregate,6.7,m3,Civil,1662.53,synthetic,True
HP-393,Sand,3.6,m3,Civil,893.3,synthetic,True
HP-393,Excavation,21.5,m3,Civil,5334.99,synthetic,True
HP-393,Rock Excavation,16.1,m3,Civil,3995.04,synthetic,True
HP-393,Earth Excavation,5.4,m3,Civil,1339.95,synthetic,True
HP-393,Grouting Cement,0.2,MT,Civil,49.63,synthetic,True
HP-393,Shotcrete,0.2,m3,Civil,49.63,synthetic,True
HP-393,Lining Concrete,0.4,m3,Civil,99.26,synthetic,True
HP-393,Gates Steel,0.0,MT,Hydromechanical,0.0,synthetic,True
HP-393,Embedded Steel,0.0,MT,Civil,0.0,synthetic,True
HP-394,Concrete,3.3,m3,Civil,2773.11,synthetic,True
HP-394,Cement,1.2,MT,Civil,1008.4,synthetic,True
HP-394,Reinforcement Steel,0.7,MT,Civil,588.24,synthetic,True
HP-394,Structural Steel,0.2,MT,Civil,168.07,synthetic,True
HP-394,Penstock Steel,0.2,MT,Hydromechanical,168.07,synthetic,True
HP-394,Aggregate,2.8,m3,Civil,2352.94,synthetic,True
HP-394,Sand,1.5,m3,Civil,1260.5,synthetic,True
HP-394,Excavation,52.3,m3,Civil,43949.58,synthetic,True
HP-394,Rock Excavation,23.5,m3,Civil,19747.9,synthetic,True
HP-394,Earth Excavation,28.8,m3,Civil,24201.68,synthetic,True
HP-394,Grouting Cement,0.1,MT,Civil,84.03,synthetic,True
HP-394,Shotcrete,0.1,m3,Civil,84.03,synthetic,True
HP-394,Lining Concrete,0.2,m3,Civil,168.07,synthetic,True
HP-394,Gates Steel,0.0,MT,Hydromechanical,0.0,synthetic,True
HP-394,Embedded Steel,0.0,MT,Civil,0.0,synthetic,True
HP-395,Concrete,5.8,m3,Civil,1258.13,synthetic,True
HP-395,Cement,2.0,MT,Civil,433.84,synthetic,True
HP-395,Reinforcement Steel,0.7,MT,Civil,151.84,synthetic,True
HP-395,Structural Steel,0.2,MT,Civil,43.38,synthetic,True
HP-395,Penstock Steel,0.1,MT,Hydromechanical,21.69,synthetic,True
HP-395,Aggregate,4.9,m3,Civil,1062.91,synthetic,True
HP-395,Sand,2.6,m3,Civil,563.99,synthetic,True
HP-395,Excavation,37.2,m3,Civil,8069.41,synthetic,True
HP-395,Rock Excavation,16.7,m3,Civil,3622.56,synthetic,True
HP-395,Earth Excavation,20.5,m3,Civil,4446.85,synthetic,True
HP-395,Grouting Cement,0.2,MT,Civil,43.38,synthetic,True
HP-395,Shotcrete,0.1,m3,Civil,21.69,synthetic,True
HP-395,Lining Concrete,0.3,m3,Civil,65.08,synthetic,True
HP-395,Gates Steel,0.0,MT,Hydromechanical,0.0,synthetic,True
HP-395,Embedded Steel,0.0,MT,Civil,0.0,synthetic,True
HP-396,Concrete,7.3,m3,Civil,13272.73,synthetic,True
HP-396,Cement,2.6,MT,Civil,4727.27,synthetic,True
HP-396,Reinforcement Steel,0.2,MT,Civil,363.64,synthetic,True
HP-396,Structural Steel,0.1,MT,Civil,181.82,synthetic,True
HP-396,Penstock Steel,0.1,MT,Hydromechanical,181.82,synthetic,True
HP-396,Aggregate,6.2,m3,Civil,11272.73,synthetic,True
HP-396,Sand,3.3,m3,Civil,6000.0,synthetic,True
HP-396,Excavation,55.1,m3,Civil,100181.82,synthetic,True
HP-396,Rock Excavation,41.3,m3,Civil,75090.91,synthetic,True
HP-396,Earth Excavation,13.8,m3,Civil,25090.91,synthetic,True
HP-396,Grouting Cement,0.2,MT,Civil,363.64,synthetic,True
HP-396,Shotcrete,0.1,m3,Civil,181.82,synthetic,True
HP-396,Lining Concrete,0.4,m3,Civil,727.27,synthetic,True
HP-396,Gates Steel,0.0,MT,Hydromechanical,0.0,synthetic,True
HP-396,Embedded Steel,0.0,MT,Civil,0.0,synthetic,True
HP-397,Concrete,4.6,m3,Civil,982.91,synthetic,True
HP-397,Cement,1.6,MT,Civil,341.88,synthetic,True
HP-397,Reinforcement Steel,0.2,MT,Civil,42.74,synthetic,True
HP-397,Structural Steel,0.0,MT,Civil,0.0,synthetic,True
HP-397,Penstock Steel,0.0,MT,Hydromechanical,0.0,synthetic,True
HP-397,Aggregate,3.9,m3,Civil,833.33,synthetic,True
HP-397,Sand,2.1,m3,Civil,448.72,synthetic,True
HP-397,Excavation,79.0,m3,Civil,16880.34,synthetic,True
HP-397,Rock Excavation,35.6,m3,Civil,7606.84,synthetic,True
HP-397,Earth Excavation,43.4,m3,Civil,9273.5,synthetic,True
HP-397,Grouting Cement,0.1,MT,Civil,21.37,synthetic,True
HP-397,Shotcrete,0.1,m3,Civil,21.37,synthetic,True
HP-397,Lining Concrete,0.2,m3,Civil,42.74,synthetic,True
HP-397,Gates Steel,0.0,MT,Hydromechanical,0.0,synthetic,True
HP-397,Embedded Steel,0.0,MT,Civil,0.0,synthetic,True
HP-398,Concrete,2.8,m3,Civil,767.12,synthetic,True
HP-398,Cement,1.0,MT,Civil,273.97,synthetic,True
HP-398,Reinforcement Steel,0.4,MT,Civil,109.59,synthetic,True
HP-398,Structural Steel,0.1,MT,Civil,27.4,synthetic,True
HP-398,Penstock Steel,0.3,MT,Hydromechanical,82.19,synthetic,True
HP-398,Aggregate,2.4,m3,Civil,657.53,synthetic,True
HP-398,Sand,1.3,m3,Civil,356.16,synthetic,True
HP-398,Excavation,137.1,m3,Civil,37561.64,synthetic,True
HP-398,Rock Excavation,61.7,m3,Civil,16904.11,synthetic,True
HP-398,Earth Excavation,75.4,m3,Civil,20657.53,synthetic,True
HP-398,Grouting Cement,0.1,MT,Civil,27.4,synthetic,True
HP-398,Shotcrete,0.1,m3,Civil,27.4,synthetic,True
HP-398,Lining Concrete,0.1,m3,Civil,27.4,synthetic,True
HP-398,Gates Steel,0.0,MT,Hydromechanical,0.0,synthetic,True
HP-398,Embedded Steel,0.0,MT,Civil,0.0,synthetic,True
HP-399,Concrete,1.4,m3,Civil,289.26,synthetic,True
HP-399,Cement,0.5,MT,Civil,103.31,synthetic,True
HP-399,Reinforcement Steel,0.2,MT,Civil,41.32,synthetic,True
HP-399,Structural Steel,0.1,MT,Civil,20.66,synthetic,True
HP-399,Penstock Steel,0.0,MT,Hydromechanical,0.0,synthetic,True
HP-399,Aggregate,1.2,m3,Civil,247.93,synthetic,True
HP-399,Sand,0.6,m3,Civil,123.97,synthetic,True
HP-399,Excavation,78.6,m3,Civil,16239.67,synthetic,True
HP-399,Rock Excavation,35.4,m3,Civil,7314.05,synthetic,True
HP-399,Earth Excavation,43.2,m3,Civil,8925.62,synthetic,True
HP-399,Grouting Cement,0.0,MT,Civil,0.0,synthetic,True
HP-399,Shotcrete,0.0,m3,Civil,0.0,synthetic,True
HP-399,Lining Concrete,0.1,m3,Civil,20.66,synthetic,True
HP-399,Gates Steel,0.0,MT,Hydromechanical,0.0,synthetic,True
HP-399,Embedded Steel,0.0,MT,Civil,0.0,synthetic,True
HP-400,Concrete,3.1,m3,Civil,778.89,synthetic,True
HP-400,Cement,1.1,MT,Civil,276.38,synthetic,True
HP-400,Reinforcement Steel,0.3,MT,Civil,75.38,synthetic,True
HP-400,Structural Steel,0.1,MT,Civil,25.13,synthetic,True
HP-400,Penstock Steel,0.3,MT,Hydromechanical,75.38,synthetic,True
HP-400,Aggregate,2.6,m3,Civil,653.27,synthetic,True
HP-400,Sand,1.4,m3,Civil,351.76,synthetic,True
HP-400,Excavation,149.1,m3,Civil,37462.31,synthetic,True
HP-400,Rock Excavation,111.8,m3,Civil,28090.45,synthetic,True
HP-400,Earth Excavation,37.3,m3,Civil,9371.86,synthetic,True
HP-400,Grouting Cement,0.1,MT,Civil,25.13,synthetic,True
HP-400,Shotcrete,0.1,m3,Civil,25.13,synthetic,True
HP-400,Lining Concrete,0.2,m3,Civil,50.25,synthetic,True
HP-400,Gates Steel,0.0,MT,Hydromechanical,0.0,synthetic,True
HP-400,Embedded Steel,0.0,MT,Civil,0.0,synthetic,True
