project_id,project_name,project_category,project_type,state,district,river,river_basin,terrain_type,development_type,climate_zone,elevation_m,capacity_mw,number_of_units,unit_capacity_mw,commissioning_year,project_life_years,gross_head_m,net_head_m,design_flow_m3s,minimum_flow_m3s,maximum_flow_m3s,annual_inflow_mcm,catchment_area_km2,reservoir_volume_mcm,dam_type,dam_height_m,dam_length_m,reservoir_area_km2,tunnel_length_km,tunnel_diameter_m,penstock_length_m,penstock_diameter_m,powerhouse_type,powerhouse_area_m2,excavation_volume_m3,turbine_type,turbine_efficiency,generator_efficiency,design_efficiency,number_of_turbines,number_of_generators,transformer_count,transformer_capacity_mva,crane_capacity_t,penstock_sections,project_complexity_score,terrain_complexity_score,civil_complexity_score,hydro_complexity_score,annual_generation_gwh,capacity_factor,plant_load_factor,availability_factor,annual_operating_hours,construction_duration_months,civil_construction_months,dam_construction_months,tunnel_construction_months,powerhouse_construction_months,electromechanical_installation_months,concrete_m3_per_mw,cement_mt_per_mw,reinforcement_steel_mt_per_mw,structural_steel_mt_per_mw,penstock_steel_mt_per_mw,excavation_m3_per_mw,synthetic_generation_version,generation_seed,source_type
HP-001,Srisailam Hydro Project Unit-1,Large Hydro,storage,Himachal Pradesh,Kullu,Sutlej,Indus Basin,Hilly,Greenfield,Himalayan Sub-tropical,2197.8,565.37,8,70.6713,2002,50,255.2,247.2,261.138,26.807,328.943,7328.8,8401.7,566.7,Rockfill,193.8,488.9,96.83,15.96,6.38,313.3,7.29,Surface,5100.8,11490462.1,Francis,0.925,0.961,0.889,8,8,9,91.46,251.9,4,2.1,2.6,2.2,1.4,2961.77,0.601,60.1,0.867,7594.9,111.0,70.9,42.9,36.5,28.5,29.5,2824.18,988.46,37.12,8.12,14.34,20323.79,v1.0,42,synthetic
HP-002,Srisailam Hydro Project Unit-2,Large Hydro,pumped,Sikkim,South Sikkim,Siang,Brahmaputra Basin,Hilly,Greenfield,Himalayan Sub-tropical,1988.3,1433.49,4,358.3725,2017,50,164.9,156.1,1075.629,181.584,1361.622,23560.52,11640.5,1.3,Barrage/Weir,29.2,146.2,0.13,3.32,10.39,745.5,6.09,Underground,20863.6,16277616.1,Francis,0.926,0.977,0.905,4,4,5,463.78,163.4,4,2.4,3.0,2.2,2.1,6514.06,0.52,52.0,0.941,8243.2,72.2,46.9,28.9,22.6,18.4,15.2,991.99,347.2,22.93,5.49,10.32,11355.24,v1.0,42,synthetic
HP-003,Kargil Hydro Project Unit-3,Large Hydro,run-of-river,Goa,North Goa,Periyar,West Flowing Rivers,Gorge,Greenfield,Himalayan Sub-tropical,1506.5,746.4,8,93.3,2008,50,428.6,404.9,213.857,39.385,289.199,4176.99,5921.8,2.8,Concrete Gravity,32.6,195.4,0.28,11.77,4.78,531.1,7.43,Surface,7758.5,12994422.3,Pelton,0.92,0.967,0.89,8,8,9,120.74,140.9,4,3.3,1.8,3.9,4.1,2709.52,0.41,41.0,0.919,8050.4,77.6,46.8,31.9,34.5,26.6,21.4,1943.88,680.36,33.9,9.49,15.69,17409.46,v1.0,42,synthetic
HP-004,Chhatru Hydro Project Unit-4,Large Hydro,pumped,Odisha,Koraput,Pranahita,Godavari Basin,Mountainous,Greenfield,Tropical,320.1,1152.5,8,144.0625,2001,35,74.4,72.1,1812.626,231.74,2439.114,47076.02,10988.6,13.3,Concrete Gravity,19.2,132.9,1.33,18.15,5.33,251.8,4.66,Surface,13958.0,17062185.4,Francis,0.945,0.952,0.9,8,8,9,186.43,,4,2.9,3.7,3.6,1.5,4102.51,0.406,40.6,0.877,7682.5,80.6,45.8,31.9,34.8,20.8,22.6,1481.93,518.68,25.95,8.3,7.71,14804.5,v1.0,42,synthetic
HP-005,Sanjay Hydro Project Unit-5,Large Hydro,run-of-river,Arunachal Pradesh,Tawang,Siang,Brahmaputra Basin,Mountainous,Greenfield,Himalayan Sub-tropical,1274.8,1014.63,6,169.105,2008,40,185.5,173.5,658.077,109.364,885.773,12741.14,3656.7,1.3,Concrete Gravity,21.3,143.6,,3.14,8.09,678.0,6.76,Underground,8694.2,12597813.4,Francis,0.93,0.976,0.908,6,6,7,218.84,281.4,4,2.5,1.7,1.5,4.2,4544.42,0.517,51.7,0.912,7989.1,67.1,41.3,27.3,23.3,18.5,17.9,1205.88,422.06,26.23,8.95,12.96,12416.16,v1.0,42,synthetic
HP-006,Pakal Dul Hydro Project Unit-6,Large Hydro,pumped,Uttar Pradesh,Sonbhadra,Teesta,Ganga Basin,Gorge,Greenfield,Alpine,2993.1,1121.55,4,280.3875,2007,40,185.3,175.7,703.161,139.497,1014.05,18124.96,10184.0,8.5,Concrete Gravity,8.1,59.9,0.85,7.29,10.23,929.5,3.28,Surface,15755.9,15224375.3,Francis,0.939,0.956,0.898,4,4,5,362.85,252.0,4,2.9,3.6,2.2,3.0,3928.39,0.402,40.2,0.898,7866.5,66.7,41.8,27.6,22.6,21.6,17.0,1288.06,450.82,27.0,8.83,10.5,13574.41,v1.0,42,synthetic
HP-007,Kishanganga Hydro Project Unit-7,Large Hydro,storage,Telangana,Nalgonda,Wainganga,Godavari Basin,Gorge,Greenfield,Alpine,2214.4,685.76,8,85.72,2003,40,437.9,405.4,192.273,22.199,284.365,6177.29,14655.0,2030.7,Earthfill,44.7,227.0,202.72,20.62,9.62,1057.3,6.55,Surface,6577.8,13980398.2,Pelton,0.938,0.961,0.901,8,8,9,110.93,85.8,4,2.2,1.6,2.9,2.0,3443.14,0.577,57.7,0.938,8216.9,100.8,59.5,38.1,31.3,33.0,23.7,2410.4,843.64,35.33,8.92,23.17,20386.72,v1.0,42,synthetic
HP-008,Malana Hydro Project Unit-8,Large Hydro,pumped,Andhra Pradesh,Kurnool,Godavari,Godavari Basin,Gorge,Greenfield,Himalayan Sub-tropical,1979.2,925.73,8,115.7163,2003,40,498.7,479.0,222.196,33.772,320.396,6391.34,14133.8,11.2,Barrage/Weir,15.9,53.3,1.12,15.28,6.31,479.6,6.74,Semi-underground,15737.8,13701373.9,Pelton,0.93,0.97,0.902,8,8,9,149.75,288.4,4,3.2,2.6,3.8,3.2,3789.64,0.471,47.1,0.927,8120.5,90.9,53.7,39.4,31.4,24.6,25.3,1567.25,548.54,26.56,7.96,11.44,14800.62,v1.0,42,synthetic
HP-009,Ghanvi Hydro Project Unit-9,Large Hydro,pumped,Meghalaya,Ri-Bhoi,Subansiri,Brahmaputra Basin,Gorge,Greenfield,Alpine,2637.1,1361.36,4,340.34,2021,40,154.6,148.4,1041.928,153.699,1515.923,17864.93,6509.4,9.6,Barrage/Weir,26.6,130.9,0.96,9.99,5.03,872.0,6.96,Underground,21488.0,17755434.9,Francis,0.919,0.974,0.895,4,4,5,440.44,228.0,4,3.3,3.8,2.9,3.2,4916.98,0.412,41.2,0.902,7901.5,87.4,50.8,37.2,32.0,29.0,25.3,1197.96,419.29,24.76,5.4,12.68,13042.42,v1.0,42,synthetic
HP-010,Srisailam Hydro Project Unit-10,Large Hydro,pumped,Andhra Pradesh,Kurnool,Wainganga,Godavari Basin,Gorge,Greenfield,Himalayan Sub-tropical,942.3,935.81,6,155.9683,2017,35,110.6,106.0,990.566,105.419,1309.805,25789.46,6528.7,3.5,Trench Intake,16.7,114.4,0.35,20.92,4.14,1074.7,5.38,Surface,7541.7,15823429.7,Francis,0.924,0.973,0.899,6,6,7,201.84,17.9,4,3.9,4.3,4.7,2.7,4274.81,0.525,52.5,0.88,7708.8,91.5,50.6,35.1,36.8,26.6,19.8,1811.1,633.89,28.88,8.14,16.02,16908.81,v1.0,42,synthetic
HP-011,Ratle Hydro Project Unit-11,Large Hydro,run-of-river,Telangana,Nalgonda,Wainganga,Godavari Basin,Mountainous,Greenfield,Himalayan Sub-tropical,1113.2,594.37,6,99.0617,2008,40,168.7,162.9,423.26,84.648,552.349,11880.81,11827.9,10.0,Barrage/Weir,33.5,133.9,1.0,2.41,5.07,282.5,5.85,Semi-underground,10388.1,9647763.8,Francis,0.929,0.958,0.89,6,6,7,128.2,243.6,4,3.6,2.7,3.4,4.6,2185.72,0.419,41.9,0.888,7778.9,93.1,56.6,41.0,33.2,32.0,20.5,1879.13,657.7,37.45,11.86,12.57,16231.92,v1.0,42,synthetic
HP-012,Sawra Kuddu Hydro Project Unit-12,Large Hydro,run-of-river,Madhya Pradesh,Hoshangabad,Godavari,Godavari Basin,Mountainous,Brownfield,Himalayan Sub-tropical,2107.4,913.98,4,228.495,2013,40,93.8,86.5,1200.12,204.898,1596.935,35586.66,14499.4,4.4,Concrete Gravity,28.2,150.1,,18.51,8.15,488.4,3.73,Underground,9861.2,14747549.1,Francis,0.928,0.973,0.903,4,4,5,295.7,140.0,4,3.2,3.4,3.7,2.4,3956.13,0.497,49.7,0.892,7813.9,86.0,52.4,37.7,33.0,25.9,18.8,1745.63,610.97,28.1,6.99,9.55,16135.53,v1.0,42,synthetic
HP-013,Koyna Hydro Project Unit-13,Large Hydro,pumped,Karnataka,Uttara Kannada,Tungabhadra,Krishna Basin,Gorge,Greenfield,Himalayan Sub-tropical,1815.8,681.86,6,113.6433,2013,50,320.7,305.4,247.47,30.452,350.513,5379.67,11271.8,14.3,Concrete Gravity,10.6,43.3,1.43,11.68,9.07,1175.4,5.12,Surface,12140.6,11122843.5,Pelton,0.943,0.959,0.904,6,6,7,147.07,,4,2.9,2.7,2.3,3.7,2372.45,0.393,39.3,0.886,7761.4,89.5,56.0,32.2,27.0,24.9,22.2,1845.66,645.98,31.24,6.46,20.33,16312.5,v1.0,42,synthetic
HP-014,Koldam Hydro Project Unit-14,Large Hydro,run-of-river,Madhya Pradesh,Khandwa,Godavari,Godavari Basin,Mountainous,Greenfield,Tropical,467.2,1641.19,6,273.5317,2019,50,443.3,425.0,430.434,62.1,627.594,14850.39,4928.0,9.5,Concrete Gravity,33.8,118.2,0.95,17.25,8.38,427.9,2.91,Underground,15982.1,19534717.4,Pelton,0.913,0.95,0.867,6,6,7,353.98,99.2,4,2.9,3.0,3.4,2.3,7928.38,0.549,54.9,0.901,7892.8,104.9,66.0,43.3,41.9,36.0,25.4,1085.1,379.78,20.57,6.3,6.2,11902.78,v1.0,42,synthetic
HP-015,Sutlej Hydro Project Unit-15,Large Hydro,run-of-river,Madhya Pradesh,Hoshangabad,Pranahita,Godavari Basin,Hilly,Greenfield,Alpine,3022.3,990.58,8,123.8225,2017,40,263.3,247.5,444.289,71.251,536.594,8930.04,10277.3,13.0,Concrete Gravity,33.5,267.9,,15.45,5.89,192.2,6.28,Surface,13065.4,15714799.4,Francis,0.928,0.958,0.889,8,8,9,160.24,249.2,4,3.9,4.8,2.8,4.1,4108.48,0.478,47.8,0.889,7787.6,80.5,47.6,32.2,32.2,23.3,22.2,1654.81,579.18,29.0,7.84,8.64,15864.24,v1.0,42,synthetic
HP-016,Ratle Hydro Project Unit-16,Large Hydro,run-of-river,Gujarat,Narmada,Tawa,Narmada Basin,Hilly,Greenfield,Himalayan Sub-tropical,2038.8,456.49,3,152.1633,2006,40,320.1,295.6,176.107,19.749,262.742,4805.75,3969.8,2.8,Concrete Gravity,5.4,27.2,0.28,6.49,9.89,269.1,7.24,Semi-underground,7450.6,9583046.1,Pelton,0.93,0.971,0.903,3,3,4,196.92,299.7,3,3.2,3.2,2.2,4.1,2068.14,0.512,51.2,0.895,7840.2,81.0,51.7,35.3,27.7,26.6,19.6,2566.61,898.31,46.45,10.99,16.58,20992.89,v1.0,42,synthetic
HP-017,Tehri Hydro Project Unit-17,Large Hydro,pumped,Telangana,Bhadradri Kothagudem,Wainganga,Godavari Basin,Gorge,Greenfield,Alpine,2991.8,731.7,4,182.925,2022,35,331.6,317.8,245.216,42.783,346.139,7631.41,6098.1,10.1,Concrete Gravity,34.4,188.4,1.01,2.74,7.52,769.7,6.85,Surface,6583.2,9800907.7,Pelton,0.946,0.95,0.899,4,4,5,236.73,93.3,4,3.7,2.0,4.4,4.6,2838.9,0.444,44.4,0.916,8024.2,68.0,39.6,28.4,25.8,23.5,17.9,1465.43,512.9,29.69,9.42,17.59,13394.71,v1.0,42,synthetic
HP-018,Rongtong Hydro Project Unit-18,Large Hydro,storage,Odisha,Koraput,Wainganga,Godavari Basin,Gorge,Greenfield,Alpine,2251.4,1437.42,4,359.355,2001,40,446.0,426.1,371.578,56.895,508.98,11431.13,2964.8,215.8,Earthfill,157.7,527.2,40.34,4.86,7.23,416.7,3.78,Underground,24420.5,17647325.7,Pelton,0.929,0.959,0.891,4,4,5,465.05,,4,3.1,3.3,1.5,4.5,7685.62,0.611,61.1,0.922,8076.7,88.7,57.6,38.6,28.0,25.6,20.9,1185.69,414.99,24.45,5.99,7.59,12277.08,v1.0,42,synthetic
HP-019,Nagarjunasagar Hydro Project Unit-19,Large Hydro,storage,Assam,Karbi Anglong,Dibang,Brahmaputra Basin,Hilly,Greenfield,Tropical,778.9,1573.93,4,393.4825,2019,40,385.7,360.2,495.864,80.739,729.426,13883.1,4979.5,1113.2,Rockfill,179.1,504.3,104.94,16.95,5.23,288.8,5.2,Surface,20946.7,20503102.5,Pelton,0.947,0.975,0.923,4,4,5,509.21,205.1,4,3.2,2.3,4.3,2.9,6426.71,0.461,46.1,0.87,7621.2,95.7,61.9,41.7,39.1,33.3,28.4,1300.92,455.32,22.92,7.15,7.05,13026.69,v1.0,42,synthetic
HP-020,Koteshwar Hydro Project Unit-20,Large Hydro,storage,Madhya Pradesh,Jabalpur,Wainganga,Godavari Basin,Gorge,Greenfield,Himalayan Sub-tropical,2020.6,305.95,5,61.19,2019,35,370.3,347.4,100.278,16.538,123.844,1667.23,1039.6,2489.9,Concrete Gravity,58.5,327.9,175.16,11.07,8.69,930.3,7.23,Surface,4244.6,9083982.0,Pelton,0.939,0.977,0.917,5,5,6,79.19,,4,3.8,3.7,4.3,3.4,1461.41,0.546,54.6,0.88,7708.8,81.8,48.0,36.7,29.0,27.8,21.6,4197.93,1469.27,61.95,14.99,46.12,29691.07,v1.0,42,synthetic
HP-021,Ratle Hydro Project Unit-21,Large Hydro,storage,Himachal Pradesh,Kullu,Jhelum,Indus Basin,Mountainous,Brownfield,Tropical,736.1,1594.93,8,199.3663,2006,50,150.1,139.1,1267.046,240.806,1521.533,40558.67,2598.0,342.4,Rockfill,191.7,553.0,,4.64,6.51,977.9,5.44,Underground,15538.5,18384681.2,Francis,0.912,0.972,0.886,8,8,9,258.0,31.3,4,3.4,3.2,4.0,2.9,5733.1,0.406,40.6,0.905,7927.8,84.2,52.9,36.8,31.8,24.9,25.0,1101.55,385.54,22.7,6.29,10.57,11526.95,v1.0,42,synthetic
HP-022,Parbati Hydro Project Unit-22,Large Hydro,pumped,Uttar Pradesh,Sonbhadra,Alaknanda,Ganga Basin,Hilly,Brownfield,Alpine,2307.7,622.6,6,103.7667,2019,50,190.4,179.9,397.458,44.293,555.016,12867.94,8494.4,13.0,Trench Intake,18.5,76.6,1.3,8.78,7.17,586.8,2.98,Surface,6926.6,10100769.1,Francis,0.92,0.979,0.901,6,6,7,134.29,40.0,4,2.8,3.8,3.0,1.6,3021.71,0.559,55.9,0.894,7831.4,70.7,45.6,28.7,28.3,20.6,20.3,1876.63,656.82,32.81,8.69,11.6,16223.53,v1.0,42,synthetic
HP-023,Kiru Hydro Project Unit-23,Large Hydro,pumped,Telangana,Nalgonda,Wainganga,Godavari Basin,Gorge,Greenfield,Alpine,2464.1,765.28,8,95.66,2007,40,471.0,433.9,195.045,32.04,235.59,6504.31,12527.2,4.4,Barrage/Weir,13.2,89.9,0.44,20.43,6.46,340.5,3.22,Semi-underground,9189.4,13798107.5,Pelton,0.916,0.969,0.888,8,8,9,123.8,43.0,4,2.5,1.6,4.0,2.0,3165.0,0.469,46.9,0.925,8103.0,94.7,52.9,33.6,30.6,29.5,25.3,2036.23,712.68,30.64,7.7,9.18,18030.14,v1.0,42,synthetic
HP-024,Chutak Hydro Project Unit-24,Large Hydro,storage,Karnataka,Chikmagalur,Koyna,Krishna Basin,Gorge,Brownfield,Tropical,269.8,686.07,4,171.5175,2009,35,431.3,401.9,188.757,28.264,250.895,3437.72,8222.4,590.7,Rockfill,53.7,296.2,33.28,2.37,10.45,1055.2,5.38,Semi-underground,8263.2,10742928.3,Pelton,0.936,0.959,0.898,4,4,5,221.96,235.1,4,3.2,2.8,4.8,1.9,3276.47,0.546,54.6,0.893,7822.7,70.4,41.8,27.5,22.0,23.7,19.3,1767.12,618.49,35.47,9.54,20.47,15658.65,v1.0,42,synthetic
HP-025,Kiru Hydro Project Unit-25,Large Hydro,storage,Himachal Pradesh,Mandi,Beas,Indus Basin,Mountainous,Brownfield,Tropical,573.9,378.33,3,126.11,2005,50,292.0,272.2,152.524,29.348,208.858,4238.47,9555.6,2163.3,Rockfill,68.7,188.2,251.66,8.06,5.92,209.0,5.04,Surface,4773.6,8176337.9,Pelton,0.912,0.961,0.876,3,3,4,163.2,34.5,3,3.5,2.4,3.6,4.6,1581.34,0.472,47.2,0.912,7989.1,95.5,52.9,42.1,36.8,25.7,24.9,2979.72,1042.9,46.09,13.33,14.12,21611.66,v1.0,42,synthetic
HP-026,Vyasi Hydro Project Unit-26,Large Hydro,pumped,Assam,Karbi Anglong,Siang,Brahmaputra Basin,Mountainous,Greenfield,Himalayan Sub-tropical,1255.8,1095.78,6,182.63,2012,40,435.0,407.2,313.456,41.835,407.15,8251.9,6105.2,4.2,Concrete Gravity,33.9,203.9,,5.01,4.57,846.8,7.08,Surface,19370.1,13509448.4,Pelton,0.938,0.962,0.902,6,6,7,236.34,49.9,4,3.5,3.5,4.7,2.4,5563.02,0.575,57.5,0.92,8059.2,89.6,55.4,36.1,35.6,26.2,21.2,1195.29,418.35,25.14,8.01,14.17,12328.61,v1.0,42,synthetic
HP-027,Sardar Sarovar Hydro Project Unit-27,Large Hydro,pumped,Kerala,Pathanamthitta,Cauvery,Cauvery Basin,Mountainous,Brownfield,Himalayan Sub-tropical,1267.8,1765.16,4,441.29,2005,50,433.3,402.8,499.769,70.51,701.13,10126.55,6940.9,4.6,Concrete Gravity,28.5,118.8,0.46,6.78,10.76,973.6,7.02,Underground,20614.3,19446125.7,Pelton,0.948,0.98,0.929,4,4,5,571.08,,4,2.6,3.0,2.2,2.6,8829.27,0.576,57.6,0.932,8164.3,75.8,46.6,33.2,29.0,19.7,21.6,919.68,321.89,21.0,7.24,11.01,11016.64,v1.0,42,synthetic
HP-028,Teesta Hydro Project Unit-28,Large Hydro,run-of-river,Arunachal Pradesh,East Siang,Lohit,Brahmaputra Basin,Hilly,Greenfield,Himalayan Sub-tropical,830.9,888.36,4,222.09,2011,35,54.4,50.2,1959.318,350.988,2432.062,41530.13,12531.5,10.6,Barrage/Weir,27.8,148.6,1.06,14.31,10.34,170.0,3.58,Underground,11982.2,12987532.7,Francis,0.939,0.966,0.907,4,4,5,287.41,,4,2.2,1.9,2.3,2.3,4402.04,0.571,57.1,0.901,7892.8,101.4,61.8,35.7,38.3,27.8,21.7,1578.92,552.62,26.5,6.97,7.19,14619.67,v1.0,42,synthetic
HP-029,Bassu Hydro Project Unit-29,Large Hydro,run-of-river,Odisha,Rayagada,Godavari,Godavari Basin,Gorge,Greenfield,Alpine,2416.7,182.81,5,36.562,2002,40,163.0,152.8,138.404,24.313,171.624,3104.96,5408.9,9.8,Concrete Gravity,18.9,122.4,0.98,14.63,9.68,216.3,6.38,Surface,1530.1,8195096.4,Francis,0.918,0.974,0.894,5,5,6,47.32,210.7,4,3.1,4.4,2.4,2.4,793.89,0.494,49.4,0.863,7559.9,82.2,52.3,29.2,32.7,22.8,23.0,6593.81,2307.83,86.58,27.91,29.11,44828.49,v1.0,42,synthetic
HP-030,Vishnugad Pipalkoti Hydro Project Unit-30,Large Hydro,pumped,Tamil Nadu,Central District,Kabini,Cauvery Basin,Mountainous,Brownfield,Himalayan Sub-tropical,1010.7,250.05,3,83.35,2002,40,377.1,360.0,76.883,12.991,100.368,1273.91,13115.5,5.6,Trench Intake,13.2,104.3,0.56,20.96,4.53,819.4,4.32,Semi-underground,3699.3,9529166.7,Pelton,0.948,0.954,0.904,3,3,4,107.86,154.7,3,3.0,3.5,4.1,1.4,1026.77,0.468,46.8,0.894,7831.4,96.2,59.4,42.8,34.2,31.4,24.8,5342.53,1869.89,63.18,20.02,34.46,38109.04,v1.0,42,synthetic
HP-031,Idukki Hydro Project Unit-31,Large Hydro,storage,Gujarat,Narmada,Narmada,Narmada Basin,Hilly,Greenfield,Alpine,2251.3,1437.7,6,239.6167,2006,35,109.2,105.5,1583.507,316.268,2285.244,53959.28,14805.3,1676.2,Concrete Gravity,144.5,508.1,159.23,5.15,8.97,885.2,3.37,Surface,18816.0,16622288.1,Francis,0.915,0.956,0.875,6,6,7,310.09,109.9,4,2.5,2.0,4.1,1.4,7235.9,0.573,57.3,0.91,7971.6,81.2,47.2,36.5,33.1,24.6,22.5,1117.17,391.01,22.87,5.84,8.67,11561.72,v1.0,42,synthetic
HP-032,Vishnugad Pipalkoti Hydro Project Unit-32,Large Hydro,storage,Gujarat,Narmada,Narmada,Narmada Basin,Mountainous,Brownfield,Tropical,574.3,1055.49,4,263.8725,2005,40,516.7,495.4,232.132,29.807,284.05,4522.48,14367.1,700.6,Rockfill,156.7,443.0,102.39,13.84,8.06,329.8,5.62,Semi-underground,12007.5,15578466.3,Pelton,0.947,0.951,0.901,4,4,5,341.48,144.7,4,3.5,4.4,1.5,4.5,3996.37,0.431,43.1,0.911,7980.4,87.7,56.0,35.5,34.8,24.6,19.7,1644.75,575.66,27.26,6.53,9.08,14759.46,v1.0,42,synthetic
HP-033,Tehri Hydro Project Unit-33,Large Hydro,storage,Telangana,Bhadradri Kothagudem,Pranahita,Godavari Basin,Gorge,Brownfield,Himalayan Sub-tropical,1841.1,1953.21,6,325.535,2007,40,102.5,97.1,2235.347,434.861,3261.928,52932.52,14458.9,2257.7,Rockfill,217.4,1092.2,177.17,5.19,10.97,640.2,6.9,Surface,16078.4,19153099.0,Francis,0.948,0.965,0.915,6,6,7,421.28,,4,3.1,4.7,2.0,2.5,10122.04,0.592,59.2,0.919,8050.4,102.0,64.7,40.1,44.1,32.9,28.2,904.54,316.59,18.71,5.13,8.06,9805.96,v1.0,42,synthetic
HP-034,Parbati Hydro Project Unit-34,Large Hydro,run-of-river,Gujarat,Narmada,Tawa,Narmada Basin,Gorge,Greenfield,Himalayan Sub-tropical,1829.3,1952.66,6,325.4433,2004,35,347.3,329.9,661.689,113.386,953.619,16935.67,2659.6,13.5,Barrage/Weir,14.8,89.8,1.35,5.25,10.93,926.3,4.0,Surface,25527.4,20041321.4,Pelton,0.93,0.965,0.897,6,6,7,421.16,234.6,4,2.6,3.4,3.0,1.4,8289.12,0.48,48.0,0.888,7778.9,91.8,56.3,37.6,31.2,29.0,27.3,815.06,285.27,19.62,4.25,7.74,10263.6,v1.0,42,synthetic
HP-035,Budhil Hydro Project Unit-35,Large Hydro,storage,Meghalaya,West Khasi Hills,Siang,Brahmaputra Basin,Mountainous,Greenfield,Himalayan Sub-tropical,1467.2,1901.6,6,316.9333,2004,40,392.2,372.4,578.356,108.316,821.7,9801.09,2502.2,534.2,Rockfill,229.6,958.4,56.9,21.13,7.22,709.8,5.23,Semi-underground,29893.0,22246925.5,Pelton,0.939,0.969,0.91,6,6,7,410.15,247.3,4,3.1,3.8,3.5,2.0,7194.46,0.434,43.4,0.948,8304.5,108.5,61.9,45.6,37.7,30.9,31.8,1161.21,406.42,19.53,5.54,7.79,11699.06,v1.0,42,synthetic
HP-036,Nagarjunasagar Hydro Project Unit-36,Large Hydro,storage,Telangana,Nalgonda,Pranahita,Godavari Basin,Gorge,Greenfield,Himalayan Sub-tropical,2133.5,1915.1,8,239.3875,2015,35,143.1,135.0,1566.191,178.119,2168.71,42086.33,4015.6,1681.2,RCC,161.2,432.6,188.29,16.35,4.7,959.3,2.53,Semi-underground,34048.8,23064207.8,Francis,0.916,0.97,0.889,8,8,9,309.8,64.0,4,3.6,4.4,3.0,3.5,7564.24,0.448,44.8,0.865,7577.4,108.8,62.4,46.1,46.5,27.6,31.8,1112.76,389.47,21.13,5.14,7.17,12043.34,v1.0,42,synthetic
HP-037,Omkareshwar Hydro Project Unit-37,Large Hydro,storage,Karnataka,Shivamogga,Krishna,Krishna Basin,Gorge,Greenfield,Himalayan Sub-tropical,1508.5,1179.17,8,147.3963,2017,50,291.9,269.4,478.142,57.033,589.929,9009.46,7154.3,658.0,RCC,42.7,157.1,62.02,15.49,5.35,791.5,5.69,Surface,19185.0,15926385.0,Pelton,0.931,0.953,0.887,8,8,9,190.75,214.0,4,2.5,3.7,1.9,1.8,4603.85,0.443,44.3,0.881,7717.6,105.3,61.1,44.5,31.8,33.2,28.4,1358.82,475.59,24.06,5.71,11.48,13506.44,v1.0,42,synthetic
HP-038,Bhabha Hydro Project Unit-38,Large Hydro,storage,Kerala,Wayanad,Kabini,Cauvery Basin,Gorge,Greenfield,Himalayan Sub-tropical,1510.4,519.69,8,64.9613,2011,40,398.0,367.9,158.884,29.006,226.975,4550.62,9139.3,1972.7,Earthfill,140.4,528.8,370.05,4.24,9.8,1098.0,3.51,Semi-underground,4936.3,8532439.4,Pelton,0.923,0.966,0.892,8,8,9,84.07,,4,2.4,1.9,2.0,3.3,2613.96,0.574,57.4,0.901,7892.8,91.1,50.6,36.1,38.4,29.4,21.8,2244.84,785.7,36.9,10.21,19.3,16418.33,v1.0,42,synthetic
HP-039,Nagarjunasagar Hydro Project Unit-39,Large Hydro,storage,Odisha,Koraput,Wainganga,Godavari Basin,Hilly,Brownfield,Himalayan Sub-tropical,2102.2,876.91,6,146.1517,2011,40,268.8,248.4,386.957,76.004,565.873,7075.27,12974.2,314.2,Earthfill,140.5,709.2,26.21,2.07,4.16,463.3,5.87,Semi-underground,10734.5,12174480.8,Francis,0.925,0.957,0.885,6,6,7,189.14,228.8,4,2.2,3.0,1.8,1.9,2988.73,0.388,38.8,0.919,8050.4,103.8,66.3,38.8,32.2,32.1,25.4,1564.35,547.52,30.49,9.6,11.74,13883.39,v1.0,42,synthetic
HP-040,Budhil Hydro Project Unit-40,Large Hydro,pumped,Telangana,Nalgonda,Pranahita,Godavari Basin,Hilly,Greenfield,Himalayan Sub-tropical,834.4,705.99,4,176.4975,2021,50,152.7,145.8,576.121,108.294,848.899,15908.31,6694.4,7.7,Trench Intake,33.2,211.0,,17.72,6.23,587.1,3.25,Surface,6946.1,12915848.9,Francis,0.932,0.957,0.892,4,4,5,228.41,,4,2.8,2.2,4.4,1.8,2964.49,0.479,47.9,0.897,7857.7,89.1,51.3,34.1,27.8,26.3,21.1,2124.74,743.66,32.35,6.75,11.42,18294.66,v1.0,42,synthetic
HP-041,Luhri Hydro Project Unit-41,Large Hydro,run-of-river,Madhya Pradesh,Hoshangabad,Indravati,Godavari Basin,Gorge,Greenfield,Tropical,756.6,1752.01,4,438.0025,2003,50,549.8,520.1,386.665,46.574,570.152,10136.12,11745.0,6.0,Concrete Gravity,24.5,111.3,0.6,9.19,10.18,639.3,6.51,Semi-underground,22241.6,18891772.4,Pelton,0.944,0.977,0.922,4,4,5,566.83,152.3,4,2.9,2.7,2.7,3.2,6811.9,0.443,44.3,0.944,8269.4,82.3,46.5,31.5,29.4,27.4,20.6,916.07,320.62,20.03,4.45,8.52,10782.91,v1.0,42,synthetic
HP-042,Sawra Kuddu Hydro Project Unit-42,Large Hydro,pumped,Sikkim,North Sikkim,Siang,Brahmaputra Basin,Hilly,Greenfield,Himalayan Sub-tropical,1724.2,1027.85,4,256.9625,2021,35,429.8,408.0,270.781,46.227,325.68,6860.85,5911.4,9.5,Concrete Gravity,33.0,249.6,0.95,15.19,4.11,708.8,4.56,Underground,13664.4,15663100.7,Pelton,0.921,0.979,0.902,4,4,5,332.54,199.6,4,3.1,1.6,4.2,3.6,3624.81,0.406,40.6,0.869,7612.4,81.2,48.9,35.0,27.6,23.5,19.3,1573.31,550.66,27.77,9.34,11.27,15238.7,v1.0,42,synthetic
HP-043,Tapovan Vishnugad Hydro Project Unit-43,Large Hydro,run-of-river,Assam,Karbi Anglong,Subansiri,Brahmaputra Basin,Mountainous,Brownfield,Tropical,129.3,816.68,4,204.17,2002,40,471.1,441.8,216.396,42.713,317.764,7175.65,3831.6,13.6,Concrete Gravity,31.6,169.9,1.36,2.93,4.52,1121.9,7.0,Semi-underground,11908.1,11732267.5,Pelton,0.917,0.976,0.895,4,4,5,264.22,,4,1.8,1.6,2.0,1.8,4320.55,0.603,60.3,0.887,7770.1,82.5,52.4,34.5,31.4,23.8,22.6,1505.86,527.05,31.45,10.16,21.69,14365.81,v1.0,42,synthetic
HP-044,Indirasagar Hydro Project Unit-44,Large Hydro,run-of-river,Odisha,Rayagada,Pranahita,Godavari Basin,Gorge,Greenfield,Himalayan Sub-tropical,807.2,156.39,6,26.065,2013,35,386.6,362.2,50.138,9.015,70.892,868.4,2736.2,10.8,Concrete Gravity,9.6,47.5,1.08,9.21,4.64,1140.1,4.72,Surface,1411.0,6745448.1,Pelton,0.913,0.963,0.879,6,6,7,33.73,52.3,4,2.7,3.3,3.1,1.7,722.75,0.523,52.3,0.931,8155.6,68.7,40.6,29.4,28.1,21.0,20.6,6449.6,2257.36,94.05,26.63,70.78,43132.22,v1.0,42,synthetic
HP-045,Bassu Hydro Project Unit-45,Large Hydro,run-of-river,Andhra Pradesh,Alluri Sitharama Raju,Wainganga,Godavari Basin,Gorge,Greenfield,Alpine,2334.8,1587.09,6,264.515,2019,50,139.7,134.8,1378.052,183.586,1910.06,42695.38,5278.4,5.4,Concrete Gravity,34.2,125.9,0.54,8.41,10.63,360.9,4.07,Surface,28071.3,17922007.1,Francis,0.922,0.971,0.895,6,6,7,342.31,128.7,4,2.8,3.1,3.3,2.1,6600.08,0.474,47.4,0.87,7621.2,87.9,53.1,36.8,33.6,30.4,21.6,990.77,346.77,21.35,6.88,6.62,11292.37,v1.0,42,synthetic
HP-046,Idukki Hydro Project Unit-46,Large Hydro,pumped,Himachal Pradesh,Mandi,Ravi,Indus Basin,Gorge,Greenfield,Tropical,329.3,1351.49,8,168.9363,2015,50,244.4,230.9,646.537,99.802,929.213,14592.9,13484.8,8.3,Concrete Gravity,32.4,114.9,0.83,6.96,8.65,324.7,5.56,Semi-underground,24105.3,14967681.9,Francis,0.937,0.962,0.901,8,8,9,218.62,,4,3.9,4.0,4.8,2.8,5966.55,0.503,50.3,0.907,7945.3,86.1,51.2,33.5,35.8,26.6,21.5,1017.54,356.14,21.46,5.12,7.19,11074.95,v1.0,42,synthetic
HP-047,Sardar Sarovar Hydro Project Unit-47,Large Hydro,storage,Telangana,Bhadradri Kothagudem,Pranahita,Godavari Basin,Hilly,Greenfield,Himalayan Sub-tropical,1179.7,965.19,4,241.2975,2014,50,395.3,377.1,296.846,33.101,431.838,8320.19,10318.5,427.6,RCC,138.0,611.6,42.61,10.53,7.23,987.6,5.65,Underground,13903.4,13515427.8,Pelton,0.927,0.951,0.882,4,4,5,312.27,180.2,4,2.9,3.5,1.9,3.3,3654.1,0.429,42.9,0.928,8129.3,84.1,47.1,36.8,27.6,23.8,20.7,1582.8,553.98,26.85,8.21,14.97,14002.87,v1.0,42,synthetic
HP-048,Bhabha Hydro Project Unit-48,Large Hydro,pumped,Maharashtra,Nashik,Indravati,Godavari Basin,Mountainous,Greenfield,Tropical,465.4,1221.36,6,203.56,2003,35,230.4,221.9,625.322,98.476,829.747,15618.4,8292.0,13.8,Barrage/Weir,21.6,117.7,1.38,4.81,6.2,623.6,2.77,Surface,21396.3,14517242.5,Francis,0.929,0.956,0.888,6,6,7,263.43,87.7,4,3.2,2.8,3.3,3.5,5837.52,0.55,55.0,0.9,7884.0,83.0,52.3,30.9,25.3,22.6,19.0,1098.5,384.48,24.01,6.57,7.88,11886.13,v1.0,42,synthetic
HP-049,Vyasi Hydro Project Unit-49,Large Hydro,run-of-river,Sikkim,North Sikkim,Dibang,Brahmaputra Basin,Mountainous,Brownfield,Alpine,2673.2,1138.12,4,284.53,2009,35,269.4,256.6,484.606,96.628,694.29,9813.95,12255.2,9.0,Trench Intake,30.8,186.4,0.9,10.56,8.31,974.1,6.57,Underground,15593.1,15250051.5,Pelton,0.931,0.968,0.901,4,4,5,368.22,123.9,4,3.1,2.1,4.8,2.3,5052.81,0.503,50.3,0.941,8243.2,75.6,47.3,29.6,23.4,21.0,20.1,1315.49,460.42,25.47,8.73,14.5,13399.34,v1.0,42,synthetic
HP-050,Singoli Bhatwari Hydro Project Unit-50,Large Hydro,storage,Himachal Pradesh,Shimla,Ravi,Indus Basin,Hilly,Greenfield,Himalayan Sub-tropical,1348.8,812.89,8,101.6112,2008,50,517.5,492.4,177.426,17.786,254.117,5257.54,11098.5,1157.0,Rockfill,201.5,1064.9,126.87,21.36,9.77,669.5,4.11,Surface,9248.7,13704952.2,Pelton,0.933,0.967,0.902,8,8,9,131.5,82.6,4,3.1,3.1,2.5,3.6,4008.2,0.568,56.8,0.901,7892.8,120.0,71.3,42.0,53.2,32.4,32.3,2167.16,758.51,27.82,5.98,11.5,16859.54,v1.0,42,synthetic
HP-051,Lata Tapovan Hydro Project Unit-51,Large Hydro,pumped,Himachal Pradesh,Kullu,Beas,Indus Basin,Hilly,Greenfield,Himalayan Sub-tropical,1430.6,1288.69,4,322.1725,2022,35,40.6,38.4,3778.758,634.825,4545.038,109318.75,12348.1,14.8,Trench Intake,25.8,139.0,1.48,6.58,4.63,996.3,3.02,Surface,21662.7,14746819.9,Kaplan,0.915,0.973,0.89,4,4,5,416.93,101.2,4,3.5,4.0,1.7,4.7,4306.17,0.382,38.2,0.919,8050.4,89.5,54.8,32.7,32.4,28.5,25.6,1057.4,370.09,22.42,6.27,8.9,11443.26,v1.0,42,synthetic
HP-052,Tidong Hydro Project Unit-52,Large Hydro,pumped,Andhra Pradesh,Kurnool,Godavari,Godavari Basin,Hilly,Greenfield,Alpine,2514.8,1241.94,8,155.2425,2000,50,486.7,467.1,289.307,40.264,403.251,8852.44,12009.8,4.0,Trench Intake,8.4,46.2,0.4,13.88,7.7,1176.6,7.43,Surface,11574.7,17532804.1,Pelton,0.944,0.967,0.913,8,8,9,200.9,99.9,4,3.4,2.7,3.7,3.9,4153.85,0.384,38.4,0.866,7586.2,73.1,40.6,31.4,27.5,22.9,18.3,1341.9,469.66,25.93,8.18,16.78,14117.27,v1.0,42,synthetic
HP-053,Lata Tapovan Hydro Project Unit-53,Large Hydro,pumped,Ladakh,Kargil,Beas,Indus Basin,Hilly,Brownfield,Tropical,305.0,1214.27,8,151.7837,2013,50,526.2,504.1,282.611,31.539,391.046,4750.47,10158.2,10.0,Barrage/Weir,8.6,56.2,1.0,16.03,5.15,1150.7,5.12,Semi-underground,12862.1,17565041.6,Pelton,0.925,0.972,0.899,8,8,9,196.43,,4,3.3,4.4,3.9,1.7,5108.44,0.483,48.3,0.907,7945.3,102.9,63.1,41.1,38.8,26.3,29.4,1399.23,489.73,25.99,6.5,13.5,14465.52,v1.0,42,synthetic
HP-054,Koyna Hydro Project Unit-54,Large Hydro,run-of-river,Goa,North Goa,Periyar,West Flowing Rivers,Gorge,Greenfield,Tropical,654.8,187.46,3,62.4867,2017,50,417.7,396.4,53.29,9.167,68.285,918.81,5905.7,7.8,Barrage/Weir,10.4,73.0,0.78,21.63,10.68,222.4,4.83,Surface,2949.7,9842910.6,Pelton,0.922,0.953,0.879,3,3,4,80.87,,3,2.6,3.0,2.6,2.3,727.41,0.438,43.8,0.893,7822.7,108.3,68.0,45.8,41.4,35.7,23.3,7592.74,2657.46,90.08,28.01,27.12,52506.72,v1.0,42,synthetic
HP-055,Kiru Hydro Project Unit-55,Large Hydro,storage,Meghalaya,Ri-Bhoi,Lohit,Brahmaputra Basin,Gorge,Greenfield,Alpine,3079.7,489.95,4,122.4875,2022,40,87.4,80.8,662.828,112.737,869.463,22674.11,1731.1,257.0,RCC,161.1,625.1,35.67,3.25,8.64,287.2,3.96,Surface,8456.7,9236877.4,Francis,0.926,0.975,0.903,4,4,5,158.51,185.0,4,2.5,2.6,2.9,2.1,2402.01,0.565,56.5,0.87,7621.2,92.2,53.6,33.4,32.6,30.2,22.6,2623.14,918.1,44.0,9.7,13.18,18852.69,v1.0,42,synthetic
HP-056,Koyna Hydro Project Unit-56,Large Hydro,run-of-river,Punjab,Pathankot,Beas,Indus Basin,Hilly,Greenfield,Himalayan Sub-tropical,2199.3,1939.96,6,323.3267,2005,35,525.6,487.4,445.778,48.8,548.562,13724.68,2261.1,1.4,Barrage/Weir,8.9,63.4,0.14,9.44,8.41,826.9,5.41,Surface,33317.4,19950476.0,Pelton,0.913,0.98,0.895,6,6,7,418.42,,4,3.3,2.2,3.6,4.1,9858.12,0.574,57.4,0.871,7630.0,70.0,45.0,27.5,28.6,21.0,16.7,839.23,293.73,18.89,6.18,8.17,10283.96,v1.0,42,synthetic
HP-057,Sanjay Hydro Project Unit-57,Large Hydro,pumped,Uttar Pradesh,Sonbhadra,Alaknanda,Ganga Basin,Gorge,Greenfield,Tropical,371.9,882.84,6,147.14,2004,40,141.7,131.2,759.374,136.852,1092.324,26190.13,11837.8,5.7,Concrete Gravity,28.4,134.1,0.57,13.31,6.25,434.0,2.63,Semi-underground,8996.3,14053456.5,Francis,0.946,0.973,0.92,6,6,7,190.42,181.8,4,3.2,1.7,4.9,3.1,4766.36,0.614,61.4,0.869,7612.4,81.5,51.5,36.0,25.1,28.5,18.1,1701.0,595.35,29.88,10.46,8.89,15918.46,v1.0,42,synthetic
HP-058,Tehri Hydro Project Unit-58,Large Hydro,pumped,Sikkim,North Sikkim,Dibang,Brahmaputra Basin,Mountainous,Brownfield,Alpine,3039.9,1900.37,6,316.7283,2017,40,129.5,125.4,1761.2,179.63,2365.99,38825.54,9405.0,12.2,Trench Intake,26.5,201.2,1.22,18.89,6.27,173.0,5.43,Underground,29918.8,22292692.3,Francis,0.944,0.976,0.921,6,6,7,409.88,99.0,4,3.9,4.7,2.6,4.5,7462.7,0.452,45.2,0.872,7638.7,106.2,66.8,47.4,42.2,28.4,31.5,1022.38,357.83,20.02,4.31,5.73,11730.71,v1.0,42,synthetic
HP-059,Budhil Hydro Project Unit-59,Large Hydro,pumped,Telangana,Nalgonda,Indravati,Godavari Basin,Mountainous,Greenfield,Himalayan Sub-tropical,1967.4,844.1,8,105.5125,2007,50,328.4,303.2,324.911,40.224,485.649,6155.34,13337.1,1.8,Concrete Gravity,25.1,166.8,0.18,8.71,4.08,370.2,5.97,Surface,8919.2,13111361.8,Pelton,0.914,0.95,0.868,8,8,9,136.55,118.9,4,3.8,2.8,3.9,4.6,3449.41,0.471,47.1,0.909,7962.8,83.9,53.4,34.8,33.8,22.3,17.4,1644.48,575.57,31.18,8.54,11.15,15532.95,v1.0,42,synthetic
HP-060,Malana Hydro Project Unit-60,Large Hydro,run-of-river,Gujarat,Narmada,Narmada,Narmada Basin,Hilly,Greenfield,Himalayan Sub-tropical,1437.1,1972.03,8,246.5037,2005,50,493.8,475.1,467.675,55.653,659.028,13763.73,11084.6,4.3,Trench Intake,13.9,48.4,,9.86,7.85,665.5,2.77,Underground,24208.8,20512276.9,Pelton,0.922,0.97,0.894,8,8,9,319.0,87.9,4,2.3,3.5,1.9,1.4,6878.21,0.4,40.0,0.936,8199.4,81.2,48.6,33.8,25.5,24.7,17.7,849.08,297.18,19.04,4.64,6.16,10401.6,v1.0,42,synthetic
HP-061,Chutak Hydro Project Unit-61,Large Hydro,pumped,Meghalaya,West Khasi Hills,Subansiri,Brahmaputra Basin,Gorge,Brownfield,Himalayan Sub-tropical,805.3,753.27,4,188.3175,2012,50,253.5,239.1,343.965,64.722,461.903,5937.51,13590.3,10.9,Concrete Gravity,22.1,123.4,1.09,13.43,10.88,304.8,7.25,Surface,7328.4,13368339.1,Francis,0.949,0.979,0.929,4,4,5,243.71,161.5,4,2.9,4.2,1.7,2.7,4117.31,0.619,61.9,0.916,8024.2,80.7,51.7,35.6,25.0,23.3,19.3,1970.41,689.64,33.77,8.96,12.14,17747.07,v1.0,42,synthetic
HP-062,Budhil Hydro Project Unit-62,Large Hydro,storage,Bihar,Kaimur,Alaknanda,Ganga Basin,Mountainous,Brownfield,Alpine,2516.6,1217.12,6,202.8533,2017,40,487.7,466.6,290.705,42.822,363.864,6800.44,9464.5,1708.4,Earthfill,47.4,266.1,170.37,6.75,9.22,1116.9,6.99,Underground,13849.2,16079105.3,Pelton,0.942,0.959,0.903,6,6,7,262.52,29.0,4,4.1,4.3,4.4,3.6,4850.9,0.452,45.2,0.927,8120.5,79.8,49.7,32.8,25.0,23.5,23.2,1256.08,439.63,26.25,6.15,15.91,13210.78,v1.0,42,synthetic
HP-063,Nathpa Jhakri Hydro Project Unit-63,Large Hydro,storage,West Bengal,Darjeeling,Alaknanda,Ganga Basin,Mountainous,Greenfield,Tropical,202.5,466.33,3,155.4433,2011,50,141.5,134.6,386.207,74.27,542.371,7857.71,7587.4,1126.3,Earthfill,151.5,564.2,83.94,19.89,9.24,873.3,3.93,Surface,3962.2,11101958.6,Francis,0.944,0.973,0.919,3,3,4,201.16,257.0,3,2.1,2.2,2.0,2.1,2077.82,0.503,50.3,0.938,8216.9,111.5,66.6,40.5,36.3,36.8,24.8,3367.02,1178.46,40.51,12.06,19.93,23807.09,v1.0,42,synthetic
HP-064,Nimo Bazgo Hydro Project Unit-64,Large Hydro,pumped,Ladakh,Kargil,Chenab,Indus Basin,Gorge,Brownfield,Tropical,417.2,1089.26,8,136.1575,2021,40,326.3,306.8,408.7,60.559,531.672,8582.5,5214.5,4.5,Concrete Gravity,26.3,196.2,0.45,7.98,5.05,953.7,7.0,Semi-underground,13115.8,15080349.9,Pelton,0.923,0.954,0.881,8,8,9,176.2,95.2,4,2.3,1.6,3.0,2.3,5377.96,0.557,55.7,0.912,7989.1,93.5,54.6,39.4,37.7,29.3,23.1,1350.77,472.77,27.4,7.14,15.69,13844.58,v1.0,42,synthetic
HP-065,Kargil Hydro Project Unit-65,Large Hydro,run-of-river,Andhra Pradesh,Alluri Sitharama Raju,Indravati,Godavari Basin,Mountainous,Brownfield,Alpine,2801.4,269.76,6,44.96,2010,40,172.9,165.2,178.409,33.298,245.325,6000.91,1532.6,13.4,Concrete Gravity,8.6,55.1,,12.6,6.89,1064.4,3.25,Underground,3082.5,8283953.7,Francis,0.949,0.977,0.927,6,6,7,58.18,148.4,4,3.6,4.8,1.7,4.2,1082.15,0.46,46.0,0.949,8313.2,72.7,43.3,27.0,30.2,22.4,15.7,4239.88,1483.96,60.62,12.86,31.99,30708.61,v1.0,42,synthetic
HP-066,Subansiri Hydro Project Unit-66,Large Hydro,pumped,Gujarat,Narmada,Narmada,Narmada Basin,Mountainous,Greenfield,Himalayan Sub-tropical,2197.9,1794.82,8,224.3525,2007,35,393.7,375.1,544.962,86.577,681.26,17088.07,4823.9,4.7,Concrete Gravity,20.6,115.8,0.47,10.67,8.81,290.5,7.48,Surface,20806.5,20968821.7,Pelton,0.918,0.978,0.898,8,8,9,290.34,130.9,4,3.1,4.5,2.7,2.1,8672.33,0.556,55.6,0.913,7997.9,81.6,50.2,28.9,35.2,22.5,20.7,984.86,344.7,21.54,4.73,7.15,11682.97,v1.0,42,synthetic
HP-067,Koldam Hydro Project Unit-67,Large Hydro,pumped,Gujarat,Narmada,Tawa,Narmada Basin,Hilly,Greenfield,Himalayan Sub-tropical,1033.5,490.52,3,163.5067,2021,50,177.7,167.0,344.892,38.108,488.239,6206.58,2153.2,2.0,Barrage/Weir,23.3,160.5,0.2,18.63,10.81,525.8,4.55,Underground,4117.5,11658423.8,Francis,0.93,0.956,0.889,3,3,4,211.6,,3,2.8,4.6,2.4,1.3,2471.24,0.58,58.0,0.92,8059.2,79.9,48.0,33.7,25.2,22.0,17.8,2983.58,1044.25,42.18,14.17,16.61,23767.48,v1.0,42,synthetic
HP-068,Sutlej Hydro Project Unit-68,Large Hydro,storage,Meghalaya,Ri-Bhoi,Kameng,Brahmaputra Basin,Mountainous,Greenfield,Himalayan Sub-tropical,2156.4,280.59,4,70.1475,2010,40,496.2,457.6,70.891,9.731,92.358,1270.5,6303.6,1152.2,Earthfill,171.1,714.1,130.5,19.72,5.17,289.1,6.13,Underground,2535.7,10262323.2,Pelton,0.946,0.964,0.912,4,4,5,90.78,75.0,4,3.2,3.4,2.8,3.4,1450.7,0.587,58.7,0.939,8225.6,119.6,71.6,47.7,51.8,35.2,24.7,5714.95,2000.23,64.69,18.87,23.12,36574.09,v1.0,42,synthetic
HP-069,Vishnugad Pipalkoti Hydro Project Unit-69,Large Hydro,storage,Punjab,Pathankot,Jhelum,Indus Basin,Gorge,Greenfield,Himalayan Sub-tropical,2157.5,1357.29,8,169.6612,2012,35,467.9,440.8,323.754,53.206,403.747,10304.93,12852.1,2176.2,Concrete Gravity,182.8,662.1,216.82,7.56,7.55,728.0,4.39,Underground,11928.3,17434690.3,Pelton,0.928,0.967,0.897,8,8,9,219.56,254.9,4,2.4,1.8,3.0,2.4,4514.85,0.384,38.4,0.896,7849.0,100.8,63.8,43.3,44.8,31.6,29.1,1303.13,456.09,25.03,7.8,9.59,12845.22,v1.0,42,synthetic
HP-070,Chutak Hydro Project Unit-70,Large Hydro,run-of-river,Uttar Pradesh,Sonbhadra,Teesta,Ganga Basin,Mountainous,Greenfield,Alpine,2453.9,790.32,4,197.58,2000,40,221.1,207.5,419.776,57.673,517.121,13742.77,7640.1,12.4,Concrete Gravity,26.6,94.0,1.24,14.22,5.31,1126.7,4.46,Surface,12839.2,13297312.9,Francis,0.918,0.96,0.881,4,4,5,255.69,246.4,4,3.0,4.0,1.4,3.5,4121.2,0.594,59.4,0.901,7892.8,89.2,57.7,31.3,36.6,27.2,21.7,1861.0,651.35,31.31,6.84,16.74,16825.23,v1.0,42,synthetic
HP-071,Ghanvi Hydro Project Unit-71,Large Hydro,run-of-river,Meghalaya,Ri-Bhoi,Dibang,Brahmaputra Basin,Hilly,Brownfield,Alpine,2463.4,1774.65,6,295.775,2012,40,535.0,506.8,399.514,67.918,569.119,8559.15,10671.7,13.0,Concrete Gravity,27.1,156.3,1.3,6.35,5.47,900.1,5.93,Semi-underground,16551.7,19977172.3,Pelton,0.938,0.979,0.918,6,6,7,382.77,237.8,4,2.9,2.1,3.2,3.5,8091.22,0.515,51.5,0.912,7989.1,89.1,55.0,39.1,33.9,30.1,21.6,933.11,326.59,21.57,6.78,9.85,11256.96,v1.0,42,synthetic
HP-072,Ratle Hydro Project Unit-72,Large Hydro,run-of-river,Meghalaya,West Khasi Hills,Kameng,Brahmaputra Basin,Mountainous,Brownfield,Tropical,200.1,1412.16,6,235.36,2003,50,482.7,450.4,348.786,54.455,443.404,10675.76,12082.9,4.7,Concrete Gravity,6.4,31.4,0.47,10.33,9.52,869.4,7.33,Underground,11480.4,18229771.4,Pelton,0.92,0.969,0.891,6,6,7,304.58,47.7,4,4.2,4.1,4.4,4.1,6625.63,0.535,53.5,0.928,8129.3,87.0,54.6,38.8,29.9,23.3,23.3,1156.99,404.95,24.35,7.44,12.68,12909.14,v1.0,42,synthetic
HP-073,Shanan Hydro Project Unit-73,Large Hydro,storage,Andhra Pradesh,Alluri Sitharama Raju,Godavari,Godavari Basin,Mountainous,Greenfield,Alpine,2978.7,1448.44,8,181.055,2001,50,354.0,331.7,491.948,66.811,706.048,10715.81,3689.4,476.0,Concrete Gravity,189.4,579.1,62.58,10.07,6.45,1077.6,5.82,Surface,16813.5,18662596.1,Pelton,0.919,0.973,0.894,8,8,9,234.31,118.7,4,4.1,3.3,4.9,4.1,6931.03,0.541,54.1,0.9,7884.0,105.4,64.5,47.0,42.4,29.7,30.7,1294.95,453.23,24.35,4.9,12.42,12884.62,v1.0,42,synthetic
HP-074,Nagarjunasagar Hydro Project Unit-74,Large Hydro,storage,Maharashtra,Satara,Wainganga,Godavari Basin,Gorge,Brownfield,Tropical,355.3,1806.75,4,451.6875,2005,50,311.9,292.8,711.046,86.262,999.462,22454.92,3480.9,2075.3,Earthfill,162.8,942.5,336.27,5.08,7.21,498.3,2.94,Underground,17669.9,19244274.7,Pelton,0.92,0.952,0.876,4,4,5,584.54,278.7,4,3.8,4.2,4.6,2.7,7151.06,0.456,45.6,0.895,7840.2,80.5,50.1,28.7,33.2,20.5,22.9,963.05,337.07,20.57,5.36,6.32,10651.32,v1.0,42,synthetic
HP-075,Chamera Hydro Project Unit-75,Large Hydro,storage,Meghalaya,Ri-Bhoi,Subansiri,Brahmaputra Basin,Hilly,Greenfield,Alpine,2570.0,1113.64,8,139.205,2009,50,113.5,106.3,1165.945,201.63,1529.649,39331.29,8526.1,1396.6,Concrete Gravity,47.9,215.8,152.39,12.95,4.6,370.6,6.21,Semi-underground,12738.4,16029827.3,Francis,0.927,0.969,0.898,8,8,9,180.15,,4,2.4,3.2,1.8,2.1,4171.3,0.424,42.4,0.932,8164.3,100.7,64.8,45.3,37.2,30.7,23.1,1452.47,508.36,26.81,6.14,9.47,14394.08,v1.0,42,synthetic
HP-076,Pakal Dul Hydro Project Unit-76,Large Hydro,run-of-river,Kerala,Pathanamthitta,Kabini,Cauvery Basin,Gorge,Greenfield,Himalayan Sub-tropical,1117.9,1810.24,8,226.28,2009,50,337.9,318.2,634.751,90.662,762.621,12965.44,3712.1,11.2,Trench Intake,13.3,63.8,1.12,15.59,6.32,654.0,4.73,Surface,23297.3,22466452.6,Pelton,0.914,0.969,0.886,8,8,9,292.83,53.1,4,2.7,1.8,2.2,4.1,8865.0,0.556,55.6,0.916,8024.2,100.6,63.9,41.6,42.4,31.0,27.9,1063.58,372.25,22.01,5.05,8.02,12410.76,v1.0,42,synthetic
HP-077,Shanan Hydro Project Unit-77,Large Hydro,storage,Madhya Pradesh,Khandwa,Pranahita,Godavari Basin,Gorge,Greenfield,Himalayan Sub-tropical,1656.7,1052.18,8,131.5225,2007,50,388.9,362.5,325.094,50.921,445.295,10491.22,2619.9,1835.4,Rockfill,47.7,246.4,155.57,7.29,5.64,852.0,5.09,Surface,12500.9,14767583.3,Pelton,0.947,0.976,0.924,8,8,9,170.21,239.9,4,2.3,1.6,3.6,1.7,4118.59,0.446,44.6,0.927,8120.5,87.7,51.5,34.0,34.0,29.8,18.2,1403.32,491.16,28.12,8.3,12.83,14035.23,v1.0,42,synthetic
HP-078,Chamera Hydro Project Unit-78,Large Hydro,pumped,Goa,North Goa,Sharavathi,West Flowing Rivers,Hilly,Greenfield,Tropical,755.7,537.06,4,134.265,2005,40,347.0,322.4,183.537,24.415,226.485,5238.96,7445.8,9.1,Concrete Gravity,30.0,93.4,0.91,2.86,8.01,319.2,5.65,Underground,9080.6,9599726.7,Pelton,0.916,0.955,0.875,4,4,5,173.75,58.6,4,3.4,4.5,3.1,2.7,2801.89,0.591,59.1,0.926,8111.8,93.7,53.6,38.5,34.7,27.9,20.8,2123.92,743.37,41.54,12.28,14.27,17874.59,v1.0,42,synthetic
HP-079,Tapovan Vishnugad Hydro Project Unit-79,Large Hydro,storage,Maharashtra,Pune,Godavari,Godavari Basin,Mountainous,Greenfield,Himalayan Sub-tropical,1720.4,832.44,8,104.055,2021,40,461.5,433.7,225.856,36.133,330.501,5832.39,11409.6,251.1,RCC,211.4,927.5,12.6,20.75,8.75,603.1,4.6,Underground,12467.0,15042949.4,Pelton,0.927,0.978,0.907,8,8,9,134.66,118.8,4,3.2,3.1,4.0,2.5,4229.17,0.581,58.1,0.912,7989.1,105.4,66.0,46.5,32.9,32.7,26.8,2275.74,796.51,31.04,10.43,12.18,18070.91,v1.0,42,synthetic
HP-080,Kiru Hydro Project Unit-80,Large Hydro,pumped,Punjab,Pathankot,Chenab,Indus Basin,Hilly,Greenfield,Himalayan Sub-tropical,910.0,394.16,6,65.6933,2018,40,352.1,324.1,134.316,20.847,183.646,2572.11,8606.9,7.5,Trench Intake,22.3,153.2,0.75,9.96,4.97,1057.0,3.1,Underground,4913.6,9174369.4,Pelton,0.938,0.955,0.896,6,6,7,85.01,161.1,4,2.5,2.2,2.7,2.5,1920.23,0.55,55.0,0.874,7656.2,70.4,39.4,25.7,30.9,20.7,14.5,3022.85,1058.0,48.26,14.7,22.91,23275.75,v1.0,42,synthetic
HP-081,Rongtong Hydro Project Unit-81,Large Hydro,storage,Uttar Pradesh,Sonbhadra,Bhagirathi,Ganga Basin,Mountainous,Brownfield,Alpine,2985.4,1039.35,8,129.9187,2009,35,57.1,53.7,2125.15,248.533,2573.171,43130.17,504.2,410.5,Rockfill,188.1,702.7,44.86,13.72,7.62,923.8,2.84,Underground,14027.0,14341794.1,Francis,0.939,0.967,0.908,8,8,9,168.13,119.4,4,3.3,3.4,2.5,4.1,4399.27,0.489,48.9,0.896,7849.0,95.0,57.1,38.6,35.7,27.0,20.1,1601.58,560.55,25.17,8.67,9.73,13798.81,v1.0,42,synthetic
HP-082,Nimo Bazgo Hydro Project Unit-82,Large Hydro,pumped,Arunachal Pradesh,Tawang,Kameng,Brahmaputra Basin,Mountainous,Greenfield,Tropical,460.4,975.42,4,243.855,2012,50,442.2,424.1,259.609,36.668,339.031,6724.75,10661.9,4.3,Trench Intake,7.8,49.7,0.43,18.42,4.53,1128.0,4.88,Surface,9935.3,15678697.6,Pelton,0.933,0.955,0.891,4,4,5,315.58,117.6,4,3.5,4.0,4.6,1.9,3718.25,0.438,43.8,0.884,7743.8,100.6,63.7,38.8,41.9,26.4,20.9,1676.17,586.66,28.22,6.64,15.09,16073.79,v1.0,42,synthetic
HP-083,Nathpa Jhakri Hydro Project Unit-83,Large Hydro,pumped,Madhya Pradesh,Hoshangabad,Pranahita,Godavari Basin,Gorge,Greenfield,Tropical,788.5,1970.35,8,246.2937,2004,35,308.1,292.3,709.816,95.633,1034.997,21613.43,7129.3,2.2,Concrete Gravity,18.8,121.2,0.22,2.24,5.48,760.1,4.13,Semi-underground,32744.1,19169483.1,Pelton,0.917,0.958,0.878,8,8,9,318.73,224.2,4,3.2,2.4,4.7,2.5,8275.31,0.481,48.1,0.928,8129.3,75.7,45.0,30.8,33.8,24.1,21.3,757.39,265.09,19.09,5.03,7.16,9728.97,v1.0,42,synthetic
HP-084,Sanjay Hydro Project Unit-84,Large Hydro,pumped,Goa,North Goa,Sharavathi,West Flowing Rivers,Hilly,Brownfield,Alpine,2333.7,355.58,6,59.2633,2009,40,326.7,307.6,132.104,14.004,190.777,3274.18,9633.0,7.0,Trench Intake,12.8,61.5,0.7,13.15,9.67,511.3,4.56,Surface,5928.8,9699478.5,Pelton,0.949,0.956,0.907,6,6,7,76.69,,4,3.0,3.4,3.6,1.9,1697.85,0.542,54.2,0.904,7919.0,98.5,57.9,37.3,38.9,26.1,21.4,3595.18,1258.31,53.96,13.67,21.42,27277.91,v1.0,42,synthetic
HP-085,Kargil Hydro Project Unit-85,Large Hydro,run-of-river,Arunachal Pradesh,East Siang,Kameng,Brahmaputra Basin,Hilly,Brownfield,Himalayan Sub-tropical,1325.9,653.65,6,108.9417,2011,50,339.3,312.7,230.281,23.56,326.615,6515.69,14136.3,10.7,Barrage/Weir,11.3,56.3,1.07,3.91,10.56,646.8,2.77,Surface,8654.2,9909562.3,Pelton,0.95,0.953,0.905,6,6,7,140.98,166.4,4,3.2,3.5,1.5,4.5,3160.77,0.557,55.7,0.9,7884.0,80.1,45.4,28.3,28.3,27.4,22.9,1679.17,587.71,33.49,7.85,11.69,15160.35,v1.0,42,synthetic
HP-086,Tehri Hydro Project Unit-86,Large Hydro,storage,Maharashtra,Nashik,Wainganga,Godavari Basin,Mountainous,Greenfield,Himalayan Sub-tropical,1054.4,1015.19,6,169.1983,2008,35,194.8,189.0,603.792,81.143,809.54,9615.61,13870.3,2368.5,Earthfill,96.9,502.0,401.92,13.94,9.58,725.6,3.44,Semi-underground,12559.0,13911306.0,Francis,0.92,0.971,0.893,6,6,7,218.96,152.7,4,3.3,3.6,4.3,2.1,4494.28,0.504,50.4,0.932,8164.3,101.7,58.7,42.2,38.6,28.2,22.3,1502.57,525.9,24.84,7.3,9.54,13703.16,v1.0,42,synthetic
HP-087,Nathpa Jhakri Hydro Project Unit-87,Large Hydro,run-of-river,Telangana,Nalgonda,Godavari,Godavari Basin,Gorge,Greenfield,Alpine,2317.1,1947.43,8,243.4288,2000,35,86.0,83.4,2650.505,473.307,3576.906,60419.39,10605.6,1.0,Barrage/Weir,30.3,235.1,0.1,3.12,9.43,225.0,4.85,Underground,33022.6,19785576.9,Francis,0.92,0.961,0.884,8,8,9,315.03,,4,3.3,1.5,4.8,3.7,7435.04,0.439,43.9,0.95,8322.0,87.6,49.0,36.5,29.0,25.3,25.9,805.01,281.75,19.81,6.86,5.78,10159.84,v1.0,42,synthetic
HP-088,Ratle Hydro Project Unit-88,Large Hydro,storage,Karnataka,Uttara Kannada,Tungabhadra,Krishna Basin,Mountainous,Greenfield,Himalayan Sub-tropical,2062.0,1740.96,6,290.16,2000,35,445.1,418.7,460.562,90.677,632.961,13281.74,10481.9,404.4,Concrete Gravity,87.3,371.0,61.83,8.77,10.79,947.5,2.8,Surface,25149.5,20362525.4,Pelton,0.938,0.974,0.914,6,6,7,375.5,89.8,4,2.9,1.9,2.1,4.6,8674.32,0.573,57.3,0.899,7875.2,96.4,56.5,35.0,41.9,28.8,23.5,1030.13,360.55,21.99,6.89,7.72,11696.15,v1.0,42,synthetic
HP-089,Allain Duhangan Hydro Project Unit-89,Large Hydro,run-of-river,Gujarat,Narmada,Narmada,Narmada Basin,Gorge,Brownfield,Himalayan Sub-tropical,1238.0,394.63,3,131.5433,2020,50,233.3,224.1,208.813,37.086,265.534,6141.3,10045.2,8.3,Trench Intake,10.7,68.7,0.83,17.31,5.08,447.3,4.55,Surface,3593.0,10092614.0,Francis,0.931,0.952,0.886,3,3,4,170.23,,3,3.4,4.3,1.7,4.3,1407.88,0.404,40.4,0.911,7980.4,94.7,57.1,39.8,32.0,27.1,24.7,3321.67,1162.58,45.55,12.43,17.6,25574.88,v1.0,42,synthetic
HP-090,Koteshwar Hydro Project Unit-90,Large Hydro,storage,Assam,Karbi Anglong,Kameng,Brahmaputra Basin,Hilly,Greenfield,Himalayan Sub-tropical,1740.0,1609.09,8,201.1362,2002,40,79.7,76.4,2290.464,281.96,3013.333,44485.69,10024.7,1433.7,RCC,146.1,650.7,232.14,17.33,8.04,858.2,6.01,Surface,27078.2,21382138.8,Francis,0.917,0.955,0.876,8,8,9,260.29,139.8,4,2.3,2.8,2.4,1.8,6631.78,0.465,46.5,0.888,7778.9,98.2,57.7,41.9,35.8,31.7,25.6,1288.11,450.84,23.39,6.23,10.55,13288.34,v1.0,42,synthetic
HP-091,Allain Duhangan Hydro Project Unit-91,Large Hydro,run-of-river,Assam,Dima Hasao,Kameng,Brahmaputra Basin,Mountainous,Greenfield,Alpine,3151.6,356.75,4,89.1875,2010,35,433.5,400.0,100.697,15.218,138.076,2676.91,1867.2,7.2,Barrage/Weir,9.2,44.5,0.72,13.64,5.63,1001.6,2.96,Surface,4884.1,9930802.8,Pelton,0.919,0.952,0.875,4,4,5,115.42,256.3,4,2.9,2.6,3.0,3.0,1809.36,0.577,57.7,0.869,7612.4,73.0,46.1,28.3,30.4,25.0,17.0,3654.51,1279.08,54.8,16.74,24.23,27836.87,v1.0,42,synthetic
HP-092,Ratle Hydro Project Unit-92,Large Hydro,storage,Himachal Pradesh,Kinnaur,Indus,Indus Basin,Gorge,Brownfield,Himalayan Sub-tropical,1851.2,679.16,6,113.1933,2016,50,152.6,147.6,503.878,72.841,694.616,12757.33,3720.2,738.7,Earthfill,68.1,250.4,89.66,16.91,7.84,425.7,4.49,Surface,10688.8,12150670.4,Francis,0.915,0.954,0.873,6,6,7,146.49,188.7,4,3.3,3.3,3.0,3.5,3279.77,0.557,55.7,0.882,7726.3,103.6,60.3,45.8,32.5,32.9,25.1,2162.33,756.82,31.69,9.27,11.41,17890.73,v1.0,42,synthetic
HP-093,Kishanganga Hydro Project Unit-93,Large Hydro,storage,Maharashtra,Kolhapur,Indravati,Godavari Basin,Mountainous,Brownfield,Himalayan Sub-tropical,1258.8,1856.01,8,232.0012,2002,35,417.2,399.6,503.441,92.253,647.579,11208.23,12162.1,776.7,Earthfill,44.3,143.2,101.52,6.08,7.66,421.6,4.92,Semi-underground,33265.3,19219575.3,Pelton,0.938,0.97,0.91,8,8,9,300.24,157.5,4,3.5,2.7,4.6,3.1,6920.5,0.428,42.8,0.923,8085.5,83.2,53.6,29.7,33.2,26.3,24.2,859.64,300.87,19.73,4.12,6.58,10355.32,v1.0,42,synthetic
HP-094,Nathpa Jhakri Hydro Project Unit-94,Large Hydro,run-of-river,Punjab,Pathankot,Chenab,Indus Basin,Hilly,Brownfield,Tropical,166.6,477.94,4,119.485,2016,40,210.1,199.7,271.354,36.685,376.522,5491.49,14684.5,7.8,Barrage/Weir,23.8,176.0,0.78,19.81,9.7,180.9,5.27,Surface,4901.7,11776907.1,Francis,0.924,0.962,0.889,4,4,5,154.63,273.8,4,3.0,2.0,3.9,3.1,2285.77,0.545,54.5,0.898,7866.5,91.0,52.9,37.4,33.4,23.9,24.1,3117.13,1090.99,42.98,14.22,12.44,24640.97,v1.0,42,synthetic
HP-095,Pakal Dul Hydro Project Unit-95,Large Hydro,pumped,Telangana,Bhadradri Kothagudem,Indravati,Godavari Basin,Mountainous,Greenfield,Himalayan Sub-tropical,1084.6,1158.99,4,289.7475,2000,40,488.9,464.1,280.266,54.197,411.497,9368.33,4470.0,11.8,Barrage/Weir,8.9,27.9,1.18,21.72,8.32,785.9,5.56,Semi-underground,11962.9,17493886.7,Pelton,0.937,0.961,0.9,4,4,5,374.97,295.8,4,3.3,3.8,3.0,3.0,4770.81,0.47,47.0,0.937,8208.1,82.4,46.9,29.1,34.2,20.7,18.7,1521.82,532.64,25.38,7.79,11.71,15094.08,v1.0,42,synthetic
HP-096,Shanan Hydro Project Unit-96,Large Hydro,run-of-river,Jammu & Kashmir,Ganderbal,Indus,Indus Basin,Gorge,Greenfield,Himalayan Sub-tropical,1984.6,1786.43,6,297.7383,2010,40,351.9,328.3,606.867,113.835,871.507,15547.64,7048.3,12.5,Barrage/Weir,31.3,132.4,1.25,12.76,10.89,191.2,4.44,Semi-underground,31487.5,19633451.0,Pelton,0.918,0.963,0.884,6,6,7,385.31,270.0,4,3.6,4.4,4.1,2.3,9496.25,0.601,60.1,0.922,8076.7,87.2,53.6,31.3,32.7,23.4,22.5,952.76,333.46,19.71,4.81,5.59,10990.33,v1.0,42,synthetic
HP-097,Indirasagar Hydro Project Unit-97,Large Hydro,pumped,Maharashtra,Nashik,Godavari,Godavari Basin,Mountainous,Brownfield,Alpine,2373.1,1414.29,4,353.5725,2003,50,269.2,256.2,612.391,109.683,828.871,20661.38,5990.8,6.0,Barrage/Weir,32.4,188.8,0.6,15.19,5.05,1062.3,3.39,Semi-underground,12040.0,19090648.9,Pelton,0.922,0.972,0.896,4,4,5,457.56,90.7,4,3.0,4.7,2.3,1.9,4665.02,0.381,38.1,0.929,8138.0,90.3,54.2,38.9,35.3,27.0,20.0,1261.93,441.67,24.29,8.36,9.72,13498.4,v1.0,42,synthetic
HP-098,Koldam Hydro Project Unit-98,Large Hydro,run-of-river,Ladakh,Leh,Sutlej,Indus Basin,Mountainous,Greenfield,Alpine,2746.9,204.72,5,40.944,2010,35,65.0,61.7,384.306,61.915,540.893,10386.16,11916.0,3.1,Trench Intake,27.5,132.0,0.31,2.72,9.38,489.0,6.99,Underground,3190.4,6157111.7,Francis,0.944,0.952,0.899,5,5,6,52.99,190.7,4,3.0,3.1,1.7,4.2,762.96,0.43,43.0,0.879,7700.0,82.1,53.2,33.1,25.7,26.5,21.4,4477.65,1567.18,77.82,20.39,41.13,30075.77,v1.0,42,synthetic
HP-099,Allain Duhangan Hydro Project Unit-99,Large Hydro,run-of-river,Uttar Pradesh,Sonbhadra,Teesta,Ganga Basin,Gorge,Greenfield,Alpine,2839.4,1485.48,4,371.37,2022,40,539.4,523.2,331.235,37.03,481.755,10234.18,14985.3,6.5,Trench Intake,15.5,109.0,0.65,6.25,8.48,874.5,3.77,Underground,16455.7,17635229.4,Pelton,0.93,0.96,0.893,4,4,5,480.6,225.3,4,2.6,1.5,3.7,2.5,5015.48,0.387,38.7,0.876,7673.8,76.7,47.3,33.9,32.2,24.1,19.0,1031.54,361.04,23.17,6.78,8.98,11871.74,v1.0,42,synthetic
HP-100,Sawra Kuddu Hydro Project Unit-100,Large Hydro,pumped,Karnataka,Chikmagalur,Bhima,Krishna Basin,Hilly,Greenfield,Alpine,2578.6,135.66,5,27.132,2002,35,183.0,177.2,83.845,15.448,114.976,1940.11,9130.3,13.0,Trench Intake,26.2,119.8,1.3,2.63,6.9,671.9,3.69,Surface,2210.5,5503186.3,Francis,0.922,0.966,0.891,5,5,6,35.11,20.6,4,2.0,2.1,2.6,1.4,601.17,0.501,50.1,0.932,8164.3,69.3,40.5,27.6,29.9,19.5,16.1,6424.67,2248.63,108.59,23.23,49.4,40566.02,v1.0,42,synthetic
HP-101,Omkareshwar Hydro Project Unit-101,Medium Hydro,storage,Tamil Nadu,Central District,Cauvery,Cauvery Basin,Plain,Greenfield,Himalayan Sub-tropical,1133.2,94.93,2,47.465,2003,50,430.8,401.8,27.82,4.559,35.135,544.24,379.6,27.5,Earthfill,167.5,578.6,2.02,4.29,10.71,737.6,3.01,Semi-underground,1092.0,2636790.2,Pelton,0.923,0.954,0.881,2,2,2,61.43,247.1,2,2.7,3.8,2.2,2.1,379.96,0.461,46.1,0.9,7884.0,60.7,37.5,21.9,18.7,17.8,13.2,3373.38,1180.68,74.51,21.76,46.69,27776.15,v1.0,42,synthetic
HP-102,Shanan Hydro Project Unit-102,Medium Hydro,run-of-river,Meghalaya,West Khasi Hills,Dibang,Brahmaputra Basin,Plain,Refurbishment,Tropical,401.5,67.58,3,22.5267,2021,50,402.2,380.8,19.847,3.694,27.49,655.76,500.9,1.4,Concrete Gravity,14.9,108.8,0.14,8.5,7.41,218.6,3.06,Surface,852.3,2016851.7,Pelton,0.917,0.973,0.892,3,3,3,29.15,238.3,3,2.3,3.5,1.7,1.6,273.04,0.458,45.8,0.918,8041.7,50.0,29.5,19.6,19.7,15.2,14.9,3491.67,1222.09,84.06,26.86,32.89,29843.91,v1.0,42,synthetic
HP-103,Budhil Hydro Project Unit-103,Medium Hydro,run-of-river,Arunachal Pradesh,Lower Subansiri,Siang,Brahmaputra Basin,Plain,Refurbishment,Himalayan Sub-tropical,1108.7,87.76,2,43.88,2014,35,197.1,187.2,52.855,8.438,76.426,1160.86,791.7,0.2,Barrage/Weir,29.5,219.4,0.02,20.07,8.45,150.2,3.23,Underground,1099.6,2508946.2,Francis,0.922,0.968,0.892,2,2,2,56.79,,2,3.1,3.0,2.0,4.3,421.82,0.543,54.3,0.943,8260.7,55.6,35.7,25.0,21.5,17.3,14.0,4424.52,1548.58,77.44,24.71,25.99,28588.72,v1.0,42,synthetic
HP-104,Teesta Hydro Project Unit-104,Medium Hydro,storage,Sikkim,West Sikkim,Subansiri,Brahmaputra Basin,Plain,Refurbishment,Himalayan Sub-tropical,2038.2,42.64,4,10.66,2012,40,234.6,221.2,21.327,2.534,28.053,709.35,1016.0,9.4,RCC,65.5,180.2,0.49,16.43,7.41,608.6,7.45,Underground,399.6,1109455.1,Francis,0.942,0.976,0.919,4,4,4,13.8,116.9,4,4.2,4.4,3.8,4.5,179.54,0.482,48.2,0.934,8181.8,46.7,27.7,16.4,17.5,15.1,12.7,6814.3,2385.0,81.58,21.88,147.99,26019.12,v1.0,42,synthetic
HP-105,Shanan Hydro Project Unit-105,Medium Hydro,storage,Odisha,Rayagada,Indravati,Godavari Basin,Plain,Greenfield,Himalayan Sub-tropical,860.2,63.77,4,15.9425,2021,50,79.8,74.9,92.306,9.718,120.281,2815.24,589.2,26.6,Earthfill,149.1,545.8,2.74,21.56,6.06,325.9,5.98,Semi-underground,988.1,1663749.9,Francis,0.939,0.967,0.908,4,4,4,20.63,139.5,4,2.2,1.7,3.0,1.9,319.01,0.574,57.4,0.916,8024.2,49.9,30.0,21.7,17.0,13.1,11.4,6640.27,2324.1,74.26,25.88,55.24,26089.85,v1.0,42,synthetic
HP-106,Nathpa Jhakri Hydro Project Unit-106,Medium Hydro,run-of-river,Andhra Pradesh,Alluri Sitharama Raju,Indravati,Godavari Basin,Mountainous,Greenfield,Alpine,3098.8,84.95,4,21.2375,2004,40,423.9,402.4,24.1,4.16,30.129,643.47,1018.1,0.2,Trench Intake,27.7,99.2,0.02,5.35,6.79,466.4,6.23,Semi-underground,878.1,2413906.5,Pelton,0.937,0.962,0.901,4,4,4,27.48,143.7,4,2.8,2.4,3.2,2.8,351.5,0.472,47.2,0.888,7778.9,61.2,34.3,24.7,21.6,20.5,16.0,2757.84,965.24,77.3,24.7,60.37,28415.62,v1.0,42,synthetic
HP-107,Allain Duhangan Hydro Project Unit-107,Medium Hydro,storage,Arunachal Pradesh,West Kameng,Kopili,Brahmaputra Basin,Hilly,Refurbishment,Himalayan Sub-tropical,1797.6,50.31,4,12.5775,2000,35,46.1,44.5,129.548,15.797,166.468,2516.0,77.3,6.4,RCC,220.6,1044.2,1.0,4.4,10.0,286.4,5.78,Semi-underground,687.3,1437440.0,Kaplan,0.949,0.977,0.927,4,4,4,16.28,152.6,4,2.9,3.8,2.1,2.9,264.41,0.601,60.1,0.885,7752.6,72.0,45.1,27.5,23.3,18.5,20.0,5645.04,1975.77,85.58,25.32,60.88,28571.66,v1.0,42,synthetic
HP-108,Kargil Hydro Project Unit-108,Medium Hydro,run-of-river,Uttar Pradesh,Sonbhadra,Yamuna,Ganga Basin,Plain,Refurbishment,Tropical,777.0,61.9,4,15.475,2003,40,404.9,390.7,18.353,2.295,24.479,600.72,221.2,1.3,Barrage/Weir,24.9,107.9,0.13,16.0,10.33,753.4,5.08,Surface,791.2,1698008.5,Pelton,0.926,0.972,0.9,4,4,4,20.03,68.9,4,2.6,4.2,1.5,2.1,307.71,0.567,56.7,0.871,7630.0,61.8,36.1,23.5,19.1,21.6,16.4,4789.19,1676.21,78.52,23.82,93.83,27431.48,v1.0,42,synthetic
HP-109,Omkareshwar Hydro Project Unit-109,Medium Hydro,run-of-river,West Bengal,Darjeeling,Kosi,Ganga Basin,Plain,Refurbishment,Himalayan Sub-tropical,1608.2,77.19,4,19.2975,2014,50,136.6,132.3,69.812,8.646,91.917,2147.97,789.9,1.0,Trench Intake,34.0,104.8,0.1,8.79,6.36,907.1,4.53,Underground,1240.5,2268099.9,Francis,0.937,0.964,0.903,4,4,4,24.97,247.2,4,3.3,3.7,4.4,1.8,264.01,0.389,38.9,0.873,7647.5,50.0,32.1,17.7,20.3,13.2,10.9,3428.42,1199.95,81.02,27.44,84.14,29383.34,v1.0,42,synthetic
HP-110,SVP Sharavathi Hydro Project Unit-110,Medium Hydro,run-of-river,Jammu & Kashmir,Anantnag,Jhelum,Indus Basin,Mountainous,Refurbishment,Alpine,2615.7,29.73,4,7.4325,2021,40,205.4,189.2,17.069,3.135,24.544,515.97,732.0,0.7,Barrage/Weir,13.2,89.6,0.07,5.36,6.59,323.3,3.72,Semi-underground,249.9,656295.3,Francis,0.914,0.975,0.891,4,4,4,9.62,,4,3.0,3.5,4.1,1.4,110.56,0.423,42.3,0.868,7603.7,58.3,34.5,25.1,24.2,18.6,12.9,4065.12,1422.79,79.83,16.04,68.5,22075.19,v1.0,42,synthetic
HP-111,Rongtong Hydro Project Unit-111,Medium Hydro,run-of-river,Jammu & Kashmir,Kishtwar,Jhelum,Indus Basin,Mountainous,Refurbishment,Tropical,114.2,86.99,2,43.495,2006,35,543.2,500.4,19.813,3.936,26.792,486.44,770.4,0.5,Barrage/Weir,10.8,75.4,0.05,15.7,10.78,648.1,3.38,Semi-underground,1498.6,2726505.2,Pelton,0.912,0.961,0.876,2,2,2,56.29,,2,2.6,2.2,2.1,3.4,308.9,0.405,40.5,0.865,7577.4,40.7,22.5,16.3,12.6,11.1,10.0,4004.12,1401.44,84.99,22.78,51.47,31342.74,v1.0,42,synthetic
HP-112,Rampur Hydro Project Unit-112,Medium Hydro,run-of-river,Arunachal Pradesh,Tawang,Kopili,Brahmaputra Basin,Hilly,Refurbishment,Himalayan Sub-tropical,1913.8,53.16,2,26.58,2013,35,150.2,141.1,42.737,6.23,53.774,963.85,360.1,0.7,Barrage/Weir,25.8,85.1,0.07,4.73,9.96,631.5,3.36,Surface,542.2,1456649.2,Francis,0.922,0.955,0.881,2,2,2,34.4,275.0,2,4.4,4.1,4.7,4.4,202.68,0.435,43.5,0.897,7857.7,58.8,33.6,23.4,21.7,14.8,14.3,3205.96,1122.09,81.0,22.92,68.15,27401.23,v1.0,42,synthetic
HP-113,Bassu Hydro Project Unit-113,Medium Hydro,storage,Bihar,Kaimur,Bhagirathi,Ganga Basin,Hilly,Refurbishment,Himalayan Sub-tropical,1746.5,80.01,3,26.67,2022,35,270.7,259.3,33.257,5.759,49.386,607.91,390.2,33.1,Concrete Gravity,43.0,208.2,2.46,11.19,7.99,762.8,7.38,Surface,1257.6,2383477.3,Pelton,0.945,0.962,0.909,3,3,3,34.51,205.6,3,3.2,4.1,2.6,2.9,277.13,0.397,39.7,0.94,8234.4,40.2,23.8,15.2,17.8,12.2,11.2,3763.72,1317.3,81.71,26.89,104.86,29789.74,v1.0,42,synthetic
HP-114,Shanan Hydro Project Unit-114,Medium Hydro,run-of-river,Kerala,Wayanad,Moyar,Cauvery Basin,Mountainous,Greenfield,Himalayan Sub-tropical,2109.3,71.44,4,17.86,2002,50,401.8,385.6,19.747,2.199,26.531,662.28,717.1,1.9,Barrage/Weir,27.6,187.8,0.19,8.41,10.29,678.7,4.61,Underground,616.8,2106428.1,Pelton,0.924,0.965,0.892,4,4,4,23.11,212.2,4,2.9,3.2,1.7,3.7,283.65,0.45,45.0,0.916,8024.2,60.9,38.4,27.0,18.9,20.7,15.0,3466.07,1213.13,82.28,23.03,73.13,29485.28,v1.0,42,synthetic
HP-115,Nagarjunasagar Hydro Project Unit-115,Medium Hydro,storage,Ladakh,Leh,Jhelum,Indus Basin,Plain,Greenfield,Himalayan Sub-tropical,1569.1,56.24,3,18.7467,2014,50,368.8,352.4,18.887,2.327,28.033,528.2,523.4,18.5,Rockfill,132.4,639.6,,12.97,7.21,745.6,6.99,Surface,546.5,1505111.0,Pelton,0.92,0.965,0.888,3,3,3,24.26,173.1,3,3.4,4.7,4.0,1.5,207.97,0.42,42.0,0.943,8260.7,53.4,34.6,23.2,21.6,16.9,11.5,5671.7,1985.1,78.12,20.97,130.73,26762.29,v1.0,42,synthetic
HP-116,Koteshwar Hydro Project Unit-116,Medium Hydro,run-of-river,Punjab,Pathankot,Ravi,Indus Basin,Plain,Refurbishment,Tropical,476.6,58.63,2,29.315,2012,40,431.9,398.5,15.643,3.082,21.335,396.85,794.3,0.7,Trench Intake,34.1,230.9,0.07,21.88,8.67,989.6,6.14,Surface,667.6,1497751.0,Pelton,0.914,0.964,0.881,2,2,2,37.94,152.2,2,2.3,1.6,3.7,1.7,221.46,0.433,43.3,0.892,7813.9,53.3,30.4,21.5,22.2,17.4,11.7,5928.78,2075.07,73.92,21.63,142.84,25545.81,v1.0,42,synthetic
HP-117,Lata Tapovan Hydro Project Unit-117,Medium Hydro,run-of-river,Tamil Nadu,Central District,Cauvery,Cauvery Basin,Mountainous,Refurbishment,Himalayan Sub-tropical,1255.8,36.1,3,12.0333,2011,40,197.1,186.8,21.132,3.989,30.059,499.39,558.9,0.4,Concrete Gravity,34.1,174.6,0.04,19.93,4.98,766.5,2.93,Underground,398.3,852707.5,Francis,0.95,0.966,0.918,3,3,3,15.57,75.1,3,3.5,2.6,4.7,3.3,167.23,0.533,53.3,0.885,7752.6,49.8,30.2,22.0,16.4,16.6,11.4,8047.78,2816.72,78.41,15.76,94.26,23620.71,v1.0,42,synthetic
HP-118,Rongtong Hydro Project Unit-118,Medium Hydro,run-of-river,Telangana,Bhadradri Kothagudem,Pranahita,Godavari Basin,Hilly,Refurbishment,Himalayan Sub-tropical,1393.2,87.57,3,29.19,2022,50,164.8,158.9,64.822,6.915,92.285,1734.81,700.4,1.7,Concrete Gravity,25.6,201.5,0.17,18.37,6.61,919.6,2.59,Surface,843.2,2491618.9,Francis,0.912,0.96,0.876,3,3,3,37.78,208.8,3,2.7,4.4,1.7,1.9,457.18,0.599,59.9,0.892,7813.9,50.8,32.7,20.4,21.1,13.6,10.6,4200.41,1470.14,77.09,20.27,51.91,28452.88,v1.0,42,synthetic
HP-119,Subansiri Hydro Project Unit-119,Medium Hydro,run-of-river,Kerala,Idukki,Kabini,Cauvery Basin,Mountainous,Refurbishment,Himalayan Sub-tropical,1377.2,35.27,2,17.635,2003,35,118.8,113.9,36.399,5.873,52.758,935.97,661.9,1.1,Barrage/Weir,17.5,132.7,0.11,4.33,4.92,168.2,4.24,Semi-underground,410.0,870621.6,Francis,0.943,0.977,0.921,2,2,2,22.82,,2,3.3,3.5,4.0,2.5,179.17,0.575,57.5,0.88,7708.8,40.8,23.4,14.8,13.0,10.5,11.0,3592.54,1257.39,82.69,16.9,44.94,24684.48,v1.0,42,synthetic
HP-120,Sutlej Hydro Project Unit-120,Medium Hydro,run-of-river,Tamil Nadu,Central District,Cauvery,Cauvery Basin,Hilly,Refurbishment,Himalayan Sub-tropical,2169.5,93.14,2,46.57,2003,50,144.8,133.9,78.746,8.589,114.478,2645.02,1141.1,0.8,Barrage/Weir,30.7,212.0,0.08,14.26,7.53,221.8,6.6,Underground,1237.7,2871256.2,Francis,0.939,0.979,0.919,2,2,2,60.27,160.7,2,2.5,2.1,4.0,1.3,490.06,0.601,60.1,0.937,8208.1,55.2,31.4,23.0,17.4,18.4,16.5,3800.91,1330.32,82.88,28.07,39.58,30827.32,v1.0,42,synthetic
HP-121,Tidong Hydro Project Unit-121,Medium Hydro,run-of-river,Sikkim,West Sikkim,Kopili,Brahmaputra Basin,Mountainous,Refurbishment,Tropical,458.7,79.16,3,26.3867,2014,50,415.4,388.7,21.883,3.08,32.726,522.25,1035.3,1.8,Trench Intake,33.2,160.6,0.18,2.26,8.72,855.7,4.48,Semi-underground,1154.6,2462203.1,Pelton,0.913,0.954,0.871,3,3,3,34.15,148.0,3,2.6,2.8,3.4,1.6,273.54,0.396,39.6,0.948,8304.5,52.9,34.3,19.2,22.5,17.1,12.1,2673.23,935.63,85.44,29.62,79.47,31104.13,v1.0,42,synthetic
HP-122,Koldam Hydro Project Unit-122,Medium Hydro,run-of-river,West Bengal,Kalimpong,Yamuna,Ganga Basin,Hilly,Refurbishment,Himalayan Sub-tropical,1617.0,82.6,2,41.3,2020,35,55.2,51.5,175.812,18.051,220.421,4783.44,426.0,0.7,Concrete Gravity,7.9,26.7,0.07,17.03,9.37,982.4,3.51,Semi-underground,1072.1,2522207.2,Francis,0.93,0.966,0.898,2,2,2,53.45,175.0,2,2.9,4.2,3.2,1.4,427.12,0.591,59.1,0.871,7630.0,57.1,33.9,20.2,18.6,18.0,15.9,4203.6,1471.26,83.38,29.07,70.94,30535.2,v1.0,42,synthetic
HP-123,Tidong Hydro Project Unit-123,Medium Hydro,storage,Gujarat,Narmada,Tawa,Narmada Basin,Hilly,Refurbishment,Himalayan Sub-tropical,916.5,89.08,4,22.27,2012,50,385.0,358.7,27.354,4.351,33.877,620.96,981.0,30.0,Rockfill,112.3,449.0,5.96,10.24,4.4,406.4,3.67,Surface,1240.5,2562663.0,Pelton,0.946,0.952,0.901,4,4,4,28.82,231.8,4,2.1,2.5,2.4,1.4,462.47,0.587,58.7,0.911,7980.4,51.4,31.8,21.0,23.0,14.8,12.3,3850.29,1347.6,77.77,20.93,39.54,28768.11,v1.0,42,synthetic
HP-124,Vishnugad Pipalkoti Hydro Project Unit-124,Medium Hydro,storage,Uttar Pradesh,Sonbhadra,Mandakini,Ganga Basin,Hilly,Greenfield,Himalayan Sub-tropical,990.8,40.13,2,20.065,2009,50,245.0,234.9,18.297,3.374,22.476,405.12,127.4,40.5,Earthfill,121.2,450.3,2.49,18.47,7.53,464.9,5.82,Surface,401.3,926976.1,Francis,0.926,0.969,0.897,2,2,2,25.97,52.8,2,3.0,3.0,4.0,1.9,204.93,0.587,58.7,0.912,7989.1,68.8,42.9,27.3,30.3,20.9,18.0,8260.61,2891.21,73.84,22.56,99.37,23099.33,v1.0,42,synthetic
HP-125,Singoli Bhatwari Hydro Project Unit-125,Medium Hydro,run-of-river,Meghalaya,Ri-Bhoi,Kameng,Brahmaputra Basin,Plain,Greenfield,Alpine,2722.5,48.9,3,16.3,2009,50,121.9,114.1,47.964,5.516,57.955,1479.66,407.1,1.0,Trench Intake,17.7,133.3,0.1,6.04,5.91,180.6,6.45,Surface,713.3,1371268.4,Francis,0.917,0.976,0.895,3,3,3,21.09,285.4,3,3.0,4.7,3.0,1.4,226.62,0.524,52.4,0.938,8216.9,47.2,27.7,19.6,14.8,16.3,12.9,3567.42,1248.6,84.6,17.99,49.74,28042.3,v1.0,42,synthetic
HP-126,Koyna Hydro Project Unit-126,Medium Hydro,run-of-river,Andhra Pradesh,Kurnool,Wainganga,Godavari Basin,Mountainous,Refurbishment,Alpine,2598.1,69.99,4,17.4975,2007,40,151.2,145.9,53.905,7.592,78.64,907.02,663.5,1.4,Barrage/Weir,14.5,74.2,0.14,15.65,10.74,1073.4,7.18,Surface,892.5,2076277.8,Francis,0.925,0.959,0.887,4,4,4,22.64,276.2,4,3.2,3.6,4.5,1.4,241.94,0.393,39.3,0.943,8260.7,43.2,25.4,17.9,17.5,14.7,11.6,4436.96,1552.94,83.06,26.57,152.9,29665.35,v1.0,42,synthetic
HP-127,Chamera Hydro Project Unit-127,Medium Hydro,storage,Arunachal Pradesh,West Kameng,Kameng,Brahmaputra Basin,Mountainous,Refurbishment,Alpine,2546.9,93.69,3,31.23,2002,40,280.3,266.1,39.159,7.349,56.627,1228.3,853.3,26.3,Rockfill,120.0,606.3,3.48,8.54,8.87,950.1,5.71,Underground,1339.9,2603197.3,Pelton,0.942,0.954,0.899,3,3,3,40.42,130.2,3,2.9,2.8,3.5,2.4,416.93,0.504,50.4,0.947,8295.7,63.9,40.6,26.7,26.8,18.0,15.8,3546.32,1241.21,74.65,16.7,88.15,27785.22,v1.0,42,synthetic
HP-128,Teesta Hydro Project Unit-128,Medium Hydro,storage,West Bengal,Darjeeling,Gandak,Ganga Basin,Plain,Greenfield,Alpine,2911.2,96.11,3,32.0367,2006,40,397.6,382.3,28.205,3.554,34.6,641.09,1139.3,7.6,Earthfill,186.9,1074.5,1.32,11.88,5.57,363.3,7.23,Surface,1045.6,2770660.3,Pelton,0.93,0.954,0.887,3,3,3,41.46,216.9,3,4.1,4.3,3.4,4.7,400.69,0.48,48.0,0.897,7857.7,57.9,33.4,23.8,25.3,16.6,15.5,4333.42,1516.7,77.22,23.29,52.1,28828.01,v1.0,42,synthetic
HP-129,Kiru Hydro Project Unit-129,Medium Hydro,run-of-river,Uttar Pradesh,Sonbhadra,Mandakini,Ganga Basin,Mountainous,Greenfield,Himalayan Sub-tropical,1559.9,66.77,3,22.2567,2019,50,533.3,501.3,14.213,1.782,19.698,305.46,503.9,0.8,Concrete Gravity,6.2,24.2,,5.4,7.45,506.1,4.84,Underground,746.0,2004868.0,Pelton,0.931,0.954,0.888,3,3,3,28.8,241.5,3,1.7,1.9,1.4,1.7,325.26,0.559,55.9,0.943,8260.7,57.5,35.1,24.5,19.5,16.2,16.6,2983.4,1044.19,84.76,27.56,65.21,30026.48,v1.0,42,synthetic
HP-130,Nathpa Jhakri Hydro Project Unit-130,Medium Hydro,run-of-river,Telangana,Nalgonda,Godavari,Godavari Basin,Hilly,Refurbishment,Himalayan Sub-tropical,1452.9,27.69,3,9.23,2001,40,221.8,207.3,14.97,2.763,21.857,271.07,157.6,1.7,Barrage/Weir,30.0,202.5,0.17,18.45,7.94,846.3,3.56,Underground,367.2,626213.5,Francis,0.933,0.962,0.898,3,3,3,11.94,200.3,3,3.1,1.8,4.0,3.6,131.62,0.544,54.4,0.921,8068.0,52.6,33.9,22.8,17.0,13.6,14.9,9437.07,3302.97,84.96,17.32,151.81,22615.15,v1.0,42,synthetic
HP-131,Luhri Hydro Project Unit-131,Medium Hydro,storage,Punjab,Pathankot,Indus,Indus Basin,Mountainous,Refurbishment,Alpine,2574.3,89.75,4,22.4375,2002,50,525.5,499.7,19.797,3.89,28.897,345.57,1030.2,9.8,Earthfill,94.1,483.1,,4.41,7.44,604.0,6.53,Surface,1529.1,2635128.2,Pelton,0.934,0.961,0.898,4,4,4,29.04,197.7,4,2.1,1.8,2.6,2.0,345.65,0.444,44.4,0.914,8006.6,53.7,31.5,19.8,21.2,13.9,13.5,3102.99,1086.05,79.3,20.48,72.56,29360.76,v1.0,42,synthetic
HP-132,Bassu Hydro Project Unit-132,Medium Hydro,run-of-river,Maharashtra,Satara,Wainganga,Godavari Basin,Plain,Refurbishment,Alpine,2708.8,47.53,4,11.8825,2013,40,330.0,311.0,16.677,2.519,22.079,409.59,878.4,1.6,Trench Intake,12.6,43.0,0.16,12.07,4.8,844.7,3.4,Underground,780.9,1302512.0,Pelton,0.912,0.962,0.877,4,4,4,15.38,127.5,4,3.3,3.8,2.4,3.8,241.39,0.574,57.4,0.891,7805.2,56.4,32.2,20.2,25.2,15.6,15.1,4780.86,1673.3,83.29,22.28,93.33,27404.0,v1.0,42,synthetic
HP-133,Omkareshwar Hydro Project Unit-133,Medium Hydro,storage,Uttar Pradesh,Sonbhadra,Kosi,Ganga Basin,Mountainous,Refurbishment,Alpine,2594.4,71.39,2,35.695,2004,35,47.1,45.4,187.946,34.939,237.332,5270.19,797.2,22.9,RCC,56.4,292.9,1.65,10.44,4.82,1097.5,6.19,Surface,1259.2,2155636.5,Francis,0.929,0.976,0.907,2,2,2,46.19,151.5,2,2.8,3.4,1.9,3.2,240.11,0.382,38.2,0.917,8032.9,64.0,40.6,27.1,24.9,19.5,14.7,4043.23,1415.13,84.27,17.5,135.26,30195.22,v1.0,42,synthetic
HP-134,Budhil Hydro Project Unit-134,Medium Hydro,run-of-river,Tamil Nadu,Central District,Cauvery,Cauvery Basin,Mountainous,Refurbishment,Alpine,2856.3,48.69,2,24.345,2015,50,518.9,494.3,10.527,1.356,13.239,234.48,316.9,0.5,Concrete Gravity,15.2,91.4,0.05,18.85,8.6,287.7,3.97,Semi-underground,579.6,1386843.9,Pelton,0.927,0.978,0.907,2,2,2,31.51,206.3,2,3.0,3.7,2.5,2.9,181.59,0.43,43.0,0.922,8076.7,48.8,27.7,17.8,18.2,16.1,14.4,6209.44,2173.3,86.03,19.3,49.66,28483.14,v1.0,42,synthetic
HP-135,Sardar Sarovar Hydro Project Unit-135,Medium Hydro,storage,Tamil Nadu,Central District,Cauvery,Cauvery Basin,Hilly,Greenfield,Himalayan Sub-tropical,1842.1,57.3,3,19.1,2008,40,440.3,410.2,15.435,2.927,22.474,498.55,744.9,7.0,Concrete Gravity,216.1,871.4,0.83,18.83,4.78,261.2,5.55,Underground,930.3,1490147.4,Pelton,0.912,0.953,0.869,3,3,3,24.72,34.7,3,4.1,3.6,4.4,4.4,245.31,0.486,48.6,0.906,7936.6,55.7,34.2,21.4,17.9,18.7,13.6,7439.29,2603.75,75.61,18.43,49.26,26006.06,v1.0,42,synthetic
HP-136,Koldam Hydro Project Unit-136,Medium Hydro,storage,Bihar,Kaimur,Mandakini,Ganga Basin,Mountainous,Greenfield,Tropical,527.8,81.49,3,27.1633,2013,40,498.0,459.4,20.102,3.907,26.791,609.9,875.3,26.8,Concrete Gravity,56.1,202.1,5.29,5.29,4.43,947.2,5.8,Semi-underground,774.9,2563216.2,Pelton,0.933,0.979,0.913,3,3,3,35.15,138.2,3,4.4,4.7,4.2,4.3,427.11,0.593,59.3,0.923,8085.5,57.8,33.6,22.2,24.5,19.7,15.1,3213.47,1124.71,86.05,22.62,102.41,31454.36,v1.0,42,synthetic
HP-137,Omkareshwar Hydro Project Unit-137,Medium Hydro,storage,Himachal Pradesh,Mandi,Chenab,Indus Basin,Mountainous,Refurbishment,Alpine,2347.8,31.32,4,7.83,2004,50,545.9,521.8,6.934,1.055,9.896,130.33,82.1,40.2,Rockfill,85.9,447.5,6.39,21.74,4.77,212.9,4.36,Semi-underground,409.5,654406.1,Pelton,0.915,0.973,0.89,4,4,4,10.13,40.5,4,3.6,4.6,2.9,3.2,120.13,0.437,43.7,0.927,8120.5,60.0,38.6,25.0,25.6,16.4,13.8,10428.52,3649.98,73.67,18.48,53.98,20894.19,v1.0,42,synthetic
HP-138,Kiru Hydro Project Unit-138,Medium Hydro,run-of-river,Ladakh,Kargil,Ravi,Indus Basin,Mountainous,Greenfield,Tropical,386.0,35.99,3,11.9967,2004,40,149.5,144.4,27.41,4.273,39.296,884.46,721.9,1.3,Trench Intake,25.7,198.9,0.13,16.63,6.92,321.0,5.03,Surface,543.9,862640.1,Francis,0.915,0.971,0.888,3,3,3,15.53,,3,2.6,4.3,1.6,2.0,193.45,0.607,60.7,0.893,7822.7,52.5,31.0,19.0,20.3,13.3,11.3,7040.65,2464.23,79.66,24.85,73.75,23968.88,v1.0,42,synthetic
HP-139,Luhri Hydro Project Unit-139,Medium Hydro,storage,Assam,Karbi Anglong,Kameng,Brahmaputra Basin,Mountainous,Greenfield,Tropical,479.2,38.73,3,12.91,2002,35,253.0,238.2,18.643,3.321,25.03,547.96,746.6,38.6,Earthfill,184.7,893.1,2.79,16.56,4.63,806.0,5.62,Surface,400.0,980025.0,Francis,0.926,0.966,0.895,3,3,3,16.71,44.9,3,4.3,4.7,4.5,3.8,187.93,0.55,55.0,0.911,7980.4,67.8,41.1,24.6,26.0,18.3,17.8,9183.8,3214.33,81.87,27.01,160.81,25304.03,v1.0,42,synthetic
HP-140,Luhri Hydro Project Unit-140,Medium Hydro,storage,Uttarakhand,Pithoragarh,Bhagirathi,Ganga Basin,Plain,Refurbishment,Tropical,362.4,43.4,4,10.85,2019,40,244.9,237.0,19.366,2.783,25.65,620.37,415.0,14.3,Concrete Gravity,226.2,994.4,1.33,5.65,9.38,311.9,7.26,Semi-underground,420.6,1081276.7,Francis,0.935,0.96,0.898,4,4,4,14.04,128.2,4,1.9,1.6,1.4,2.6,175.49,0.458,45.8,0.894,7831.4,57.0,32.5,24.2,22.1,17.1,15.7,6371.44,2230.0,77.7,20.35,82.03,24914.21,v1.0,42,synthetic
HP-141,Koyna Hydro Project Unit-141,Medium Hydro,storage,Goa,North Goa,Kalinadi,West Flowing Rivers,Hilly,Refurbishment,Himalayan Sub-tropical,1861.6,82.22,3,27.4067,2002,50,295.2,274.8,34.422,4.021,43.838,1163.22,1155.6,28.6,Concrete Gravity,40.2,165.9,4.99,7.78,10.8,150.6,7.17,Surface,882.5,2538555.8,Pelton,0.92,0.97,0.892,3,3,3,35.47,294.1,3,3.7,4.8,4.3,2.0,298.67,0.419,41.9,0.908,7954.1,41.4,25.7,17.9,16.9,14.5,11.9,3348.62,1172.02,84.36,20.43,36.85,30875.16,v1.0,42,synthetic
HP-142,Sardar Sarovar Hydro Project Unit-142,Medium Hydro,storage,Andhra Pradesh,Alluri Sitharama Raju,Indravati,Godavari Basin,Mountainous,Greenfield,Alpine,2933.5,40.8,2,20.4,2020,35,350.5,339.9,13.577,2.112,19.129,339.7,501.7,5.9,Concrete Gravity,142.3,800.3,1.02,10.9,4.86,1170.6,4.38,Semi-underground,472.5,1098327.6,Pelton,0.917,0.973,0.892,2,2,2,26.4,70.6,2,2.6,3.8,1.2,2.9,153.95,0.433,43.3,0.862,7551.1,69.5,40.7,25.0,27.2,19.5,18.9,6903.82,2416.34,85.58,22.82,172.2,26919.79,v1.0,42,synthetic
HP-143,Srisailam Hydro Project Unit-143,Medium Hydro,run-of-river,Himachal Pradesh,Kullu,Chenab,Indus Basin,Hilly,Greenfield,Himalayan Sub-tropical,2145.5,67.68,4,16.92,2021,50,347.5,334.0,22.957,2.588,33.978,733.59,1063.2,1.5,Trench Intake,10.8,69.0,0.15,21.84,8.85,709.6,3.76,Semi-underground,1139.1,1868216.5,Pelton,0.91,0.963,0.876,4,4,4,21.9,297.2,4,3.8,3.7,3.6,4.2,283.52,0.478,47.8,0.871,7630.0,48.8,29.4,17.3,19.9,12.4,14.2,5266.05,1843.12,77.73,25.39,66.74,27603.67,v1.0,42,synthetic
HP-144,Rampur Hydro Project Unit-144,Medium Hydro,run-of-river,Bihar,Kaimur,Bhagirathi,Ganga Basin,Hilly,Greenfield,Tropical,186.4,37.34,3,12.4467,2000,50,446.6,412.3,9.746,1.436,14.499,307.2,994.9,1.1,Barrage/Weir,33.3,229.1,0.11,14.39,9.35,806.6,5.39,Underground,662.6,847467.4,Pelton,0.947,0.961,0.91,3,3,3,16.11,134.2,3,4.1,4.4,3.8,4.0,128.34,0.393,39.3,0.915,8015.4,41.1,22.8,14.6,17.6,11.9,10.8,6248.7,2187.05,74.39,23.83,158.32,22695.97,v1.0,42,synthetic
HP-145,Nimo Bazgo Hydro Project Unit-145,Medium Hydro,run-of-river,Kerala,Pathanamthitta,Kabini,Cauvery Basin,Plain,Refurbishment,Himalayan Sub-tropical,1922.2,83.72,2,41.86,2003,35,343.5,332.0,27.125,4.267,37.737,559.25,534.2,1.5,Trench Intake,10.6,39.1,0.15,2.88,4.89,763.7,5.07,Semi-underground,1301.3,2395565.9,Pelton,0.922,0.977,0.901,2,2,2,54.17,294.8,2,2.7,4.1,1.7,2.3,281.35,0.382,38.2,0.913,7997.9,38.2,22.9,16.6,16.4,11.2,8.4,2369.7,829.39,77.99,19.91,75.0,28614.02,v1.0,42,synthetic
HP-146,Bhabha Hydro Project Unit-146,Medium Hydro,run-of-river,Punjab,Pathankot,Jhelum,Indus Basin,Hilly,Greenfield,Himalayan Sub-tropical,1508.3,47.47,2,23.735,2015,35,509.2,477.7,10.965,1.33,14.739,332.31,986.9,1.6,Trench Intake,11.2,43.9,0.16,21.8,6.54,227.4,2.65,Underground,447.4,1188872.7,Pelton,0.928,0.969,0.899,2,2,2,30.72,142.3,2,3.9,4.5,2.5,4.6,178.65,0.433,43.3,0.884,7743.8,57.2,32.9,21.1,18.7,15.8,12.0,6637.66,2323.18,76.15,18.47,34.27,25044.72,v1.0,42,synthetic
HP-147,Allain Duhangan Hydro Project Unit-147,Medium Hydro,storage,Sikkim,North Sikkim,Kopili,Brahmaputra Basin,Mountainous,Greenfield,Tropical,467.3,98.28,2,49.14,2006,35,311.6,291.4,38.05,6.226,56.173,1149.37,725.4,43.0,Rockfill,190.0,692.9,2.49,17.91,10.11,1044.1,7.34,Surface,991.9,3060989.2,Pelton,0.913,0.964,0.88,2,2,2,63.59,260.3,2,2.7,3.7,1.4,3.0,431.82,0.502,50.2,0.905,7927.8,58.9,34.6,24.7,24.0,17.6,13.4,5062.71,1771.95,83.22,24.7,114.38,31145.6,v1.0,42,synthetic
HP-148,Budhil Hydro Project Unit-148,Medium Hydro,run-of-river,Karnataka,Uttara Kannada,Koyna,Krishna Basin,Mountainous,Greenfield,Tropical,516.4,36.79,2,18.395,2009,40,304.6,292.0,14.566,1.947,19.451,348.88,472.6,1.0,Trench Intake,16.5,64.3,0.1,6.68,8.52,527.0,2.91,Semi-underground,483.0,827029.6,Pelton,0.936,0.974,0.912,2,2,2,23.81,237.1,2,2.6,4.6,1.6,1.5,136.96,0.427,42.7,0.89,7796.4,56.9,35.2,21.5,23.1,19.9,17.1,3937.06,1377.97,74.09,17.05,68.54,22479.74,v1.0,42,synthetic
HP-149,Bassu Hydro Project Unit-149,Medium Hydro,run-of-river,West Bengal,Darjeeling,Gandak,Ganga Basin,Mountainous,Greenfield,Himalayan Sub-tropical,803.5,74.06,4,18.515,2006,40,159.2,149.8,55.069,9.992,71.711,957.81,1022.7,0.9,Concrete Gravity,17.5,90.9,0.09,19.06,4.21,295.9,6.87,Surface,1291.1,2198799.8,Francis,0.91,0.974,0.886,4,4,4,23.96,123.3,4,3.2,4.3,2.5,2.7,366.31,0.567,56.7,0.908,7954.1,38.0,23.9,16.8,12.3,13.1,8.9,4774.81,1671.18,82.38,21.46,53.53,29689.44,v1.0,42,synthetic
HP-150,Sardar Sarovar Hydro Project Unit-150,Medium Hydro,run-of-river,Ladakh,Leh,Chenab,Indus Basin,Plain,Refurbishment,Tropical,389.0,67.71,2,33.855,2021,50,130.6,121.3,60.049,7.2,88.476,1385.31,286.8,0.7,Concrete Gravity,7.1,23.3,0.07,12.37,5.2,1052.7,4.55,Underground,1211.7,1833325.0,Francis,0.915,0.963,0.881,2,2,2,43.81,105.4,2,3.7,4.0,2.6,4.4,270.36,0.454,45.4,0.934,8181.8,40.4,24.5,15.4,13.4,13.0,9.9,3795.9,1328.56,76.24,25.2,103.95,27076.13,v1.0,42,synthetic
HP-151,Budhil Hydro Project Unit-151,Medium Hydro,run-of-river,Jammu & Kashmir,Baramulla,Chenab,Indus Basin,Mountainous,Refurbishment,Himalayan Sub-tropical,1175.0,27.93,4,6.9825,2009,40,352.6,327.7,9.585,1.821,13.61,234.17,1097.5,0.4,Concrete Gravity,7.9,51.3,,2.87,10.2,315.8,6.91,Semi-underground,305.0,644752.3,Pelton,0.947,0.971,0.92,4,4,4,9.04,125.0,4,3.0,3.9,2.0,3.0,150.02,0.619,61.9,0.867,7594.9,55.0,32.0,21.7,18.6,16.5,13.5,3354.84,1174.2,86.3,24.42,115.33,23084.58,v1.0,42,synthetic
HP-152,Chutak Hydro Project Unit-152,Medium Hydro,run-of-river,Kerala,Wayanad,Bhavani,Cauvery Basin,Mountainous,Greenfield,Tropical,355.9,81.15,4,20.2875,2007,50,524.5,505.1,18.046,2.112,21.753,318.87,388.3,1.1,Trench Intake,10.1,64.2,0.11,2.22,5.91,612.7,3.39,Semi-underground,677.2,2425176.1,Pelton,0.937,0.956,0.896,4,4,4,26.25,204.0,4,4.1,3.8,4.3,4.1,421.02,0.595,59.5,0.895,7840.2,38.1,21.0,16.3,15.8,13.1,9.0,2393.37,837.68,81.81,25.15,51.17,29885.1,v1.0,42,synthetic
HP-153,Chamera Hydro Project Unit-153,Medium Hydro,storage,Kerala,Pathanamthitta,Bhavani,Cauvery Basin,Hilly,Refurbishment,Himalayan Sub-tropical,1100.3,28.3,4,7.075,2006,50,145.6,137.3,21.844,2.651,28.55,416.2,512.5,17.2,Earthfill,80.4,262.9,2.56,7.57,8.37,196.1,6.93,Surface,311.7,644205.4,Francis,0.934,0.979,0.914,4,4,4,9.16,179.7,4,3.2,1.8,3.2,4.7,152.97,0.61,61.0,0.914,8006.6,59.1,36.5,26.4,23.9,16.7,15.6,6491.65,2272.08,84.49,19.07,78.75,22763.44,v1.0,42,synthetic
HP-154,Ghanvi Hydro Project Unit-154,Medium Hydro,run-of-river,Himachal Pradesh,Mandi,Indus,Indus Basin,Hilly,Greenfield,Himalayan Sub-tropical,2010.7,69.06,2,34.53,2009,35,416.3,388.0,19.173,2.635,24.714,357.34,285.0,0.2,Concrete Gravity,22.9,177.0,0.02,16.79,6.3,442.0,5.72,Underground,912.2,1915519.1,Pelton,0.949,0.969,0.92,2,2,2,44.69,51.0,2,2.7,2.5,1.3,4.2,309.15,0.509,50.9,0.942,8251.9,43.8,27.1,18.5,17.1,12.6,10.2,4576.18,1601.66,77.84,18.4,63.39,27737.03,v1.0,42,synthetic
HP-155,Koyna Hydro Project Unit-155,Medium Hydro,run-of-river,Odisha,Koraput,Indravati,Godavari Basin,Plain,Refurbishment,Himalayan Sub-tropical,1065.5,63.06,4,15.765,2006,35,256.2,240.8,29.88,5.88,37.661,958.74,603.3,1.9,Trench Intake,16.9,64.9,0.19,10.83,7.54,921.7,6.3,Surface,517.0,1670413.3,Francis,0.925,0.976,0.903,4,4,4,20.4,282.7,4,4.0,4.0,4.6,3.3,243.89,0.442,44.2,0.902,7901.5,46.4,28.3,16.6,14.9,13.8,10.0,3767.11,1318.49,75.56,23.35,129.39,26489.27,v1.0,42,synthetic
HP-156,Omkareshwar Hydro Project Unit-156,Medium Hydro,storage,Sikkim,West Sikkim,Lohit,Brahmaputra Basin,Hilly,Refurbishment,Alpine,2843.5,73.08,2,36.54,2012,50,122.8,114.4,70.784,12.398,92.343,2065.89,780.2,19.7,Concrete Gravity,163.7,940.1,3.16,6.85,4.24,1003.8,5.65,Semi-underground,605.3,2017690.3,Francis,0.937,0.954,0.894,2,2,2,47.29,164.6,2,3.3,3.5,4.7,1.8,341.89,0.539,53.9,0.875,7665.0,51.3,31.9,19.9,20.8,17.8,10.7,4200.51,1470.18,76.77,22.01,112.32,27609.34,v1.0,42,synthetic
HP-157,Singoli Bhatwari Hydro Project Unit-157,Medium Hydro,storage,Madhya Pradesh,Jabalpur,Pranahita,Godavari Basin,Hilly,Greenfield,Himalayan Sub-tropical,2072.2,81.43,3,27.1433,2004,40,421.9,389.6,23.254,4.621,33.6,367.36,130.3,35.4,Earthfill,164.4,832.8,2.68,9.49,8.93,357.9,3.41,Underground,1018.4,2289322.7,Pelton,0.943,0.956,0.902,3,3,3,35.13,12.1,3,2.5,1.7,1.9,3.9,341.99,0.478,47.8,0.916,8024.2,70.0,39.7,26.6,25.0,19.4,16.4,4299.76,1504.92,76.92,25.79,37.21,28114.0,v1.0,42,synthetic
HP-158,Allain Duhangan Hydro Project Unit-158,Medium Hydro,run-of-river,Assam,Dima Hasao,Subansiri,Brahmaputra Basin,Plain,Refurbishment,Alpine,2989.6,84.38,3,28.1267,2010,50,259.0,246.4,38.707,7.032,57.375,1097.43,485.2,0.2,Trench Intake,31.2,219.4,0.02,2.06,10.09,571.9,6.68,Underground,696.7,2460259.6,Francis,0.915,0.966,0.884,3,3,3,36.4,240.2,3,3.6,4.6,4.0,2.1,437.04,0.589,58.9,0.906,7936.6,38.6,23.7,17.1,13.4,12.1,11.1,2450.6,857.71,79.38,24.05,74.18,29156.9,v1.0,42,synthetic
HP-159,Tapovan Vishnugad Hydro Project Unit-159,Medium Hydro,run-of-river,Jammu & Kashmir,Kishtwar,Indus,Indus Basin,Plain,Greenfield,Alpine,2796.6,47.04,4,11.76,2022,50,56.2,53.1,104.385,20.838,156.177,2567.94,1080.9,1.9,Trench Intake,24.9,104.7,0.19,6.23,9.27,842.7,2.95,Surface,843.6,1277964.0,Francis,0.911,0.978,0.891,4,4,4,15.22,220.3,4,2.5,2.6,2.6,2.3,251.54,0.608,60.8,0.92,8059.2,60.1,36.9,24.0,25.2,17.0,13.4,3712.14,1299.25,82.81,24.83,84.12,27167.6,v1.0,42,synthetic
HP-160,SVP Sharavathi Hydro Project Unit-160,Medium Hydro,run-of-river,Gujarat,Narmada,Tawa,Narmada Basin,Hilly,Greenfield,Tropical,376.3,44.43,4,11.1075,2018,35,419.8,404.8,12.71,2.484,17.452,200.81,121.2,1.1,Trench Intake,34.4,158.2,0.11,9.3,8.76,986.4,5.1,Semi-underground,617.9,1110358.1,Pelton,0.914,0.95,0.868,4,4,4,14.37,94.5,4,3.6,4.3,2.4,4.1,210.24,0.543,54.3,0.873,7647.5,56.7,36.0,24.5,17.3,16.0,14.2,4492.71,1572.45,77.4,18.02,155.22,24991.18,v1.0,42,synthetic
HP-161,Luhri Hydro Project Unit-161,Medium Hydro,run-of-river,Assam,Dima Hasao,Kameng,Brahmaputra Basin,Plain,Greenfield,Alpine,2961.8,88.61,2,44.305,2015,50,239.8,220.8,45.572,9.074,62.178,1009.53,829.6,2.0,Trench Intake,16.7,94.2,0.2,7.66,8.87,354.8,6.78,Surface,795.1,2538190.7,Francis,0.923,0.974,0.899,2,2,2,57.34,207.0,2,3.4,4.4,1.4,4.5,402.69,0.519,51.9,0.9,7884.0,58.9,33.6,25.4,19.4,18.6,13.9,2914.85,1020.2,77.49,23.11,51.95,28644.52,v1.0,42,synthetic
HP-162,Bassu Hydro Project Unit-162,Medium Hydro,run-of-river,Assam,Karbi Anglong,Subansiri,Brahmaputra Basin,Hilly,Refurbishment,Himalayan Sub-tropical,1939.5,38.47,2,19.235,2020,50,246.0,238.2,18.391,3.104,27.336,517.15,481.7,1.4,Concrete Gravity,24.8,170.8,0.14,19.3,8.55,439.0,5.77,Surface,312.2,962187.4,Francis,0.915,0.954,0.873,2,2,2,24.89,124.2,2,3.4,3.6,4.6,2.1,165.19,0.495,49.5,0.922,8076.7,52.2,30.7,23.5,21.2,14.6,11.1,7431.48,2601.02,81.11,28.23,99.29,25011.37,v1.0,42,synthetic
HP-163,Allain Duhangan Hydro Project Unit-163,Medium Hydro,storage,Tamil Nadu,Central District,Moyar,Cauvery Basin,Plain,Greenfield,Alpine,2435.9,87.79,2,43.895,2021,35,132.1,124.2,81.197,14.62,100.434,1478.22,287.2,9.7,Rockfill,201.8,529.2,1.91,12.12,6.54,721.6,4.62,Semi-underground,702.4,2570148.5,Francis,0.922,0.978,0.902,2,2,2,56.81,114.1,2,3.6,3.2,4.1,3.5,425.58,0.547,54.7,0.907,7945.3,60.6,36.6,22.5,19.1,20.1,13.6,4742.14,1659.75,79.29,22.72,65.39,29276.1,v1.0,42,synthetic
HP-164,Tidong Hydro Project Unit-164,Medium Hydro,run-of-river,Uttar Pradesh,Sonbhadra,Yamuna,Ganga Basin,Plain,Greenfield,Himalayan Sub-tropical,1340.2,44.12,2,22.06,2008,50,256.9,240.3,19.901,3.448,29.824,576.19,271.5,0.8,Concrete Gravity,24.4,135.6,0.08,5.28,9.75,482.2,6.44,Surface,364.4,1058349.5,Francis,0.934,0.952,0.889,2,2,2,28.55,152.0,2,2.2,1.9,1.6,3.2,179.51,0.467,46.7,0.89,7796.4,58.8,33.7,20.6,21.0,20.4,14.0,3389.66,1186.38,74.44,22.04,103.07,23987.98,v1.0,42,synthetic
HP-165,Srisailam Hydro Project Unit-165,Medium Hydro,run-of-river,Madhya Pradesh,Jabalpur,Pranahita,Godavari Basin,Hilly,Refurbishment,Alpine,3034.2,70.56,3,23.52,2005,40,451.1,422.3,18.433,3.469,24.346,497.24,347.9,1.4,Concrete Gravity,9.7,35.2,0.14,9.58,9.15,205.5,6.13,Surface,1063.7,2115068.1,Pelton,0.92,0.968,0.891,3,3,3,30.44,26.6,3,3.5,3.8,1.9,4.7,278.6,0.446,44.6,0.898,7866.5,57.9,36.6,22.0,24.8,20.0,13.9,3535.7,1237.5,83.82,23.08,42.38,29975.45,v1.0,42,synthetic
HP-166,Vishnugad Pipalkoti Hydro Project Unit-166,Medium Hydro,storage,Gujarat,Narmada,Tawa,Narmada Basin,Hilly,Refurbishment,Himalayan Sub-tropical,1643.2,75.78,4,18.945,2021,50,395.9,376.0,23.049,4.024,32.597,669.85,912.1,13.7,Concrete Gravity,155.4,913.2,2.07,19.64,7.66,386.3,2.88,Underground,995.5,2337924.8,Pelton,0.948,0.963,0.913,4,4,4,24.52,189.1,4,2.4,2.8,2.6,1.7,334.79,0.509,50.9,0.929,8138.0,55.6,32.2,20.6,22.8,17.1,12.3,5954.61,2084.11,85.3,20.26,38.94,30851.48,v1.0,42,synthetic
HP-167,Shanan Hydro Project Unit-167,Medium Hydro,run-of-river,Sikkim,South Sikkim,Subansiri,Brahmaputra Basin,Hilly,Greenfield,Himalayan Sub-tropical,1184.1,49.64,4,12.41,2005,40,220.8,213.1,25.349,3.839,31.588,459.1,610.5,0.4,Concrete Gravity,12.5,66.9,0.04,9.49,6.55,1086.8,5.18,Surface,451.1,1291574.1,Francis,0.928,0.975,0.905,4,4,4,16.06,104.2,4,2.4,2.0,2.5,2.8,184.06,0.428,42.8,0.877,7682.5,46.5,29.0,20.5,15.1,12.6,11.5,4017.81,1406.23,78.2,25.85,155.64,26018.82,v1.0,42,synthetic
HP-168,Parbati Hydro Project Unit-168,Medium Hydro,run-of-river,West Bengal,Kalimpong,Teesta,Ganga Basin,Hilly,Greenfield,Tropical,582.2,33.23,4,8.3075,2000,50,160.6,150.3,25.862,4.493,34.404,549.44,608.8,1.5,Barrage/Weir,23.5,156.2,0.15,5.74,5.97,270.8,3.82,Semi-underground,348.0,774622.5,Francis,0.943,0.956,0.902,4,4,4,10.75,77.1,4,3.9,3.8,4.2,3.7,180.48,0.618,61.8,0.913,7997.9,43.4,24.4,15.4,19.5,14.9,10.5,4152.42,1453.35,80.03,18.18,57.36,23310.94,v1.0,42,synthetic
HP-169,Vishnugad Pipalkoti Hydro Project Unit-169,Medium Hydro,run-of-river,Jammu & Kashmir,Anantnag,Sutlej,Indus Basin,Hilly,Refurbishment,Himalayan Sub-tropical,1227.1,73.29,3,24.43,2022,40,166.0,153.6,52.686,8.748,68.307,1115.19,372.2,1.3,Trench Intake,10.5,81.3,0.13,9.27,6.13,251.7,2.57,Semi-underground,1151.0,2145012.5,Francis,0.915,0.961,0.879,3,3,3,31.62,97.4,3,3.8,4.2,3.9,3.3,283.5,0.446,44.6,0.913,7997.9,39.4,24.2,16.2,12.1,13.7,11.4,3384.31,1184.51,81.34,19.17,30.93,29267.46,v1.0,42,synthetic
HP-170,Kishanganga Hydro Project Unit-170,Medium Hydro,run-of-river,Ladakh,Leh,Jhelum,Indus Basin,Plain,Refurbishment,Alpine,2863.9,34.59,4,8.6475,2011,40,268.7,251.0,14.575,2.068,21.562,368.78,75.2,1.2,Concrete Gravity,34.0,151.2,0.12,21.12,4.43,1171.1,3.45,Surface,447.9,827863.1,Pelton,0.931,0.965,0.898,4,4,4,11.19,,4,2.5,1.7,2.8,3.0,157.48,0.526,52.6,0.879,7700.0,52.4,31.9,18.4,23.0,15.8,13.1,8715.58,3050.45,80.8,20.89,160.37,23933.6,v1.0,42,synthetic
HP-171,Kishanganga Hydro Project Unit-171,Medium Hydro,run-of-river,Gujarat,Narmada,Narmada,Narmada Basin,Hilly,Refurbishment,Alpine,2807.5,72.97,2,36.485,2020,35,544.7,522.6,16.214,2.647,24.186,355.24,1138.4,1.8,Trench Intake,26.7,134.6,0.18,14.23,6.27,210.1,6.58,Surface,743.8,2192426.0,Pelton,0.949,0.955,0.906,2,2,2,47.22,220.6,2,4.2,4.7,3.2,4.6,258.78,0.406,40.6,0.927,8120.5,53.8,34.3,22.2,20.6,17.8,11.9,4258.68,1490.54,83.56,26.49,43.62,30045.58,v1.0,42,synthetic
HP-172,Nathpa Jhakri Hydro Project Unit-172,Medium Hydro,run-of-river,Jammu & Kashmir,Baramulla,Sutlej,Indus Basin,Hilly,Refurbishment,Alpine,3024.4,59.45,2,29.725,2020,40,50.7,48.8,138.395,22.251,168.958,2370.88,332.0,1.8,Trench Intake,8.0,45.1,0.18,16.54,9.66,783.5,4.39,Underground,541.0,1587056.6,Francis,0.911,0.975,0.888,2,2,2,38.47,167.6,2,3.4,4.6,1.7,3.9,269.68,0.524,52.4,0.931,8155.6,55.6,33.6,24.0,23.8,14.4,11.9,4788.56,1676.0,77.03,26.25,88.68,26695.65,v1.0,42,synthetic
HP-173,Kishanganga Hydro Project Unit-173,Medium Hydro,run-of-river,Gujarat,Narmada,Narmada,Narmada Basin,Hilly,Refurbishment,Tropical,539.7,32.71,2,16.355,2000,35,257.8,248.2,14.333,2.693,18.854,465.81,996.2,0.3,Barrage/Weir,34.7,143.1,0.03,21.13,5.97,230.1,4.17,Surface,563.7,769064.9,Francis,0.947,0.977,0.925,2,2,2,21.17,,2,2.8,3.5,1.9,3.1,118.63,0.416,41.6,0.92,8059.2,58.4,34.2,21.0,25.5,18.5,17.1,9128.18,3194.86,81.27,24.54,55.52,23511.61,v1.0,42,synthetic
HP-174,Vyasi Hydro Project Unit-174,Medium Hydro,run-of-river,Punjab,Pathankot,Beas,Indus Basin,Hilly,Greenfield,Himalayan Sub-tropical,1891.3,79.1,4,19.775,2008,35,86.1,79.2,113.354,14.955,150.438,3274.64,526.0,1.6,Trench Intake,9.1,70.3,0.16,20.43,6.68,726.8,5.19,Surface,1054.0,2374644.1,Francis,0.943,0.962,0.907,4,4,4,25.59,,4,3.2,3.4,2.8,3.3,375.87,0.549,54.9,0.881,7717.6,60.6,33.4,24.6,26.9,20.7,12.5,4713.75,1649.81,82.48,25.75,77.84,30020.79,v1.0,42,synthetic
HP-175,SVP Sharavathi Hydro Project Unit-175,Medium Hydro,run-of-river,Bihar,Kaimur,Alaknanda,Ganga Basin,Hilly,Greenfield,Himalayan Sub-tropical,1270.1,29.19,2,14.595,2022,40,229.6,214.7,14.618,2.686,21.359,238.85,470.0,0.3,Barrage/Weir,5.4,38.6,0.03,10.33,9.36,643.3,3.2,Semi-underground,437.4,617843.2,Francis,0.922,0.962,0.887,2,2,2,18.89,292.2,2,3.5,2.6,4.1,3.7,152.03,0.591,59.1,0.863,7559.9,48.5,26.7,21.0,19.5,16.4,12.4,5581.65,1953.58,77.27,17.26,103.95,21166.26,v1.0,42,synthetic
HP-176,Bhabha Hydro Project Unit-176,Medium Hydro,run-of-river,Telangana,Bhadradri Kothagudem,Indravati,Godavari Basin,Hilly,Greenfield,Alpine,2631.3,29.2,3,9.7333,2015,40,372.9,354.2,9.018,1.237,11.969,188.25,170.1,0.8,Trench Intake,5.8,25.6,0.08,12.83,4.46,777.0,6.28,Surface,288.4,593395.2,Pelton,0.918,0.978,0.898,3,3,3,12.6,156.0,3,2.3,2.3,1.5,3.2,125.63,0.496,49.6,0.864,7568.6,43.9,28.4,18.7,19.5,13.2,10.2,6367.37,2228.58,74.17,25.81,219.07,20321.75,v1.0,42,synthetic
HP-177,Bassu Hydro Project Unit-177,Medium Hydro,run-of-river,Telangana,Bhadradri Kothagudem,Godavari,Godavari Basin,Mountainous,Greenfield,Tropical,569.8,68.98,3,22.9933,2002,50,87.6,81.8,94.111,15.568,134.64,1770.72,1158.2,1.1,Concrete Gravity,23.3,130.9,,17.37,7.13,287.8,3.95,Semi-underground,1142.3,2000723.4,Francis,0.927,0.977,0.906,3,3,3,29.76,115.4,3,2.9,4.1,2.6,2.0,251.97,0.417,41.7,0.917,8032.9,57.2,32.3,25.0,21.9,19.8,15.9,4756.11,1664.64,81.41,17.2,40.13,29004.4,v1.0,42,synthetic
HP-178,Idukki Hydro Project Unit-178,Medium Hydro,run-of-river,Uttarakhand,Rudraprayag,Kosi,Ganga Basin,Mountainous,Greenfield,Alpine,3013.5,98.96,4,24.74,2015,35,225.4,215.4,52.209,8.774,69.555,1329.5,768.3,0.7,Barrage/Weir,25.5,141.0,0.07,7.26,10.13,866.7,5.6,Semi-underground,848.1,2906416.5,Francis,0.942,0.971,0.915,4,4,4,32.02,28.7,4,2.3,3.4,1.8,1.7,511.68,0.585,58.5,0.88,7708.8,54.1,31.6,21.5,20.6,18.0,11.4,2848.5,996.98,78.41,22.39,78.46,29369.61,v1.0,42,synthetic
HP-179,Bassu Hydro Project Unit-179,Medium Hydro,run-of-river,Uttar Pradesh,Sonbhadra,Yamuna,Ganga Basin,Hilly,Greenfield,Alpine,3040.5,33.57,2,16.785,2020,35,203.3,196.9,18.813,3.643,24.616,449.75,594.4,0.2,Barrage/Weir,33.6,215.7,0.02,7.4,8.45,237.8,2.85,Surface,296.0,745953.2,Francis,0.945,0.964,0.911,2,2,2,21.72,269.2,2,3.1,2.9,2.0,4.3,176.92,0.595,59.5,0.899,7875.2,45.8,26.1,20.3,17.0,13.9,12.8,4703.79,1646.33,75.95,15.8,43.21,22220.83,v1.0,42,synthetic
HP-180,Indirasagar Hydro Project Unit-180,Medium Hydro,storage,Meghalaya,West Khasi Hills,Dibang,Brahmaputra Basin,Plain,Refurbishment,Tropical,144.0,74.8,3,24.9333,2004,40,480.8,463.6,17.416,2.648,20.918,423.09,1007.4,8.0,Earthfill,161.4,730.2,0.44,16.91,5.31,881.3,6.37,Semi-underground,880.8,2268442.1,Pelton,0.924,0.979,0.905,3,3,3,32.27,182.5,3,3.1,4.7,3.3,1.3,393.31,0.595,59.5,0.905,7927.8,65.7,40.4,26.0,23.8,18.7,16.7,5655.76,1979.51,84.02,17.01,111.07,30326.77,v1.0,42,synthetic
HP-181,Rongtong Hydro Project Unit-181,Medium Hydro,storage,West Bengal,Kalimpong,Mandakini,Ganga Basin,Hilly,Greenfield,Alpine,2598.4,46.24,2,23.12,2002,50,48.4,44.7,121.069,19.659,165.068,3360.31,628.9,40.7,Rockfill,201.8,654.1,6.78,13.03,4.8,1049.2,7.25,Surface,817.3,1112829.9,Kaplan,0.947,0.962,0.911,2,2,2,29.92,184.0,2,3.9,4.2,3.8,3.8,177.4,0.434,43.4,0.886,7761.4,58.5,37.1,25.1,21.2,16.0,17.0,7278.85,2547.6,73.7,18.88,215.83,24066.39,v1.0,42,synthetic
HP-182,Tidong Hydro Project Unit-182,Medium Hydro,run-of-river,Madhya Pradesh,Khandwa,Wainganga,Godavari Basin,Plain,Refurbishment,Alpine,2668.5,98.01,4,24.5025,2013,35,519.1,493.4,21.773,2.87,27.163,438.47,866.5,0.3,Barrage/Weir,23.9,165.4,0.03,18.86,8.39,423.2,5.26,Surface,983.8,3031100.0,Pelton,0.914,0.963,0.88,4,4,4,31.71,201.2,4,2.8,3.6,3.4,1.4,344.56,0.399,39.9,0.894,7831.4,41.0,24.4,16.9,14.5,11.2,11.9,4137.03,1447.96,82.66,27.95,47.92,30926.44,v1.0,42,synthetic
HP-183,Sutlej Hydro Project Unit-183,Medium Hydro,storage,Telangana,Nalgonda,Godavari,Godavari Basin,Hilly,Greenfield,Tropical,539.7,59.43,3,19.81,2005,35,79.5,73.8,86.022,9.468,123.754,2029.84,609.5,32.0,RCC,170.6,650.6,3.11,20.17,9.66,338.8,2.55,Underground,867.5,1778139.7,Francis,0.935,0.976,0.913,3,3,3,25.64,46.7,3,2.3,1.9,2.5,2.5,197.18,0.381,38.1,0.907,7945.3,52.6,32.1,21.2,19.9,17.2,11.7,7274.64,2546.12,86.34,25.04,39.03,29919.9,v1.0,42,synthetic
HP-184,Tidong Hydro Project Unit-184,Medium Hydro,run-of-river,Ladakh,Kargil,Sutlej,Indus Basin,Plain,Refurbishment,Himalayan Sub-tropical,1451.8,73.89,3,24.63,2006,40,128.2,119.9,66.282,9.232,91.144,2006.39,408.3,1.6,Concrete Gravity,19.6,145.3,0.16,10.47,9.23,1006.7,5.61,Semi-underground,874.2,2262370.3,Francis,0.918,0.961,0.882,3,3,3,31.87,,3,3.8,4.5,4.2,2.8,286.16,0.441,44.1,0.897,7857.7,58.6,37.8,23.6,21.1,15.3,16.5,3700.75,1295.26,84.98,29.21,112.97,30618.08,v1.0,42,synthetic
HP-185,Sardar Sarovar Hydro Project Unit-185,Medium Hydro,storage,Goa,North Goa,Kalinadi,West Flowing Rivers,Mountainous,Greenfield,Himalayan Sub-tropical,1841.1,41.03,3,13.6767,2009,50,148.2,142.1,32.703,6.365,47.165,931.08,710.0,33.0,Earthfill,100.4,363.5,2.63,18.05,7.49,1189.8,4.61,Underground,514.0,1081218.5,Francis,0.934,0.968,0.904,3,3,3,17.7,33.1,3,1.7,2.3,1.3,1.4,135.73,0.381,38.1,0.902,7901.5,67.2,37.2,27.1,25.5,19.1,13.5,7958.07,2785.33,83.63,23.95,181.33,26351.9,v1.0,42,synthetic
HP-186,Lata Tapovan Hydro Project Unit-186,Medium Hydro,run-of-river,Jammu & Kashmir,Kishtwar,Jhelum,Indus Basin,Mountainous,Greenfield,Alpine,2713.5,47.38,4,11.845,2003,35,154.2,143.2,39.279,7.311,55.669,787.57,151.2,1.5,Trench Intake,29.5,167.8,0.15,2.1,8.82,205.1,6.92,Underground,431.5,1200129.7,Francis,0.948,0.952,0.902,4,4,4,15.33,222.0,4,3.4,2.6,3.5,4.1,169.88,0.413,41.3,0.901,7892.8,59.0,36.9,25.9,26.2,17.2,14.4,2743.17,960.11,77.06,17.38,55.21,25329.88,v1.0,42,synthetic
HP-187,Tehri Hydro Project Unit-187,Medium Hydro,run-of-river,Andhra Pradesh,Kurnool,Pranahita,Godavari Basin,Plain,Greenfield,Alpine,2254.4,66.89,2,33.445,2015,35,148.4,139.0,53.584,7.971,69.774,1670.22,925.8,1.1,Trench Intake,27.8,126.7,0.11,11.08,5.08,679.7,7.07,Underground,1148.3,1765452.7,Francis,0.925,0.964,0.892,2,2,2,43.28,112.8,2,2.7,3.5,2.0,2.7,319.94,0.545,54.5,0.946,8287.0,40.7,24.3,14.7,12.9,10.2,10.0,3767.78,1318.72,74.48,19.62,104.83,26393.37,v1.0,42,synthetic
HP-188,Ghanvi Hydro Project Unit-188,Medium Hydro,run-of-river,West Bengal,Kalimpong,Teesta,Ganga Basin,Mountainous,Refurbishment,Tropical,403.2,50.03,4,12.5075,2012,50,513.3,492.9,11.345,1.448,15.681,290.22,175.6,0.2,Barrage/Weir,33.8,138.5,0.02,3.06,4.25,429.5,2.83,Underground,538.1,1403519.8,Pelton,0.945,0.971,0.918,4,4,4,16.19,58.3,4,2.5,2.8,2.7,2.0,217.13,0.499,49.9,0.875,7665.0,54.0,33.5,20.5,16.2,14.5,15.7,3120.69,1092.24,84.15,25.56,50.19,28053.56,v1.0,42,synthetic
HP-189,Chutak Hydro Project Unit-189,Medium Hydro,run-of-river,Maharashtra,Satara,Indravati,Godavari Basin,Hilly,Greenfield,Alpine,3120.5,60.6,2,30.3,2005,50,427.7,414.7,16.5,1.652,24.122,407.71,102.0,0.1,Concrete Gravity,34.7,249.0,,12.51,5.17,303.9,2.97,Surface,972.0,1620154.5,Pelton,0.923,0.965,0.891,2,2,2,39.21,113.6,2,3.2,2.7,3.2,3.6,306.14,0.579,57.9,0.887,7770.1,51.2,31.6,22.3,21.8,15.3,11.6,4329.05,1515.17,76.84,20.66,37.08,26735.22,v1.0,42,synthetic
HP-190,Luhri Hydro Project Unit-190,Medium Hydro,run-of-river,Madhya Pradesh,Hoshangabad,Wainganga,Godavari Basin,Mountainous,Greenfield,Alpine,3092.9,80.83,4,20.2075,2021,50,498.6,472.4,18.64,2.359,26.165,607.11,499.7,0.9,Trench Intake,14.3,45.8,0.09,12.4,6.4,793.0,4.67,Surface,1104.7,2227700.2,Pelton,0.942,0.96,0.904,4,4,4,26.15,24.5,4,2.5,1.9,1.2,4.5,358.78,0.506,50.6,0.886,7761.4,41.0,24.5,14.6,14.1,12.1,9.1,3527.31,1234.56,75.48,22.81,73.85,27560.31,v1.0,42,synthetic
HP-191,Srisailam Hydro Project Unit-191,Medium Hydro,storage,Karnataka,Shivamogga,Tungabhadra,Krishna Basin,Hilly,Refurbishment,Himalayan Sub-tropical,1914.2,35.7,2,17.85,2009,35,56.4,52.1,79.025,10.955,104.292,2598.04,1077.0,46.2,Rockfill,72.9,293.4,8.38,18.09,4.97,956.0,3.75,Surface,483.5,839665.7,Francis,0.922,0.953,0.879,2,2,2,23.1,188.4,2,3.4,3.4,3.5,3.2,151.47,0.485,48.5,0.872,7638.7,49.4,31.8,20.8,18.3,14.5,12.0,8252.75,2888.46,78.41,25.99,140.11,23520.05,v1.0,42,synthetic
HP-192,Parbati Hydro Project Unit-192,Medium Hydro,storage,Arunachal Pradesh,East Siang,Dibang,Brahmaputra Basin,Mountainous,Greenfield,Alpine,2441.5,71.57,3,23.8567,2004,40,381.7,361.4,21.833,4.016,26.754,455.88,1184.1,7.1,Concrete Gravity,196.2,878.8,1.09,19.29,4.85,763.8,5.05,Semi-underground,610.5,2110022.2,Pelton,0.918,0.954,0.876,3,3,3,30.87,26.1,3,3.0,3.9,3.0,2.1,286.71,0.452,45.2,0.888,7778.9,51.9,31.1,21.7,16.5,13.0,13.5,6396.3,2238.71,82.25,26.96,85.24,29481.94,v1.0,42,synthetic
HP-193,Koyna Hydro Project Unit-193,Medium Hydro,storage,West Bengal,Darjeeling,Yamuna,Ganga Basin,Mountainous,Refurbishment,Alpine,2763.9,88.13,4,22.0325,2003,40,114.6,111.0,92.651,11.495,125.399,2687.44,280.4,25.1,Rockfill,166.8,976.9,3.11,15.35,6.74,882.5,3.04,Surface,1422.0,2410189.1,Francis,0.916,0.959,0.878,4,4,4,28.51,60.6,4,2.6,1.9,2.6,3.3,419.42,0.538,53.8,0.9,7884.0,57.9,32.7,25.4,21.4,14.5,12.5,4728.25,1654.89,74.04,22.03,55.04,27348.11,v1.0,42,synthetic
HP-194,Sardar Sarovar Hydro Project Unit-194,Medium Hydro,run-of-river,Himachal Pradesh,Lahaul & Spiti,Indus,Indus Basin,Mountainous,Refurbishment,Alpine,2962.8,59.46,2,29.73,2020,40,232.0,219.6,30.176,5.816,43.231,775.83,198.8,0.7,Concrete Gravity,15.4,93.7,0.07,10.08,4.31,1044.6,3.3,Underground,871.2,1758736.5,Francis,0.93,0.97,0.902,2,2,2,38.47,41.2,2,2.9,2.6,2.1,3.9,212.11,0.405,40.5,0.939,8225.6,46.5,30.1,20.6,14.4,12.8,9.5,3984.18,1394.46,85.34,27.25,90.9,29578.48,v1.0,42,synthetic
HP-195,Idukki Hydro Project Unit-195,Medium Hydro,storage,Telangana,Nalgonda,Indravati,Godavari Basin,Mountainous,Greenfield,Tropical,723.7,61.83,2,30.915,2013,50,452.4,434.5,15.998,2.67,20.174,497.45,1077.3,19.3,Earthfill,148.0,817.8,1.95,15.65,10.7,914.7,5.14,Underground,1009.3,1627565.3,Pelton,0.933,0.964,0.899,2,2,2,40.01,29.7,2,3.1,2.7,3.5,3.2,258.92,0.483,48.3,0.894,7831.4,49.7,31.2,18.9,15.8,13.6,12.9,5851.45,2048.01,75.36,15.83,110.09,26323.23,v1.0,42,synthetic
HP-196,Budhil Hydro Project Unit-196,Medium Hydro,storage,Karnataka,Chikmagalur,Krishna,Krishna Basin,Plain,Refurbishment,Himalayan Sub-tropical,1337.6,43.1,2,21.55,2017,50,494.8,465.5,10.423,1.723,12.609,247.46,280.6,44.6,Concrete Gravity,66.5,293.6,7.14,20.48,8.64,1072.2,3.68,Underground,692.0,1027558.7,Pelton,0.933,0.968,0.903,2,2,2,27.89,17.6,2,3.7,4.3,4.2,2.5,212.26,0.557,55.7,0.944,8269.4,52.8,29.7,22.3,16.7,15.8,11.7,7540.14,2639.05,74.51,19.55,128.48,23841.27,v1.0,42,synthetic
HP-197,Nimo Bazgo Hydro Project Unit-197,Medium Hydro,run-of-river,Ladakh,Kargil,Jhelum,Indus Basin,Plain,Refurbishment,Tropical,261.6,76.27,3,25.4233,2022,35,259.2,245.9,35.44,6.723,52.974,805.4,272.7,0.9,Barrage/Weir,12.1,41.9,0.09,2.2,6.89,940.2,6.54,Semi-underground,1043.4,2077066.5,Francis,0.95,0.95,0.902,3,3,3,32.9,73.9,3,3.2,3.9,4.2,1.6,261.54,0.39,39.0,0.891,7805.2,42.8,24.8,17.6,15.9,11.2,8.9,2264.19,792.46,75.22,17.08,115.55,27233.07,v1.0,42,synthetic
HP-198,Kargil Hydro Project Unit-198,Medium Hydro,run-of-river,Sikkim,West Sikkim,Dibang,Brahmaputra Basin,Mountainous,Greenfield,Tropical,267.4,43.32,3,14.44,2022,50,288.0,278.2,17.388,2.645,22.456,456.1,191.2,1.5,Barrage/Weir,6.1,25.5,0.15,10.81,9.35,1150.7,2.61,Underground,463.7,1090041.4,Pelton,0.934,0.959,0.896,3,3,3,18.69,228.5,3,3.4,4.7,1.4,4.2,177.94,0.472,47.2,0.9,7884.0,45.6,28.1,18.4,18.2,11.5,12.6,4542.73,1589.96,78.51,15.93,102.82,25162.54,v1.0,42,synthetic
HP-199,Vishnugad Pipalkoti Hydro Project Unit-199,Medium Hydro,storage,Goa,North Goa,Kalinadi,West Flowing Rivers,Hilly,Greenfield,Himalayan Sub-tropical,1815.2,83.7,4,20.925,2021,40,477.8,441.1,21.415,3.359,29.032,403.54,488.5,37.8,RCC,65.1,166.2,6.42,21.02,4.6,412.4,5.21,Surface,1147.6,2563409.4,Pelton,0.912,0.958,0.874,4,4,4,27.08,169.9,4,2.7,2.4,2.1,3.5,335.56,0.454,45.4,0.919,8050.4,61.6,36.6,21.7,18.6,15.6,14.5,5064.92,1772.72,83.48,16.85,51.67,30626.16,v1.0,42,synthetic
HP-200,Srisailam Hydro Project Unit-200,Medium Hydro,run-of-river,Maharashtra,Nashik,Indravati,Godavari Basin,Hilly,Greenfield,Himalayan Sub-tropical,2054.0,44.47,2,22.235,2019,50,65.3,63.0,82.605,15.369,113.497,1368.09,875.0,0.2,Concrete Gravity,34.8,274.1,0.02,2.32,9.91,1041.9,5.2,Underground,622.8,1116973.1,Francis,0.924,0.952,0.88,2,2,2,28.77,,2,2.7,3.0,3.1,2.1,225.54,0.577,57.7,0.897,7857.7,59.8,33.7,22.9,25.0,17.0,14.4,2935.48,1027.42,77.77,19.89,165.64,25117.45,v1.0,42,synthetic
HP-201,Malana Hydro Project Unit-201,Small Hydro,run-of-river,Madhya Pradesh,Khandwa,Godavari,Godavari Basin,Plain,Refurbishment,Alpine,3013.8,6.84,3,2.28,2018,35,169.4,163.0,4.669,0.913,6.946,161.29,700.2,2.0,Concrete Gravity,9.1,46.3,0.2,2.93,4.12,301.7,1.29,Surface,151.1,98406.3,Francis,0.931,0.963,0.897,3,3,3,2.95,131.5,3,3.0,2.4,4.3,2.3,33.75,0.564,56.4,0.893,7822.7,33.0,18.5,12.3,13.5,11.2,7.8,1438.68,503.54,77.47,18.32,25.82,14386.89,v1.0,42,synthetic
HP-202,Nimo Bazgo Hydro Project Unit-202,Small Hydro,run-of-river,Telangana,Bhadradri Kothagudem,Indravati,Godavari Basin,Plain,Refurbishment,Alpine,2567.2,15.39,3,5.13,2010,35,34.2,32.5,51.681,8.438,73.997,1694.88,1057.9,0.1,Barrage/Weir,7.4,50.5,0.01,2.85,3.17,122.4,2.77,Surface,423.3,192042.9,Kaplan,0.911,0.955,0.87,3,3,3,6.64,224.8,3,2.6,1.7,3.1,3.1,55.07,0.411,41.1,0.923,8085.5,27.5,16.1,11.9,9.6,8.5,5.8,1247.84,436.74,63.72,16.78,21.24,12478.42,v1.0,42,synthetic
HP-203,Nathpa Jhakri Hydro Project Unit-203,Small Hydro,storage,Jammu & Kashmir,Reasi,Indus,Indus Basin,Plain,Greenfield,Tropical,572.0,18.57,2,9.285,2018,50,101.9,95.5,21.863,3.298,30.093,735.57,161.4,16.3,Rockfill,17.2,74.2,2.1,2.03,4.32,199.8,1.89,Surface,489.5,227551.3,Francis,0.948,0.951,0.902,2,2,2,12.02,,2,4.3,4.6,4.5,3.8,95.79,0.591,59.1,0.888,7778.9,26.0,15.0,10.4,8.7,6.9,7.6,1225.37,428.88,62.01,14.99,20.67,12253.7,v1.0,42,synthetic
HP-204,Malana Hydro Project Unit-204,Small Hydro,storage,Tamil Nadu,Central District,Bhavani,Cauvery Basin,Plain,Greenfield,Tropical,120.7,22.67,2,11.335,2011,35,81.2,74.9,33.938,3.822,45.346,1124.64,873.7,46.1,Concrete Gravity,35.0,140.5,4.12,3.46,4.48,387.3,1.41,Surface,460.3,264834.3,Francis,0.913,0.974,0.889,2,2,2,14.67,,2,3.1,3.9,2.4,3.0,100.39,0.503,50.3,0.93,8146.8,27.8,17.9,10.9,12.2,9.2,6.4,1168.21,408.88,58.63,17.27,19.54,11682.15,v1.0,42,synthetic
HP-205,Nimo Bazgo Hydro Project Unit-205,Small Hydro,run-of-river,West Bengal,Darjeeling,Gandak,Ganga Basin,Hilly,Refurbishment,Alpine,2623.0,6.48,3,2.16,2009,35,61.7,57.1,12.654,2.214,15.197,215.63,691.4,0.5,Barrage/Weir,2.5,16.1,0.05,2.45,3.58,178.6,1.83,Surface,148.8,98541.2,Francis,0.948,0.976,0.925,3,3,3,2.8,125.4,3,4.1,4.3,4.4,3.6,29.54,0.523,52.3,0.909,7962.8,26.6,17.2,11.7,11.0,7.8,6.5,1520.69,532.24,82.24,24.21,27.41,15206.98,v1.0,42,synthetic
HP-206,Singoli Bhatwari Hydro Project Unit-206,Small Hydro,run-of-river,Jammu & Kashmir,Anantnag,Chenab,Indus Basin,Mountainous,Refurbishment,Himalayan Sub-tropical,1673.2,17.74,3,5.9133,2001,50,196.4,187.9,10.624,1.532,14.019,350.93,358.6,1.5,Trench Intake,10.3,33.2,0.15,1.79,2.55,447.8,2.16,Surface,473.5,237015.1,Francis,0.914,0.979,0.895,3,3,3,7.65,118.4,3,2.8,3.5,1.7,3.1,72.9,0.471,47.1,0.93,8146.8,28.2,17.7,10.0,8.7,7.6,7.2,1336.05,467.62,67.76,13.77,22.59,13360.49,v1.0,42,synthetic
HP-207,Kishanganga Hydro Project Unit-207,Small Hydro,storage,Gujarat,Narmada,Narmada,Narmada Basin,Hilly,Refurbishment,Alpine,2553.2,21.36,2,10.68,2005,40,85.8,82.2,28.089,3.574,34.749,859.62,803.6,8.3,Rockfill,53.8,148.9,1.04,2.81,3.83,88.5,2.54,Surface,494.0,275406.8,Francis,0.947,0.953,0.902,2,2,2,13.82,120.9,2,3.4,3.4,2.6,4.1,89.76,0.482,48.2,0.927,8120.5,29.5,16.5,13.2,11.4,8.5,7.2,1289.36,451.27,64.86,20.61,21.62,12893.58,v1.0,42,synthetic
HP-208,Vyasi Hydro Project Unit-208,Small Hydro,run-of-river,West Bengal,Darjeeling,Mandakini,Ganga Basin,Mountainous,Greenfield,Himalayan Sub-tropical,1486.0,7.13,3,2.3767,2018,35,166.1,158.4,5.106,0.559,6.386,164.07,613.3,0.6,Barrage/Weir,7.2,51.8,0.06,2.09,4.1,399.4,1.31,Surface,159.7,107431.6,Francis,0.926,0.972,0.9,3,3,3,3.08,,3,3.1,4.3,1.3,3.6,27.77,0.444,44.4,0.879,7700.0,29.9,17.9,13.3,10.0,8.9,7.4,1506.76,527.36,80.87,26.75,26.96,15067.55,v1.0,42,synthetic
HP-209,Chamera Hydro Project Unit-209,Small Hydro,run-of-river,Goa,North Goa,Sharavathi,West Flowing Rivers,Hilly,Refurbishment,Himalayan Sub-tropical,1635.1,6.52,3,2.1733,2004,50,220.4,209.2,3.511,0.701,4.972,113.84,361.8,0.7,Trench Intake,9.3,35.6,0.07,1.16,3.71,417.2,2.91,Surface,134.1,107000.4,Francis,0.934,0.964,0.9,3,3,3,2.81,29.4,3,2.8,2.2,2.4,3.8,23.91,0.419,41.9,0.924,8094.2,27.8,15.8,11.0,12.5,7.0,7.5,1641.1,574.39,88.71,30.09,29.57,16411.1,v1.0,42,synthetic
HP-210,Rampur Hydro Project Unit-210,Small Hydro,run-of-river,Arunachal Pradesh,Lower Subansiri,Kameng,Brahmaputra Basin,Plain,Refurbishment,Himalayan Sub-tropical,1238.6,8.29,3,2.7633,2008,50,142.1,133.2,6.998,1.211,8.985,145.16,167.7,1.6,Concrete Gravity,10.4,51.1,0.16,2.3,4.13,334.0,2.94,Surface,216.0,112999.3,Francis,0.935,0.977,0.913,3,3,3,3.58,214.8,3,1.8,2.2,1.2,2.1,38.32,0.528,52.8,0.873,7647.5,24.0,13.4,10.7,7.7,7.9,5.8,1363.08,477.08,72.34,24.56,24.11,13630.8,v1.0,42,synthetic
HP-211,Malana Hydro Project Unit-211,Small Hydro,run-of-river,Tamil Nadu,Central District,Kabini,Cauvery Basin,Plain,Refurbishment,Alpine,2305.2,21.29,3,7.0967,2017,40,130.2,121.2,19.519,2.802,25.462,317.12,470.5,1.0,Concrete Gravity,6.5,33.3,0.1,2.47,4.19,466.7,1.54,Surface,438.9,263254.9,Francis,0.947,0.98,0.928,3,3,3,9.18,146.5,3,2.2,2.1,2.5,2.0,111.72,0.599,59.9,0.942,8251.9,24.2,14.0,10.0,9.6,7.0,7.2,1236.52,432.78,62.21,15.51,20.74,12365.19,v1.0,42,synthetic
HP-212,Bassu Hydro Project Unit-212,Small Hydro,storage,Maharashtra,Pune,Wainganga,Godavari Basin,Plain,Greenfield,Tropical,218.4,19.17,2,9.585,2019,50,51.0,47.6,42.901,6.09,62.367,721.96,783.1,5.0,Concrete Gravity,53.6,186.1,0.89,2.62,3.84,219.7,2.41,Surface,546.2,218236.5,Francis,0.946,0.955,0.903,2,2,2,12.4,100.2,2,3.7,4.8,3.9,2.5,79.76,0.48,48.0,0.92,8059.2,26.3,16.5,9.6,8.9,7.0,5.4,1138.43,398.45,57.53,17.24,19.18,11384.27,v1.0,42,synthetic
HP-213,Budhil Hydro Project Unit-213,Small Hydro,run-of-river,Kerala,Wayanad,Kabini,Cauvery Basin,Plain,Refurbishment,Tropical,373.3,21.15,2,10.575,2005,50,35.3,33.7,67.378,7.879,81.065,1875.73,579.4,1.8,Barrage/Weir,6.0,38.4,0.18,3.77,4.16,393.9,2.53,Surface,415.8,272000.5,Kaplan,0.925,0.959,0.887,2,2,2,13.69,174.9,2,2.8,2.4,3.3,2.7,78.84,0.428,42.8,0.948,8304.5,29.3,16.4,11.3,10.4,9.6,7.4,1286.06,450.12,64.72,15.59,21.57,12860.54,v1.0,42,synthetic
HP-214,Luhri Hydro Project Unit-214,Small Hydro,storage,Bihar,Kaimur,Mandakini,Ganga Basin,Plain,Refurbishment,Tropical,381.3,9.84,2,4.92,2008,35,124.9,121.0,9.451,1.121,11.738,253.96,478.1,20.1,Concrete Gravity,29.5,84.6,2.09,3.6,2.4,279.7,1.81,Surface,280.9,133897.9,Francis,0.917,0.961,0.881,2,2,2,6.37,,2,3.0,2.0,3.2,3.9,45.25,0.522,52.2,0.923,8085.5,29.7,17.1,12.5,11.6,8.9,7.1,1360.75,476.26,71.35,20.87,23.78,13607.51,v1.0,42,synthetic
HP-215,Chamera Hydro Project Unit-215,Small Hydro,run-of-river,Andhra Pradesh,Kurnool,Wainganga,Godavari Basin,Plain,Greenfield,Alpine,3049.6,13.73,2,6.865,2004,50,93.3,86.0,17.114,3.022,24.652,418.4,240.1,0.1,Barrage/Weir,4.6,17.8,0.01,1.23,2.46,440.3,1.99,Surface,355.1,166137.5,Francis,0.916,0.967,0.886,2,2,2,8.88,183.1,2,2.4,4.1,1.2,1.8,57.09,0.475,47.5,0.879,7700.0,28.5,17.0,10.7,12.5,8.2,6.6,1210.04,423.51,62.17,17.56,20.72,12100.33,v1.0,42,synthetic
HP-216,Chhatru Hydro Project Unit-216,Small Hydro,storage,Sikkim,South Sikkim,Lohit,Brahmaputra Basin,Hilly,Greenfield,Himalayan Sub-tropical,1244.3,2.62,3,0.8733,2016,35,158.5,147.8,1.953,0.222,2.454,38.6,550.7,18.3,RCC,34.2,119.6,1.98,3.29,2.09,482.6,1.96,Surface,45.7,53120.6,Francis,0.937,0.975,0.914,3,3,3,1.13,140.6,3,2.7,3.0,1.5,3.6,13.09,0.573,57.3,0.861,7542.4,30.9,18.2,12.2,11.5,10.7,7.4,2027.52,709.62,118.78,39.12,39.58,20275.04,v1.0,42,synthetic
HP-217,Sawra Kuddu Hydro Project Unit-217,Small Hydro,run-of-river,Jammu & Kashmir,Ganderbal,Indus,Indus Basin,Hilly,Refurbishment,Himalayan Sub-tropical,1748.3,24.25,3,8.0833,2021,35,50.3,47.9,55.481,6.644,80.106,1638.68,573.2,0.2,Trench Intake,2.5,18.3,0.02,1.84,2.13,331.7,1.86,Surface,518.6,287974.9,Francis,0.937,0.973,0.912,3,3,3,10.46,276.4,3,2.0,1.6,2.2,2.3,94.92,0.451,45.1,0.863,7559.9,32.8,19.8,12.8,10.7,10.0,7.0,1187.53,415.63,59.44,15.87,19.81,11875.25,v1.0,42,synthetic
HP-218,Pakal Dul Hydro Project Unit-218,Small Hydro,run-of-river,Tamil Nadu,Central District,Moyar,Cauvery Basin,Hilly,Greenfield,Himalayan Sub-tropical,1283.9,9.48,2,4.74,2010,50,191.1,181.3,6.239,0.784,8.709,202.61,1012.4,0.9,Barrage/Weir,12.3,72.0,0.09,3.98,3.54,306.4,2.63,Surface,240.9,135272.1,Francis,0.912,0.967,0.882,2,2,2,6.13,215.6,2,3.0,2.2,4.7,2.2,41.42,0.5,50.0,0.864,7568.6,26.2,15.2,9.2,8.7,8.6,7.0,1426.92,499.42,75.01,17.09,25.0,14269.21,v1.0,42,synthetic
HP-219,Chhatru Hydro Project Unit-219,Small Hydro,storage,Uttar Pradesh,Sonbhadra,Mandakini,Ganga Basin,Mountainous,Refurbishment,Himalayan Sub-tropical,1574.4,11.64,2,5.82,2010,40,90.1,83.7,16.339,2.449,22.216,310.19,498.6,21.3,Concrete Gravity,43.4,193.8,2.17,0.83,4.46,235.1,1.73,Surface,229.7,153087.0,Francis,0.937,0.951,0.891,2,2,2,7.53,235.5,2,2.6,3.6,1.8,2.5,39.41,0.386,38.6,0.948,8304.5,29.9,17.1,13.2,9.6,9.3,8.5,1315.18,460.31,68.23,23.84,22.74,13151.8,v1.0,42,synthetic
HP-220,Tehri Hydro Project Unit-220,Small Hydro,run-of-river,West Bengal,Kalimpong,Teesta,Ganga Basin,Plain,Refurbishment,Himalayan Sub-tropical,1090.2,19.2,3,6.4,2020,35,171.1,160.1,13.444,2.02,18.281,269.25,514.6,1.5,Trench Intake,12.7,66.6,0.15,3.7,2.44,201.1,2.16,Surface,384.2,254936.7,Francis,0.929,0.955,0.887,3,3,3,8.28,266.2,3,3.5,4.5,2.6,3.5,88.87,0.533,53.3,0.916,8024.2,31.4,20.4,12.9,12.9,10.8,7.3,1327.8,464.73,67.09,17.55,22.36,13277.95,v1.0,42,synthetic
HP-221,Shanan Hydro Project Unit-221,Small Hydro,run-of-river,Gujarat,Narmada,Narmada,Narmada Basin,Hilly,Refurbishment,Alpine,3005.1,10.45,2,5.225,2010,35,83.9,77.6,15.34,1.91,21.184,529.15,966.3,1.9,Concrete Gravity,10.3,72.3,0.19,3.35,4.18,461.7,1.64,Surface,269.9,141171.7,Francis,0.913,0.972,0.887,2,2,2,6.76,,2,3.2,3.8,2.7,3.1,52.48,0.568,56.8,0.946,8287.0,30.4,18.9,12.5,13.6,9.8,7.4,1350.93,472.82,70.56,18.19,23.52,13509.25,v1.0,42,synthetic
HP-222,Sutlej Hydro Project Unit-222,Small Hydro,run-of-river,Tamil Nadu,Central District,Moyar,Cauvery Basin,Plain,Greenfield,Alpine,2338.2,4.37,3,1.4567,2013,50,94.9,87.7,5.364,0.588,7.47,92.1,1084.1,1.0,Barrage/Weir,11.8,55.6,,2.76,2.83,269.2,1.66,Surface,83.6,76531.1,Francis,0.911,0.954,0.869,3,3,3,1.89,53.0,3,2.9,3.2,1.3,4.3,17.41,0.454,45.4,0.924,8094.2,27.7,17.2,11.6,9.0,9.2,5.9,1751.28,612.95,97.94,30.07,32.65,17512.84,v1.0,42,synthetic
HP-223,Allain Duhangan Hydro Project Unit-223,Small Hydro,storage,Sikkim,South Sikkim,Kopili,Brahmaputra Basin,Hilly,Refurbishment,Himalayan Sub-tropical,2095.9,11.29,3,3.7633,2016,40,103.8,95.9,13.399,1.986,18.024,307.58,819.1,5.1,RCC,28.9,94.9,0.47,3.11,3.97,353.0,1.84,Surface,247.1,151560.9,Francis,0.947,0.977,0.925,3,3,3,4.87,224.4,3,4.2,4.3,4.3,4.0,42.33,0.429,42.9,0.92,8059.2,25.2,14.7,9.0,9.7,7.6,6.9,1342.44,469.85,69.77,16.34,23.26,13424.35,v1.0,42,synthetic
HP-224,Shanan Hydro Project Unit-224,Small Hydro,storage,Himachal Pradesh,Mandi,Beas,Indus Basin,Mountainous,Refurbishment,Tropical,383.2,6.06,2,3.03,2002,35,137.8,133.2,5.221,0.826,6.992,135.37,948.6,17.3,Concrete Gravity,23.8,69.2,1.08,0.79,3.36,170.3,2.08,Surface,142.7,89533.8,Francis,0.933,0.976,0.911,2,2,2,3.92,99.6,2,3.4,1.9,4.5,3.9,27.64,0.527,52.7,0.901,7892.8,33.1,20.2,13.2,10.8,10.0,8.3,1477.46,517.11,80.33,25.78,26.78,14774.55,v1.0,42,synthetic
HP-225,Indirasagar Hydro Project Unit-225,Small Hydro,storage,Uttarakhand,Uttarkashi,Yamuna,Ganga Basin,Mountainous,Refurbishment,Tropical,605.7,22.46,2,11.23,2013,50,86.6,80.0,31.872,4.904,39.993,972.22,927.3,12.2,Rockfill,29.4,128.1,0.8,1.2,3.52,319.8,1.48,Surface,389.6,292295.8,Francis,0.941,0.974,0.917,2,2,2,14.53,131.0,2,3.2,4.3,3.5,1.8,106.36,0.537,53.7,0.931,8155.6,27.2,17.5,10.8,11.7,7.6,5.8,1301.41,455.49,65.33,22.68,21.78,13014.06,v1.0,42,synthetic
HP-226,Tehri Hydro Project Unit-226,Small Hydro,run-of-river,West Bengal,Kalimpong,Bhagirathi,Ganga Basin,Mountainous,Refurbishment,Tropical,160.4,16.79,2,8.395,2006,50,183.4,175.2,10.69,1.914,13.872,281.83,279.4,0.5,Concrete Gravity,7.7,33.6,0.05,0.3,2.4,383.6,2.89,Surface,401.2,217724.0,Francis,0.948,0.978,0.927,2,2,2,10.86,181.0,2,3.8,4.1,2.6,4.6,89.79,0.617,61.7,0.913,7997.9,24.7,14.4,10.0,9.0,6.9,6.1,1296.75,453.86,65.94,15.66,21.98,12967.48,v1.0,42,synthetic
HP-227,Koyna Hydro Project Unit-227,Small Hydro,storage,Gujarat,Narmada,Narmada,Narmada Basin,Plain,Refurbishment,Himalayan Sub-tropical,1825.7,9.51,3,3.17,2022,35,48.0,44.7,23.587,4.102,35.078,533.14,938.6,37.9,RCC,23.3,96.4,4.51,1.33,3.69,375.7,1.66,Surface,249.3,122111.6,Kaplan,0.911,0.954,0.869,3,3,3,4.1,164.2,3,2.9,2.9,2.7,3.0,49.32,0.599,59.9,0.906,7936.6,29.2,16.2,11.7,12.3,9.6,7.3,1284.04,449.41,67.49,18.84,22.49,12840.34,v1.0,42,synthetic
HP-228,Pakal Dul Hydro Project Unit-228,Small Hydro,run-of-river,Odisha,Koraput,Wainganga,Godavari Basin,Mountainous,Refurbishment,Himalayan Sub-tropical,1499.0,19.57,2,9.785,2020,40,32.2,30.2,73.506,12.442,106.294,1760.44,74.7,1.2,Barrage/Weir,10.1,50.0,0.12,0.03,2.81,143.2,2.74,Surface,465.1,257378.5,Kaplan,0.941,0.966,0.909,2,2,2,12.66,68.5,2,3.2,3.7,1.9,4.1,93.92,0.552,55.2,0.912,7989.1,25.8,15.0,9.3,9.8,8.9,5.3,1315.17,460.31,66.4,22.18,22.14,13151.69,v1.0,42,synthetic
HP-229,Tehri Hydro Project Unit-229,Small Hydro,run-of-river,Andhra Pradesh,Kurnool,Indravati,Godavari Basin,Hilly,Refurbishment,Tropical,178.8,2.63,2,1.315,2012,35,120.0,114.0,2.613,0.474,3.208,49.86,1100.3,1.5,Barrage/Weir,4.1,16.6,0.15,3.76,3.85,230.5,2.99,Surface,55.8,60894.5,Francis,0.918,0.953,0.875,2,2,2,1.7,,2,3.1,3.2,3.0,3.0,10.97,0.471,47.1,0.898,7866.5,25.2,14.8,9.6,7.8,8.7,6.7,2315.36,810.38,135.59,27.45,45.21,23153.8,v1.0,42,synthetic
HP-230,Koldam Hydro Project Unit-230,Small Hydro,run-of-river,Himachal Pradesh,Kullu,Ravi,Indus Basin,Plain,Greenfield,Tropical,496.6,21.41,2,10.705,2004,50,125.4,121.4,19.232,3.346,24.769,527.98,996.7,0.9,Barrage/Weir,14.2,111.1,0.09,2.97,4.03,156.3,2.78,Surface,356.3,251173.1,Francis,0.916,0.965,0.884,2,2,2,13.85,42.6,2,3.5,2.5,3.5,4.4,107.52,0.568,56.8,0.89,7796.4,24.4,15.5,10.8,7.5,7.0,6.3,1173.16,410.61,59.01,14.64,19.67,11731.58,v1.0,42,synthetic
HP-231,Parbati Hydro Project Unit-231,Small Hydro,storage,Bihar,Kaimur,Gandak,Ganga Basin,Hilly,Refurbishment,Himalayan Sub-tropical,1576.4,21.62,3,7.2067,2004,40,169.2,161.0,15.157,2.24,21.593,483.34,275.7,12.5,RCC,51.2,153.6,1.86,2.97,3.79,198.6,2.31,Surface,405.3,267084.9,Francis,0.92,0.972,0.894,3,3,3,9.33,252.3,3,3.1,2.5,3.8,2.9,117.97,0.617,61.7,0.884,7743.8,27.9,16.4,10.2,11.5,9.3,7.7,1235.36,432.38,62.11,17.24,20.7,12353.6,v1.0,42,synthetic
HP-232,Budhil Hydro Project Unit-232,Small Hydro,run-of-river,West Bengal,Darjeeling,Mandakini,Ganga Basin,Hilly,Refurbishment,Himalayan Sub-tropical,1501.5,13.01,2,6.505,2014,50,76.8,72.8,19.914,3.016,25.912,689.56,264.3,0.7,Trench Intake,12.0,63.4,0.07,0.39,4.14,400.6,1.67,Surface,347.7,178634.8,Francis,0.927,0.951,0.882,2,2,2,8.42,67.6,2,3.1,3.3,1.5,4.6,62.57,0.551,55.1,0.871,7630.0,29.4,17.8,13.1,13.1,10.2,6.4,1373.06,480.57,70.76,15.43,23.59,13730.58,v1.0,42,synthetic
HP-233,Sawra Kuddu Hydro Project Unit-233,Small Hydro,run-of-river,Tamil Nadu,Central District,Bhavani,Cauvery Basin,Plain,Greenfield,Himalayan Sub-tropical,1260.9,10.3,2,5.15,2021,35,164.2,152.2,7.953,1.365,10.834,269.13,537.6,0.5,Barrage/Weir,14.5,112.3,0.05,1.19,4.25,488.2,2.81,Surface,226.8,135990.8,Francis,0.915,0.978,0.895,2,2,2,6.66,30.5,2,2.3,1.5,2.1,3.2,47.05,0.527,52.7,0.946,8287.0,28.9,16.3,12.5,12.0,9.6,8.5,1320.3,462.11,69.02,23.36,23.01,13202.99,v1.0,42,synthetic
HP-234,Sutlej Hydro Project Unit-234,Small Hydro,storage,Andhra Pradesh,Alluri Sitharama Raju,Indravati,Godavari Basin,Plain,Greenfield,Tropical,738.1,18.62,2,9.31,2021,40,193.7,187.8,11.243,1.24,15.612,277.5,809.5,16.3,Concrete Gravity,39.4,182.6,1.19,3.52,3.89,382.4,2.78,Surface,544.5,218416.8,Francis,0.912,0.975,0.889,2,2,2,12.05,,2,2.8,2.3,3.5,2.7,95.43,0.588,58.8,0.904,7919.0,30.3,16.9,12.8,13.5,10.2,6.8,1173.02,410.56,59.36,18.19,19.79,11730.23,v1.0,42,synthetic
HP-235,Singoli Bhatwari Hydro Project Unit-235,Small Hydro,run-of-river,Andhra Pradesh,Alluri Sitharama Raju,Pranahita,Godavari Basin,Mountainous,Greenfield,Tropical,140.1,17.27,3,5.7567,2007,50,131.3,123.5,15.065,2.683,21.28,397.37,1013.0,0.8,Concrete Gravity,13.3,84.3,0.08,0.17,2.27,432.0,2.36,Surface,284.6,219565.4,Francis,0.914,0.979,0.895,3,3,3,7.45,105.4,3,3.1,2.3,3.3,3.7,83.8,0.552,55.2,0.864,7568.6,29.3,17.5,12.8,9.0,8.5,8.2,1271.37,444.98,64.56,20.8,21.52,12713.69,v1.0,42,synthetic
HP-236,Shanan Hydro Project Unit-236,Small Hydro,run-of-river,Bihar,Kaimur,Gandak,Ganga Basin,Mountainous,Refurbishment,Himalayan Sub-tropical,1192.4,21.45,2,10.725,2008,40,199.2,190.0,12.6,2.228,15.727,331.82,1043.0,1.3,Concrete Gravity,7.2,34.1,0.13,3.26,4.11,439.8,1.8,Surface,520.1,270696.0,Francis,0.94,0.975,0.916,2,2,2,13.88,213.1,2,2.7,2.3,4.3,1.6,84.86,0.455,45.5,0.905,7927.8,28.6,16.5,12.0,10.1,9.5,8.3,1261.99,441.7,63.47,18.78,21.16,12619.86,v1.0,42,synthetic
HP-237,Bhabha Hydro Project Unit-237,Small Hydro,run-of-river,Gujarat,Narmada,Narmada,Narmada Basin,Hilly,Greenfield,Alpine,2306.2,17.93,3,5.9767,2008,35,183.2,172.8,12.048,1.33,17.913,375.67,1070.6,0.7,Concrete Gravity,14.6,67.4,0.07,0.9,4.07,183.3,1.48,Surface,535.9,221022.6,Francis,0.911,0.957,0.872,3,3,3,7.73,85.8,3,3.4,3.8,2.0,4.3,65.91,0.415,41.5,0.887,7770.1,34.3,20.5,13.5,13.2,12.0,7.5,1232.7,431.44,62.48,20.1,20.83,12326.97,v1.0,42,synthetic
HP-238,Koteshwar Hydro Project Unit-238,Small Hydro,run-of-river,Sikkim,West Sikkim,Kameng,Brahmaputra Basin,Mountainous,Refurbishment,Tropical,338.8,10.35,2,5.175,2010,50,73.0,68.8,17.856,3.186,24.146,442.29,410.5,1.6,Concrete Gravity,5.0,23.7,0.16,2.81,4.44,424.9,1.6,Surface,197.0,151926.9,Francis,0.943,0.964,0.909,2,2,2,6.7,48.7,2,2.6,2.9,3.4,1.5,44.67,0.488,48.8,0.919,8050.4,29.7,18.4,10.6,10.5,10.3,6.8,1467.89,513.76,76.71,15.59,25.57,14678.93,v1.0,42,synthetic
HP-239,Sawra Kuddu Hydro Project Unit-239,Small Hydro,run-of-river,Meghalaya,Ri-Bhoi,Lohit,Brahmaputra Basin,Mountainous,Greenfield,Himalayan Sub-tropical,1866.6,17.97,3,5.99,2004,50,245.3,230.7,8.803,0.927,12.556,236.66,940.8,0.2,Barrage/Weir,8.9,59.2,0.02,2.93,2.62,332.6,2.57,Surface,317.9,239547.4,Francis,0.917,0.969,0.889,3,3,3,7.75,193.6,3,2.1,3.1,1.6,1.6,95.5,0.608,60.8,0.895,7840.2,32.4,18.3,12.5,10.2,9.3,8.8,1333.04,466.56,67.56,19.33,22.52,13330.41,v1.0,42,synthetic
HP-240,Malana Hydro Project Unit-240,Small Hydro,storage,Kerala,Idukki,Kabini,Cauvery Basin,Hilly,Refurbishment,Tropical,396.0,3.39,2,1.695,2016,35,16.1,15.3,26.345,4.119,38.406,891.82,266.8,31.8,RCC,39.1,231.3,2.05,2.73,2.39,237.2,1.52,Surface,73.3,66380.5,Kaplan,0.944,0.973,0.919,2,2,2,2.19,201.0,2,3.4,3.2,4.2,2.8,17.45,0.593,59.3,0.931,8155.6,35.2,22.7,12.7,14.2,10.9,7.6,1958.11,685.34,112.04,38.11,37.35,19581.27,v1.0,42,synthetic
HP-241,Sardar Sarovar Hydro Project Unit-241,Small Hydro,run-of-river,Maharashtra,Satara,Godavari,Godavari Basin,Hilly,Refurbishment,Tropical,683.9,7.64,3,2.5467,2001,40,28.8,26.5,33.115,5.496,47.235,892.55,1024.9,0.3,Concrete Gravity,6.2,34.9,0.03,2.3,3.33,245.6,2.18,Surface,137.6,110149.3,Kaplan,0.923,0.963,0.889,3,3,3,3.3,167.4,3,3.2,2.2,4.7,2.7,25.87,0.386,38.6,0.869,7612.4,31.3,18.2,14.1,13.0,10.2,8.4,1441.74,504.61,76.98,16.35,25.65,14417.45,v1.0,42,synthetic
HP-242,Ratle Hydro Project Unit-242,Small Hydro,run-of-river,Assam,Dima Hasao,Dibang,Brahmaputra Basin,Hilly,Refurbishment,Alpine,3089.0,24.14,2,12.07,2021,40,188.6,178.0,15.381,2.614,22.659,271.24,1142.5,1.8,Concrete Gravity,6.2,40.7,0.18,1.98,3.43,337.5,1.28,Surface,500.2,309962.9,Francis,0.946,0.953,0.902,2,2,2,15.62,199.5,2,3.5,2.5,4.5,3.5,88.66,0.422,42.2,0.895,7840.2,35.0,20.7,12.8,13.6,10.9,7.9,1284.02,449.41,64.28,16.04,21.43,12840.22,v1.0,42,synthetic
HP-243,Singoli Bhatwari Hydro Project Unit-243,Small Hydro,run-of-river,Bihar,Kaimur,Kosi,Ganga Basin,Mountainous,Greenfield,Alpine,2631.8,20.86,3,6.9533,2008,50,17.5,16.4,149.668,16.896,210.56,2559.69,181.5,0.4,Trench Intake,2.9,16.5,0.04,0.67,3.85,481.2,2.49,Surface,530.4,250712.2,Kaplan,0.921,0.959,0.883,3,3,3,9.0,224.1,3,3.5,4.3,2.2,3.9,79.04,0.429,42.9,0.868,7603.7,26.4,15.9,9.3,9.8,6.9,5.4,1201.88,420.66,60.52,20.14,20.17,12018.8,v1.0,42,synthetic
HP-244,Luhri Hydro Project Unit-244,Small Hydro,run-of-river,Assam,Dima Hasao,Kopili,Brahmaputra Basin,Plain,Greenfield,Alpine,3040.6,18.6,3,6.2,2008,35,97.3,93.4,21.93,2.529,28.236,372.2,261.6,0.5,Concrete Gravity,11.4,35.6,0.05,1.76,4.11,332.7,1.72,Surface,323.9,212643.8,Francis,0.932,0.96,0.895,3,3,3,8.02,,3,2.1,1.9,1.4,3.1,89.27,0.554,55.4,0.889,7787.6,34.8,21.5,12.2,10.5,8.9,8.3,1143.25,400.13,57.85,17.82,19.28,11432.46,v1.0,42,synthetic
HP-245,Nagarjunasagar Hydro Project Unit-245,Small Hydro,run-of-river,Jammu & Kashmir,Baramulla,Jhelum,Indus Basin,Mountainous,Greenfield,Alpine,2216.9,17.7,3,5.9,2011,50,121.9,112.6,18.067,2.457,22.463,502.67,250.5,1.9,Trench Intake,13.5,65.3,0.19,0.08,4.01,140.5,2.03,Surface,454.2,236252.5,Francis,0.932,0.957,0.892,3,3,3,7.64,271.1,3,3.2,2.8,4.3,2.5,74.32,0.48,48.0,0.926,8111.8,28.7,16.8,11.0,10.3,9.3,6.3,1334.76,467.16,67.7,17.82,22.56,13347.6,v1.0,42,synthetic
HP-246,Luhri Hydro Project Unit-246,Small Hydro,run-of-river,Bihar,Kaimur,Mandakini,Ganga Basin,Hilly,Refurbishment,Himalayan Sub-tropical,1031.0,11.0,3,3.6667,2001,35,66.0,62.2,20.105,3.051,25.214,485.53,848.1,0.8,Concrete Gravity,4.2,33.3,,2.72,3.92,349.3,2.24,Surface,297.1,147511.2,Francis,0.916,0.959,0.878,3,3,3,4.75,99.2,3,3.4,2.3,3.9,3.9,54.42,0.563,56.3,0.908,7954.1,24.4,13.7,8.7,7.4,8.3,7.0,1341.01,469.35,69.81,20.35,23.27,13410.11,v1.0,42,synthetic
HP-247,Bassu Hydro Project Unit-247,Small Hydro,run-of-river,Uttar Pradesh,Sonbhadra,Mandakini,Ganga Basin,Mountainous,Refurbishment,Tropical,414.6,9.75,2,4.875,2004,35,112.6,106.2,9.961,1.546,13.356,342.4,843.5,1.8,Barrage/Weir,10.6,39.6,0.18,1.78,3.89,137.0,1.89,Surface,201.7,136062.4,Francis,0.917,0.951,0.872,2,2,2,6.31,288.9,2,4.2,3.8,4.2,4.5,51.36,0.595,59.5,0.947,8295.7,30.8,19.7,13.8,13.3,7.9,6.6,1395.51,488.43,73.22,16.65,24.41,13955.12,v1.0,42,synthetic
HP-248,Teesta Hydro Project Unit-248,Small Hydro,storage,Odisha,Rayagada,Pranahita,Godavari Basin,Mountainous,Greenfield,Himalayan Sub-tropical,1232.2,16.24,3,5.4133,2006,50,80.9,76.4,23.159,4.414,28.152,469.82,402.6,23.5,Earthfill,30.2,104.3,4.68,2.63,3.65,219.8,1.26,Surface,456.0,203803.6,Francis,0.947,0.95,0.9,3,3,3,7.01,204.8,3,2.6,3.4,2.3,2.0,77.59,0.547,54.7,0.884,7743.8,28.4,17.1,12.8,10.3,9.1,6.1,1254.95,439.23,63.92,16.51,21.31,12549.48,v1.0,42,synthetic
HP-249,Teesta Hydro Project Unit-249,Small Hydro,run-of-river,Punjab,Pathankot,Jhelum,Indus Basin,Hilly,Greenfield,Tropical,649.0,20.57,2,10.285,2004,50,203.3,189.3,11.479,1.163,16.554,370.0,760.1,0.4,Concrete Gravity,14.6,114.5,,2.52,2.83,359.3,2.3,Surface,325.9,235390.5,Francis,0.916,0.978,0.896,2,2,2,13.31,157.2,2,3.4,4.6,1.9,3.7,98.72,0.545,54.5,0.879,7700.0,28.6,17.5,10.6,12.1,9.2,7.1,1144.34,400.52,57.66,15.27,19.22,11443.39,v1.0,42,synthetic
HP-250,Sawra Kuddu Hydro Project Unit-250,Small Hydro,run-of-river,Ladakh,Leh,Ravi,Indus Basin,Plain,Greenfield,Alpine,2278.9,15.18,2,7.59,2006,35,214.4,199.9,8.598,1.579,11.083,202.65,786.7,0.5,Trench Intake,12.7,84.8,0.05,2.12,3.64,486.6,1.65,Surface,399.5,203084.8,Francis,0.913,0.952,0.869,2,2,2,9.82,149.3,2,3.3,2.6,3.9,3.4,73.99,0.563,56.3,0.924,8094.2,32.9,18.4,13.4,14.4,9.4,8.8,1337.85,468.25,68.37,14.49,22.79,13378.45,v1.0,42,synthetic
HP-251,Rampur Hydro Project Unit-251,Small Hydro,run-of-river,Jammu & Kashmir,Anantnag,Ravi,Indus Basin,Hilly,Refurbishment,Himalayan Sub-tropical,1370.2,7.22,3,2.4067,2010,40,124.0,114.7,6.897,1.207,9.145,111.95,210.3,0.7,Concrete Gravity,3.9,18.8,0.07,1.74,4.04,460.3,1.47,Surface,210.8,106693.4,Francis,0.919,0.95,0.873,3,3,3,3.11,51.0,3,2.4,3.1,2.2,2.0,36.42,0.579,57.9,0.937,8208.1,26.3,16.1,10.5,9.6,8.8,6.5,1477.74,517.22,79.24,17.73,26.41,14777.48,v1.0,42,synthetic
HP-252,Sanjay Hydro Project Unit-252,Small Hydro,run-of-river,Jammu & Kashmir,Baramulla,Beas,Indus Basin,Plain,Greenfield,Himalayan Sub-tropical,1149.6,2.3,3,0.7667,2021,50,115.8,111.6,2.33,0.402,3.36,74.84,475.0,1.9,Barrage/Weir,2.2,10.7,0.19,0.98,4.36,369.1,2.84,Surface,65.6,55764.7,Francis,0.935,0.977,0.913,3,3,3,0.99,,3,2.6,3.1,2.2,2.5,12.09,0.596,59.6,0.947,8295.7,30.9,19.8,13.0,12.1,10.2,6.9,2424.57,848.61,143.7,43.78,47.91,24245.52,v1.0,42,synthetic
HP-253,Malana Hydro Project Unit-253,Small Hydro,storage,Tamil Nadu,Central District,Moyar,Cauvery Basin,Mountainous,Greenfield,Himalayan Sub-tropical,1493.4,22.62,2,11.31,2008,50,48.6,45.1,56.84,9.282,73.788,1783.37,604.9,9.0,Rockfill,58.1,243.8,0.87,3.53,2.5,420.5,1.54,Surface,652.7,274311.5,Francis,0.934,0.959,0.896,2,2,2,14.64,138.8,2,3.1,1.7,4.5,3.1,93.92,0.47,47.0,0.923,8085.5,27.6,15.7,10.5,8.4,8.7,6.7,1212.7,424.44,60.86,14.44,20.29,12126.95,v1.0,42,synthetic
HP-254,Rampur Hydro Project Unit-254,Small Hydro,run-of-river,Andhra Pradesh,Alluri Sitharama Raju,Wainganga,Godavari Basin,Mountainous,Greenfield,Himalayan Sub-tropical,1918.1,18.17,3,6.0567,2000,35,27.3,26.0,76.436,14.002,100.323,1242.07,549.4,0.7,Barrage/Weir,6.2,44.5,0.07,0.14,2.71,317.6,2.22,Surface,513.3,213175.0,Kaplan,0.912,0.972,0.886,3,3,3,7.84,140.1,3,1.6,1.9,1.4,1.5,97.05,0.606,60.6,0.881,7717.6,35.7,20.8,14.0,14.7,10.7,9.1,1173.23,410.63,59.43,16.55,19.81,11732.25,v1.0,42,synthetic
HP-255,Ratle Hydro Project Unit-255,Small Hydro,storage,Andhra Pradesh,Kurnool,Indravati,Godavari Basin,Hilly,Greenfield,Himalayan Sub-tropical,2093.0,16.76,2,8.38,2015,35,24.9,23.2,81.092,9.226,105.082,1873.27,779.5,21.0,Rockfill,37.2,180.2,3.25,2.2,2.1,327.7,1.58,Surface,397.9,199127.8,Kaplan,0.91,0.971,0.884,2,2,2,10.84,,2,3.5,3.4,2.6,4.4,75.17,0.509,50.9,0.942,8251.9,27.4,16.6,11.0,8.9,7.4,7.1,1188.11,415.84,60.42,14.01,20.14,11881.13,v1.0,42,synthetic
HP-256,Lata Tapovan Hydro Project Unit-256,Small Hydro,run-of-river,Himachal Pradesh,Lahaul & Spiti,Indus,Indus Basin,Hilly,Refurbishment,Alpine,2594.4,6.69,2,3.345,2006,50,187.9,179.5,4.041,0.644,5.217,99.18,795.0,0.5,Trench Intake,4.8,15.0,0.05,0.05,4.07,441.4,1.57,Surface,195.4,100843.9,Francis,0.926,0.96,0.889,2,2,2,4.33,25.5,2,3.3,4.7,3.4,1.9,26.48,0.448,44.8,0.949,8313.2,27.0,16.5,11.8,11.6,8.4,7.7,1507.38,527.58,81.32,23.11,27.1,15073.83,v1.0,42,synthetic
HP-257,Pakal Dul Hydro Project Unit-257,Small Hydro,storage,Ladakh,Kargil,Chenab,Indus Basin,Hilly,Refurbishment,Alpine,2488.4,8.41,2,4.205,2009,35,76.7,70.8,13.248,1.596,19.552,395.46,834.1,3.5,Earthfill,22.9,66.3,0.56,1.82,4.22,371.9,1.69,Surface,129.0,117326.9,Francis,0.933,0.952,0.888,2,2,2,5.44,210.0,2,2.8,3.8,2.0,2.7,35.38,0.484,48.4,0.902,7901.5,24.2,15.5,10.1,10.7,8.2,6.6,1395.09,488.28,73.96,15.21,24.65,13950.88,v1.0,42,synthetic
HP-258,Vishnugad Pipalkoti Hydro Project Unit-258,Small Hydro,storage,Himachal Pradesh,Lahaul & Spiti,Sutlej,Indus Basin,Mountainous,Greenfield,Alpine,2318.3,14.8,2,7.4,2009,40,35.8,34.1,47.76,6.559,70.233,1409.34,671.9,17.4,Rockfill,33.3,150.9,1.84,3.93,3.92,142.0,2.41,Surface,419.5,178165.2,Kaplan,0.937,0.962,0.901,2,2,2,9.58,239.8,2,2.8,4.7,1.5,2.2,69.43,0.535,53.5,0.901,7892.8,32.2,20.6,12.4,14.1,11.2,6.9,1203.82,421.34,61.6,20.86,20.53,12038.19,v1.0,42,synthetic
HP-259,Sutlej Hydro Project Unit-259,Small Hydro,storage,West Bengal,Kalimpong,Bhagirathi,Ganga Basin,Hilly,Greenfield,Himalayan Sub-tropical,1883.9,24.68,3,8.2267,2017,50,236.4,220.6,12.631,1.881,16.391,399.08,479.3,47.0,Earthfill,24.9,92.9,5.23,3.01,2.27,349.0,2.02,Surface,679.1,277914.4,Francis,0.946,0.956,0.904,3,3,3,10.65,285.8,3,2.9,1.5,4.1,3.0,85.3,0.397,39.7,0.946,8287.0,28.9,18.3,11.7,9.1,9.6,5.8,1126.07,394.12,56.33,12.48,18.78,11260.71,v1.0,42,synthetic
HP-260,Subansiri Hydro Project Unit-260,Small Hydro,run-of-river,Sikkim,West Sikkim,Kopili,Brahmaputra Basin,Mountainous,Refurbishment,Himalayan Sub-tropical,1262.2,17.98,3,5.9933,2013,50,153.6,145.3,13.316,1.986,16.105,290.5,85.7,1.4,Trench Intake,11.8,80.8,0.14,1.69,3.47,449.9,2.91,Surface,454.4,214825.0,Francis,0.95,0.961,0.913,3,3,3,7.76,182.1,3,3.4,4.7,4.0,1.6,69.36,0.439,43.9,0.935,8190.6,25.1,14.8,9.6,9.8,7.5,5.8,1194.8,418.18,60.56,12.95,20.18,11948.0,v1.0,42,synthetic
HP-261,Ghanvi Hydro Project Unit-261,Small Hydro,run-of-river,Goa,North Goa,Pamba,West Flowing Rivers,Plain,Refurbishment,Alpine,2584.1,6.15,2,3.075,2008,50,42.7,40.3,17.411,3.227,21.101,472.57,540.7,1.4,Barrage/Weir,4.6,25.0,0.14,0.02,3.94,418.9,2.83,Surface,163.5,90980.7,Kaplan,0.912,0.955,0.871,2,2,2,3.98,,2,3.5,2.6,3.7,4.2,29.24,0.548,54.8,0.942,8251.9,25.7,16.0,11.4,9.9,7.6,6.1,1479.37,517.77,80.34,21.43,26.78,14793.61,v1.0,42,synthetic
HP-262,Pakal Dul Hydro Project Unit-262,Small Hydro,run-of-river,Andhra Pradesh,Alluri Sitharama Raju,Wainganga,Godavari Basin,Plain,Refurbishment,Himalayan Sub-tropical,1571.3,3.49,2,1.745,2004,35,20.7,20.0,19.535,3.243,26.641,514.05,599.6,1.9,Concrete Gravity,4.4,22.3,0.19,2.24,2.58,141.9,1.44,Surface,89.1,67102.0,Kaplan,0.91,0.952,0.866,2,2,2,2.26,,2,3.1,4.1,1.6,3.6,18.25,0.591,59.1,0.872,7638.7,34.3,21.6,12.7,12.7,10.2,7.2,1922.69,672.95,109.71,22.09,36.56,19226.93,v1.0,42,synthetic
HP-263,Budhil Hydro Project Unit-263,Small Hydro,storage,Odisha,Koraput,Wainganga,Godavari Basin,Mountainous,Refurbishment,Alpine,3006.6,5.77,3,1.9233,2013,35,191.8,185.6,3.498,0.417,4.96,79.89,567.3,42.1,RCC,48.7,143.5,5.99,3.16,4.22,351.3,2.56,Surface,100.2,84665.6,Francis,0.934,0.959,0.896,3,3,3,2.49,262.6,3,2.8,4.1,2.8,1.4,30.12,0.594,59.4,0.873,7647.5,28.4,16.7,11.3,12.0,9.7,6.5,1467.35,513.57,80.1,17.04,26.71,14673.41,v1.0,42,synthetic
HP-264,Sardar Sarovar Hydro Project Unit-264,Small Hydro,run-of-river,Gujarat,Narmada,Narmada,Narmada Basin,Mountainous,Greenfield,Himalayan Sub-tropical,879.9,4.08,3,1.36,2008,40,154.7,148.3,2.96,0.367,3.722,101.13,270.6,0.7,Concrete Gravity,7.4,32.0,0.07,1.7,3.65,402.7,2.8,Surface,69.7,70530.8,Francis,0.941,0.959,0.902,3,3,3,1.76,165.8,3,3.1,3.8,2.5,3.1,18.69,0.52,52.0,0.876,7673.8,34.5,21.2,12.8,14.4,11.5,7.5,1728.7,605.05,97.25,31.1,32.43,17286.96,v1.0,42,synthetic
HP-265,Sutlej Hydro Project Unit-265,Small Hydro,storage,Uttar Pradesh,Sonbhadra,Bhagirathi,Ganga Basin,Mountainous,Greenfield,Tropical,306.3,24.13,3,8.0433,2015,40,234.7,221.2,11.975,1.701,15.325,411.23,772.3,25.5,Concrete Gravity,36.4,140.3,1.73,0.72,2.9,416.5,1.3,Surface,668.6,299223.7,Francis,0.921,0.966,0.89,3,3,3,10.41,101.8,3,3.6,2.4,4.1,4.4,124.08,0.594,59.4,0.911,7980.4,28.1,17.2,10.6,10.2,7.7,7.4,1240.05,434.02,62.08,14.33,20.7,12400.48,v1.0,42,synthetic
HP-266,Chamera Hydro Project Unit-266,Small Hydro,storage,West Bengal,Darjeeling,Alaknanda,Ganga Basin,Plain,Refurbishment,Alpine,2609.6,4.09,2,2.045,2003,35,213.7,204.9,2.19,0.257,2.773,38.98,324.6,16.8,Earthfill,35.1,116.3,2.98,1.63,3.11,143.2,2.8,Surface,113.5,71980.3,Francis,0.94,0.951,0.894,2,2,2,2.65,217.3,2,3.2,4.0,2.0,3.6,16.55,0.462,46.2,0.862,7551.1,28.7,17.1,10.6,9.2,7.4,8.1,1759.9,615.97,99.0,32.79,33.01,17599.1,v1.0,42,synthetic
HP-267,Teesta Hydro Project Unit-267,Small Hydro,storage,West Bengal,Kalimpong,Teesta,Ganga Basin,Hilly,Greenfield,Himalayan Sub-tropical,1502.0,17.72,2,8.86,2012,50,96.1,91.4,22.071,4.214,27.078,454.48,312.8,19.6,Rockfill,36.5,112.8,3.49,2.58,3.5,420.3,2.72,Surface,526.1,227771.7,Francis,0.925,0.973,0.9,2,2,2,11.47,286.6,2,2.7,1.8,4.6,1.6,61.87,0.399,39.9,0.944,8269.4,27.5,17.5,10.4,12.0,7.5,6.4,1285.4,449.89,65.19,13.53,21.73,12853.93,v1.0,42,synthetic
HP-268,Bassu Hydro Project Unit-268,Small Hydro,run-of-river,Uttarakhand,Tehri Garhwal,Mandakini,Ganga Basin,Hilly,Greenfield,Alpine,2604.0,23.57,2,11.785,2019,50,33.1,30.8,88.774,13.618,127.277,2329.42,474.3,0.4,Concrete Gravity,14.1,59.6,0.04,0.03,4.14,401.9,2.12,Surface,360.9,267721.0,Kaplan,0.93,0.952,0.885,2,2,2,15.25,124.6,2,1.7,1.9,1.4,1.8,119.12,0.58,58.0,0.912,7989.1,26.9,15.3,9.7,9.1,8.4,7.4,1135.85,397.55,56.92,18.74,18.97,11358.55,v1.0,42,synthetic
HP-269,Kargil Hydro Project Unit-269,Small Hydro,run-of-river,West Bengal,Kalimpong,Teesta,Ganga Basin,Plain,Refurbishment,Alpine,2430.1,23.6,3,7.8667,2005,50,216.6,208.7,12.677,2.529,18.414,227.6,1089.8,0.8,Trench Intake,6.9,31.6,0.08,0.79,2.04,262.9,2.35,Surface,406.1,273140.3,Francis,0.945,0.974,0.92,3,3,3,10.18,122.1,3,3.3,4.0,3.6,2.3,89.69,0.434,43.4,0.9,7884.0,29.6,17.7,13.0,10.9,8.6,6.1,1157.37,405.08,57.99,11.74,19.33,11573.74,v1.0,42,synthetic
HP-270,Tehri Hydro Project Unit-270,Small Hydro,storage,Bihar,Kaimur,Bhagirathi,Ganga Basin,Mountainous,Greenfield,Alpine,2995.3,20.8,3,6.9333,2002,40,92.9,88.7,25.358,2.793,36.092,669.3,118.9,26.5,Rockfill,16.1,63.0,4.5,1.84,3.55,199.7,1.29,Surface,473.3,265714.4,Francis,0.915,0.963,0.881,3,3,3,8.97,,3,2.8,3.1,4.0,1.4,95.08,0.516,51.6,0.866,7586.2,35.2,20.7,14.6,12.9,11.3,8.0,1277.47,447.12,64.33,19.9,21.44,12774.73,v1.0,42,synthetic
HP-271,Budhil Hydro Project Unit-271,Small Hydro,run-of-river,Telangana,Bhadradri Kothagudem,Indravati,Godavari Basin,Mountainous,Refurbishment,Alpine,3170.3,6.43,2,3.215,2000,35,53.4,51.7,14.002,1.707,20.647,264.66,823.5,0.3,Concrete Gravity,8.0,60.0,0.03,2.47,4.45,437.2,2.92,Surface,121.3,98571.6,Francis,0.932,0.977,0.911,2,2,2,4.16,242.5,2,3.4,4.2,2.4,3.6,32.81,0.58,58.0,0.913,7997.9,33.7,21.2,12.6,14.2,9.9,7.7,1533.0,536.55,82.95,24.9,27.65,15329.95,v1.0,42,synthetic
HP-272,Koyna Hydro Project Unit-272,Small Hydro,run-of-river,Telangana,Nalgonda,Indravati,Godavari Basin,Hilly,Refurbishment,Himalayan Sub-tropical,1379.2,12.63,3,4.21,2013,50,92.8,89.6,16.129,3.11,19.676,350.14,1072.7,0.9,Trench Intake,4.0,21.5,0.09,0.12,4.34,129.7,1.62,Surface,356.0,159887.7,Francis,0.93,0.979,0.91,3,3,3,5.45,10.6,3,3.4,3.4,2.7,4.2,46.28,0.42,42.0,0.874,7656.2,28.5,15.9,10.2,12.0,7.1,7.2,1265.94,443.08,65.35,19.06,21.78,12659.36,v1.0,42,synthetic
HP-273,Nimo Bazgo Hydro Project Unit-273,Small Hydro,storage,Telangana,Bhadradri Kothagudem,Pranahita,Godavari Basin,Mountainous,Greenfield,Tropical,225.3,17.7,3,5.9,2010,35,24.2,22.8,84.924,15.468,106.807,1612.15,499.5,49.7,Concrete Gravity,27.0,95.0,,0.29,3.53,138.2,2.03,Surface,491.8,213015.7,Kaplan,0.916,0.973,0.891,3,3,3,7.64,213.9,3,2.8,3.2,3.0,2.1,71.43,0.461,46.1,0.875,7665.0,29.4,19.0,11.2,11.7,9.7,7.1,1203.48,421.22,61.04,15.81,20.34,12034.79,v1.0,42,synthetic
HP-274,Koldam Hydro Project Unit-274,Small Hydro,run-of-river,Assam,Dima Hasao,Dibang,Brahmaputra Basin,Hilly,Greenfield,Alpine,2340.6,4.47,3,1.49,2010,50,90.2,86.4,5.765,1.113,8.074,164.17,888.8,0.7,Concrete Gravity,4.7,25.2,0.07,0.14,2.39,160.4,1.32,Surface,69.2,75587.4,Francis,0.944,0.958,0.904,3,3,3,1.93,53.0,3,2.9,2.1,3.0,3.5,17.86,0.458,45.8,0.872,7638.7,35.6,21.1,13.6,15.6,10.9,9.6,1690.98,591.83,94.36,28.9,31.45,16909.93,v1.0,42,synthetic
HP-275,Srisailam Hydro Project Unit-275,Small Hydro,storage,Arunachal Pradesh,Tawang,Dibang,Brahmaputra Basin,Hilly,Refurbishment,Tropical,219.2,22.78,2,11.39,2020,40,182.2,169.4,14.662,2.174,21.22,370.2,292.7,18.0,Rockfill,38.9,218.4,3.58,2.45,3.53,262.7,2.91,Surface,615.2,255764.8,Francis,0.928,0.972,0.902,2,2,2,14.74,,2,3.5,3.3,3.2,3.9,96.06,0.478,47.8,0.916,8024.2,29.7,18.9,13.2,13.0,9.2,6.6,1122.76,392.97,56.33,14.08,18.78,11227.6,v1.0,42,synthetic
HP-276,Idukki Hydro Project Unit-276,Small Hydro,run-of-river,Madhya Pradesh,Hoshangabad,Pranahita,Godavari Basin,Hilly,Greenfield,Alpine,3051.2,2.1,3,0.7,2007,40,15.5,15.0,16.477,2.53,24.219,552.85,68.8,1.8,Concrete Gravity,12.3,76.3,,1.22,3.5,101.5,2.98,Surface,38.2,51583.6,Kaplan,0.936,0.959,0.898,3,3,3,0.91,57.5,3,2.9,1.9,2.1,4.7,9.44,0.511,51.1,0.878,7691.3,25.0,15.4,11.1,7.6,6.6,6.9,2456.38,859.71,146.76,36.57,48.9,24563.62,v1.0,42,synthetic
HP-277,Tidong Hydro Project Unit-277,Small Hydro,run-of-river,Karnataka,Chikmagalur,Bhima,Krishna Basin,Hilly,Greenfield,Alpine,2744.4,16.63,2,8.315,2007,35,198.0,184.2,10.145,1.13,13.548,183.28,930.9,1.6,Trench Intake,8.6,46.5,0.16,2.46,3.96,229.6,1.37,Surface,293.5,219201.1,Francis,0.942,0.966,0.91,2,2,2,10.76,126.7,2,2.7,2.3,1.3,4.4,57.92,0.401,40.1,0.866,7586.2,25.9,16.4,10.5,9.6,8.9,6.8,1318.11,461.33,67.05,21.39,22.35,13181.06,v1.0,42,synthetic
HP-278,Chhatru Hydro Project Unit-278,Small Hydro,run-of-river,Uttar Pradesh,Sonbhadra,Kosi,Ganga Basin,Plain,Greenfield,Alpine,2687.0,19.12,3,6.3733,2017,40,106.0,99.4,21.278,3.092,25.557,478.61,1185.8,1.9,Concrete Gravity,6.4,43.2,0.19,0.03,2.79,274.7,1.44,Surface,314.3,238036.3,Francis,0.931,0.973,0.906,3,3,3,8.25,91.4,3,3.2,3.5,3.0,3.2,68.97,0.409,40.9,0.933,8173.1,31.7,18.2,12.8,11.5,8.0,6.7,1244.96,435.74,62.92,19.78,20.97,12449.6,v1.0,42,synthetic
HP-279,Sanjay Hydro Project Unit-279,Small Hydro,run-of-river,Odisha,Koraput,Pranahita,Godavari Basin,Mountainous,Greenfield,Tropical,181.1,9.06,3,3.02,2010,35,182.3,168.9,5.885,1.09,7.702,103.39,353.8,0.7,Barrage/Weir,4.4,17.9,0.07,3.2,2.58,196.1,2.71,Surface,210.7,130601.8,Francis,0.932,0.976,0.91,3,3,3,3.91,146.1,3,3.6,4.2,3.2,3.3,41.1,0.513,51.3,0.887,7770.1,33.0,18.3,14.6,12.0,10.4,7.5,1441.52,504.54,76.02,18.59,25.34,14415.21,v1.0,42,synthetic
HP-280,Chamera Hydro Project Unit-280,Small Hydro,storage,Gujarat,Narmada,Narmada,Narmada Basin,Hilly,Greenfield,Himalayan Sub-tropical,1135.6,15.53,2,7.765,2020,50,179.7,173.4,9.81,1.696,12.145,291.65,995.5,34.8,RCC,59.5,149.9,4.47,1.09,3.99,406.0,1.54,Surface,360.5,192154.9,Francis,0.912,0.956,0.872,2,2,2,10.05,195.8,2,2.9,3.7,1.9,3.1,70.65,0.522,52.2,0.942,8251.9,27.0,17.2,9.8,9.8,8.5,6.7,1237.31,433.06,63.16,16.46,21.05,12373.14,v1.0,42,synthetic
HP-281,Kishanganga Hydro Project Unit-281,Small Hydro,run-of-river,Meghalaya,West Khasi Hills,Siang,Brahmaputra Basin,Plain,Greenfield,Alpine,2366.9,7.29,3,2.43,2004,35,80.0,77.1,10.729,1.192,15.116,253.09,442.6,0.9,Barrage/Weir,11.4,79.0,0.09,3.48,2.81,252.7,2.39,Surface,183.7,113863.2,Francis,0.928,0.956,0.887,3,3,3,3.14,61.3,3,2.7,3.6,2.0,2.5,34.79,0.539,53.9,0.904,7919.0,29.2,16.8,11.5,9.5,9.6,8.3,1561.91,546.67,83.69,27.52,27.9,15619.09,v1.0,42,synthetic
HP-282,Chhatru Hydro Project Unit-282,Small Hydro,run-of-river,Jammu & Kashmir,Kishtwar,Jhelum,Indus Basin,Plain,Greenfield,Himalayan Sub-tropical,1493.0,12.41,3,4.1367,2015,40,78.4,74.2,18.329,3.264,25.543,422.39,1184.5,1.1,Concrete Gravity,14.1,50.0,0.11,2.88,3.31,369.8,1.69,Surface,308.7,156397.0,Francis,0.942,0.972,0.916,3,3,3,5.35,109.0,3,3.1,1.6,3.3,4.3,62.65,0.574,57.4,0.928,8129.3,30.7,18.8,13.2,11.7,8.2,7.7,1260.25,441.09,65.12,15.79,21.71,12602.5,v1.0,42,synthetic
HP-283,Vishnugad Pipalkoti Hydro Project Unit-283,Small Hydro,run-of-river,Uttarakhand,Pithoragarh,Bhagirathi,Ganga Basin,Plain,Greenfield,Himalayan Sub-tropical,2049.4,7.75,3,2.5833,2003,40,125.9,120.9,7.072,0.945,9.486,143.78,433.4,0.5,Concrete Gravity,2.2,7.4,0.05,2.26,2.34,252.5,1.28,Surface,170.5,116431.8,Francis,0.931,0.972,0.905,3,3,3,3.34,165.7,3,3.3,1.8,4.9,3.2,28.93,0.431,43.1,0.893,7822.7,24.1,14.7,8.7,8.2,7.4,5.9,1502.35,525.82,80.13,18.68,26.71,15023.46,v1.0,42,synthetic
HP-284,Srisailam Hydro Project Unit-284,Small Hydro,storage,Arunachal Pradesh,Tawang,Subansiri,Brahmaputra Basin,Plain,Greenfield,Alpine,2971.3,14.39,3,4.7967,2006,40,223.6,215.8,7.327,1.154,8.793,212.08,1124.9,38.2,RCC,16.2,46.0,5.5,0.09,2.69,152.3,1.48,Surface,375.0,189450.7,Francis,0.939,0.956,0.898,3,3,3,6.21,208.5,3,2.3,2.2,1.7,2.9,52.45,0.412,41.2,0.871,7630.0,26.4,16.2,11.6,9.1,8.4,5.7,1316.55,460.79,67.47,15.77,22.49,13165.44,v1.0,42,synthetic
HP-285,Luhri Hydro Project Unit-285,Small Hydro,run-of-river,Kerala,Idukki,Cauvery,Cauvery Basin,Hilly,Refurbishment,Himalayan Sub-tropical,810.7,3.68,2,1.84,2008,50,137.3,129.4,3.248,0.628,4.774,107.58,1182.1,1.8,Barrage/Weir,12.8,76.4,,2.64,2.54,268.6,1.51,Surface,101.4,71926.5,Francis,0.928,0.959,0.89,2,2,2,2.38,246.8,2,4.0,3.5,4.6,4.0,14.53,0.451,45.1,0.93,8146.8,25.1,15.3,10.8,8.0,6.4,6.9,1954.51,684.08,111.01,25.46,37.01,19545.24,v1.0,42,synthetic
HP-286,Parbati Hydro Project Unit-286,Small Hydro,run-of-river,Uttarakhand,Chamoli,Teesta,Ganga Basin,Plain,Greenfield,Himalayan Sub-tropical,848.6,7.51,2,3.755,2010,50,141.3,135.2,6.132,0.723,8.145,195.34,286.1,1.6,Barrage/Weir,11.1,38.3,0.16,0.59,3.11,257.3,2.34,Surface,121.7,101682.1,Francis,0.94,0.964,0.906,2,2,2,4.86,117.7,2,3.7,3.7,4.9,2.4,25.17,0.387,38.7,0.92,8059.2,33.7,18.6,12.9,13.9,11.1,8.7,1353.95,473.89,72.38,14.61,24.13,13539.56,v1.0,42,synthetic
HP-287,Tehri Hydro Project Unit-287,Small Hydro,storage,Uttar Pradesh,Sonbhadra,Bhagirathi,Ganga Basin,Hilly,Refurbishment,Alpine,2432.8,9.16,3,3.0533,2005,35,143.3,137.9,7.38,0.95,10.012,223.61,223.2,41.6,Rockfill,37.6,197.7,4.04,1.88,3.27,276.3,1.28,Surface,144.1,132405.3,Francis,0.936,0.977,0.914,3,3,3,3.95,,3,2.6,2.7,3.6,1.6,33.08,0.416,41.6,0.894,7831.4,29.0,18.3,11.6,13.0,8.3,5.9,1445.47,505.92,76.17,18.37,25.39,14454.73,v1.0,42,synthetic
HP-288,Singoli Bhatwari Hydro Project Unit-288,Small Hydro,storage,Bihar,Kaimur,Alaknanda,Ganga Basin,Plain,Refurbishment,Himalayan Sub-tropical,2016.1,15.79,2,7.895,2019,50,239.0,221.6,7.759,0.823,11.178,258.61,1045.0,14.1,Concrete Gravity,55.1,314.3,2.27,1.05,3.83,484.1,2.36,Surface,366.5,189902.6,Francis,0.929,0.976,0.907,2,2,2,10.22,47.8,2,2.6,2.3,1.9,3.7,66.11,0.476,47.6,0.882,7726.3,25.7,15.2,10.7,10.5,7.8,6.8,1202.68,420.94,61.34,18.23,20.44,12026.76,v1.0,42,synthetic
HP-289,Kiru Hydro Project Unit-289,Small Hydro,run-of-river,Tamil Nadu,Central District,Moyar,Cauvery Basin,Hilly,Refurbishment,Alpine,2807.7,9.09,3,3.03,2009,50,106.6,101.5,10.047,1.875,12.184,235.09,313.4,1.4,Trench Intake,9.1,35.8,0.14,0.77,4.16,386.3,2.4,Surface,200.4,127682.3,Francis,0.922,0.974,0.898,3,3,3,3.92,195.3,3,4.0,4.3,3.1,4.6,30.37,0.385,38.5,0.88,7708.8,26.9,16.7,10.8,11.4,7.5,7.3,1404.64,491.63,74.06,24.99,24.69,14046.46,v1.0,42,synthetic
HP-290,Luhri Hydro Project Unit-290,Small Hydro,run-of-river,Karnataka,Shivamogga,Tungabhadra,Krishna Basin,Hilly,Refurbishment,Himalayan Sub-tropical,1920.1,6.78,2,3.39,2012,50,67.1,64.6,11.73,1.877,15.928,345.04,955.5,1.1,Concrete Gravity,14.7,61.8,0.11,0.37,3.7,286.9,1.44,Surface,167.2,95168.1,Francis,0.95,0.951,0.903,2,2,2,4.39,180.0,2,1.9,2.8,1.3,1.6,33.81,0.563,56.3,0.905,7927.8,35.9,20.1,16.0,15.4,11.8,9.8,1403.66,491.28,75.63,23.64,25.21,14036.59,v1.0,42,synthetic
HP-291,Malana Hydro Project Unit-291,Small Hydro,run-of-river,Bihar,Kaimur,Bhagirathi,Ganga Basin,Hilly,Refurbishment,Himalayan Sub-tropical,1134.9,14.0,3,4.6667,2008,50,81.7,75.2,21.728,3.076,26.094,597.94,295.8,0.8,Trench Intake,3.7,12.2,0.08,1.24,2.18,131.7,2.15,Surface,372.1,190194.6,Francis,0.921,0.966,0.89,3,3,3,6.04,95.2,3,2.6,2.2,2.7,2.9,68.38,0.562,56.2,0.897,7857.7,32.7,21.1,13.4,12.3,8.4,8.0,1358.54,475.49,69.73,20.08,23.24,13585.33,v1.0,42,synthetic
HP-292,Koteshwar Hydro Project Unit-292,Small Hydro,run-of-river,Bihar,Kaimur,Kosi,Ganga Basin,Hilly,Refurbishment,Alpine,3000.3,16.44,3,5.48,2013,50,25.9,24.2,76.044,13.538,91.663,1259.72,271.9,2.0,Concrete Gravity,13.5,64.9,0.2,1.59,3.52,423.6,2.57,Surface,341.9,215817.4,Kaplan,0.937,0.952,0.892,3,3,3,7.09,21.7,3,3.7,4.6,2.0,4.5,66.42,0.462,46.2,0.865,7577.4,30.6,18.2,11.0,12.1,9.1,8.5,1312.76,459.46,66.82,15.91,22.27,13127.58,v1.0,42,synthetic
HP-293,Rampur Hydro Project Unit-293,Small Hydro,run-of-river,Gujarat,Narmada,Narmada,Narmada Basin,Mountainous,Greenfield,Himalayan Sub-tropical,1363.1,9.85,2,4.925,2007,50,103.0,96.2,11.956,1.735,16.836,325.54,104.6,0.8,Concrete Gravity,9.6,31.9,0.08,1.16,3.44,472.7,2.49,Surface,214.7,144909.1,Francis,0.92,0.974,0.896,2,2,2,6.37,178.0,2,3.1,2.8,3.4,3.2,46.14,0.53,53.0,0.933,8173.1,31.9,20.2,13.2,13.2,10.4,8.5,1471.16,514.9,77.14,20.29,25.72,14711.58,v1.0,42,synthetic
HP-294,Sardar Sarovar Hydro Project Unit-294,Small Hydro,run-of-river,Madhya Pradesh,Khandwa,Indravati,Godavari Basin,Hilly,Refurbishment,Himalayan Sub-tropical,1865.4,14.95,2,7.475,2005,35,40.5,37.6,42.809,7.622,61.34,1023.22,698.5,1.9,Barrage/Weir,7.3,47.4,0.19,3.96,3.18,247.2,1.41,Surface,395.5,204283.0,Kaplan,0.949,0.951,0.902,2,2,2,9.67,267.3,2,3.1,3.0,4.0,2.4,66.41,0.505,50.5,0.88,7708.8,31.2,18.3,11.7,13.8,8.2,9.0,1366.44,478.25,69.89,21.57,23.3,13664.41,v1.0,42,synthetic
HP-295,Teesta Hydro Project Unit-295,Small Hydro,run-of-river,Telangana,Bhadradri Kothagudem,Wainganga,Godavari Basin,Mountainous,Refurbishment,Himalayan Sub-tropical,1788.0,14.58,2,7.29,2013,50,77.5,72.1,22.635,3.185,27.656,712.05,67.2,1.0,Trench Intake,3.3,23.6,0.1,3.53,3.92,419.0,1.76,Surface,292.4,176250.4,Francis,0.947,0.954,0.903,2,2,2,9.43,43.9,2,3.7,4.3,4.1,2.7,71.89,0.566,56.6,0.936,8199.4,34.8,22.1,15.1,11.3,11.3,7.0,1208.85,423.1,61.91,17.84,20.64,12088.5,v1.0,42,synthetic
HP-296,Pakal Dul Hydro Project Unit-296,Small Hydro,run-of-river,West Bengal,Darjeeling,Teesta,Ganga Basin,Plain,Refurbishment,Alpine,2653.0,3.86,2,1.93,2001,35,103.2,99.8,4.165,0.679,5.089,123.81,112.5,0.9,Barrage/Weir,13.2,74.0,0.09,3.49,4.37,349.7,2.33,Surface,60.8,71327.8,Francis,0.925,0.969,0.896,2,2,2,2.5,23.8,2,3.2,2.4,4.5,2.8,13.44,0.394,39.4,0.945,8278.2,32.7,20.5,12.8,10.4,8.6,6.6,1847.88,646.76,104.48,27.02,34.82,18478.7,v1.0,42,synthetic
HP-297,Teesta Hydro Project Unit-297,Small Hydro,storage,Uttar Pradesh,Sonbhadra,Bhagirathi,Ganga Basin,Plain,Refurbishment,Tropical,308.2,11.1,2,5.55,2006,35,121.7,117.5,11.172,1.517,16.525,218.99,1103.2,21.3,Earthfill,39.5,109.7,1.1,3.4,4.25,149.0,1.38,Surface,266.9,152954.7,Francis,0.91,0.953,0.867,2,2,2,7.18,158.0,2,3.0,4.0,2.1,3.0,48.34,0.499,49.9,0.912,7989.1,25.5,14.6,9.1,10.2,7.1,5.8,1377.97,482.29,71.69,15.77,23.9,13779.7,v1.0,42,synthetic
HP-298,Nagarjunasagar Hydro Project Unit-298,Small Hydro,run-of-river,Kerala,Wayanad,Moyar,Cauvery Basin,Mountainous,Greenfield,Alpine,2214.4,24.78,2,12.39,2012,40,140.5,129.8,21.18,3.176,28.678,700.73,136.5,1.7,Concrete Gravity,3.2,17.5,0.17,3.28,3.34,156.6,2.33,Surface,468.8,311150.8,Francis,0.947,0.963,0.912,2,2,2,16.03,152.9,2,3.3,3.4,2.5,4.1,106.21,0.485,48.5,0.928,8129.3,26.8,16.9,10.0,8.5,8.1,6.8,1255.65,439.48,62.8,19.03,20.94,12556.53,v1.0,42,synthetic
HP-299,Nimo Bazgo Hydro Project Unit-299,Small Hydro,run-of-river,Gujarat,Narmada,Tawa,Narmada Basin,Mountainous,Refurbishment,Alpine,2270.3,23.23,3,7.7433,2015,35,226.6,213.9,12.225,1.241,17.474,279.77,215.2,1.4,Barrage/Weir,4.3,26.4,0.14,1.31,2.4,496.7,2.42,Surface,578.3,276490.4,Francis,0.911,0.96,0.875,3,3,3,10.02,93.8,3,4.4,4.8,4.7,3.6,81.64,0.397,39.7,0.919,8050.4,24.9,15.1,9.5,9.0,7.4,6.5,1190.23,416.58,59.67,13.28,19.89,11902.3,v1.0,42,synthetic
HP-300,Kishanganga Hydro Project Unit-300,Small Hydro,run-of-river,Goa,North Goa,Sharavathi,West Flowing Rivers,Plain,Greenfield,Himalayan Sub-tropical,2153.2,21.48,3,7.16,2019,50,177.5,167.7,14.171,2.668,18.441,420.64,639.0,1.3,Concrete Gravity,3.1,14.7,0.13,2.5,3.27,484.2,2.55,Surface,333.7,259543.8,Francis,0.936,0.953,0.892,3,3,3,9.27,176.6,3,3.2,4.5,2.1,3.1,95.06,0.509,50.9,0.947,8295.7,35.2,21.0,13.7,11.0,11.0,9.6,1208.31,422.91,60.77,16.51,20.26,12083.04,v1.0,42,synthetic
HP-301,Parbati Hydro Project Unit-301,Mini Hydro,run-of-river,Jammu & Kashmir,Reasi,Indus,Indus Basin,Plain,Greenfield,Tropical,708.1,0.705,1,0.705,2020,50,89.8,84.8,0.917,0.149,1.166,15.36,14.9,0.025,Trench Intake,11.8,58.4,0.0,0.0,0.0,90.0,0.47,Surface,70.5,12288.5,Francis,0.928,0.951,0.883,1,1,1,0.91,,1,3.3,3.7,1.8,4.4,3.58,0.585,58.5,0.884,7743.8,19.2,11.4,7.5,0.0,5.1,5.4,1742.98,610.07,91.77,28.65,30.64,17430.5,v1.0,42,synthetic
HP-302,Rampur Hydro Project Unit-302,Mini Hydro,run-of-river,Andhra Pradesh,Kurnool,Wainganga,Godavari Basin,Plain,Greenfield,Alpine,2997.1,1.132,2,0.566,2012,35,76.3,71.4,1.691,0.298,2.396,56.49,10.5,0.473,Trench Intake,4.2,24.7,0.05,0.0,0.0,54.4,0.67,Surface,113.2,17757.2,Francis,0.945,0.957,0.904,2,2,2,0.73,,2,3.3,3.2,4.1,2.6,4.96,0.501,50.1,0.91,7971.6,17.7,11.4,7.1,0.0,4.9,4.2,1568.64,549.03,80.39,28.0,26.77,15686.57,v1.0,42,synthetic
HP-303,Rampur Hydro Project Unit-303,Mini Hydro,run-of-river,Andhra Pradesh,Kurnool,Indravati,Godavari Basin,Plain,Greenfield,Tropical,471.9,0.68,1,0.68,2003,40,155.8,149.8,0.531,0.071,0.675,16.34,6.1,0.188,Trench Intake,6.0,27.8,0.02,0.0,0.0,59.9,0.46,Surface,68.0,13273.3,Francis,0.923,0.953,0.88,1,1,1,0.88,,1,3.6,3.9,2.6,4.3,3.45,0.583,58.3,0.907,7945.3,18.3,11.6,6.5,0.0,6.3,4.1,1951.91,683.24,102.94,27.94,34.26,19519.56,v1.0,42,synthetic
HP-304,Shanan Hydro Project Unit-304,Mini Hydro,run-of-river,Assam,Dima Hasao,Kameng,Brahmaputra Basin,Plain,Greenfield,Alpine,3038.7,0.824,1,0.824,2022,50,138.1,130.1,0.722,0.127,0.868,16.32,13.3,0.262,Concrete Gravity,13.1,62.1,0.03,0.0,0.0,27.9,0.31,Surface,82.4,14118.3,Francis,0.923,0.974,0.899,1,1,1,1.07,,1,2.8,4.2,2.8,1.5,3.62,0.502,50.2,0.931,8155.6,18.4,10.7,6.7,0.0,5.5,4.3,1713.35,599.64,89.32,28.28,29.73,17133.86,v1.0,42,synthetic
HP-305,Bhabha Hydro Project Unit-305,Mini Hydro,run-of-river,Sikkim,South Sikkim,Kameng,Brahmaputra Basin,Plain,Greenfield,Tropical,499.6,0.644,1,0.644,2002,50,115.6,110.2,0.687,0.129,0.833,21.25,19.9,0.122,Concrete Gravity,13.4,45.1,0.01,0.0,0.0,36.0,0.71,Surface,64.4,11590.5,Francis,0.943,0.98,0.924,1,1,1,0.83,,1,2.2,1.9,2.4,2.4,2.8,0.495,49.5,0.907,7945.3,18.3,11.4,7.7,0.0,5.1,4.2,1799.84,629.97,95.34,23.76,31.83,17997.67,v1.0,42,synthetic
HP-306,Rongtong Hydro Project Unit-306,Mini Hydro,run-of-river,Arunachal Pradesh,Tawang,Lohit,Brahmaputra Basin,Plain,Greenfield,Alpine,3043.3,1.591,2,0.7955,2004,50,16.5,15.7,11.53,1.346,15.112,227.43,48.0,0.268,Barrage/Weir,11.2,78.8,0.03,0.0,0.0,21.6,0.31,Surface,159.1,25118.3,Kaplan,0.943,0.954,0.9,2,2,2,1.03,,2,3.8,3.5,4.5,3.5,5.54,0.394,39.4,0.926,8111.8,19.2,11.4,7.7,0.0,5.2,4.9,1578.76,552.55,79.64,23.38,26.52,15787.74,v1.0,42,synthetic
HP-307,Tehri Hydro Project Unit-307,Mini Hydro,run-of-river,Uttarakhand,Chamoli,Gandak,Ganga Basin,Mountainous,Greenfield,Himalayan Sub-tropical,907.1,1.007,2,0.5035,2017,50,77.4,74.6,1.555,0.161,1.932,27.17,41.2,0.429,Concrete Gravity,7.9,59.2,0.04,0.0,0.0,70.9,0.78,Surface,100.7,16849.6,Francis,0.926,0.966,0.895,2,2,2,0.65,,2,2.2,2.1,2.8,1.7,4.84,0.545,54.5,0.878,7691.3,21.3,13.7,8.9,0.0,7.4,6.3,1673.29,585.7,86.2,18.07,28.7,16732.47,v1.0,42,synthetic
HP-308,Vishnugad Pipalkoti Hydro Project Unit-308,Mini Hydro,run-of-river,Bihar,Kaimur,Alaknanda,Ganga Basin,Plain,Greenfield,Alpine,2747.0,1.611,1,1.611,2020,40,70.5,66.4,2.701,0.447,3.81,55.09,29.7,0.448,Barrage/Weir,6.2,47.7,0.04,0.0,0.0,39.3,0.3,Surface,161.1,24455.9,Francis,0.939,0.964,0.905,1,1,1,2.08,,1,2.9,4.0,3.0,1.8,5.48,0.385,38.5,0.89,7796.4,19.8,12.8,7.9,0.0,6.4,4.2,1518.06,531.35,76.54,18.13,25.51,15180.57,v1.0,42,synthetic
HP-309,Ratle Hydro Project Unit-309,Mini Hydro,run-of-river,Maharashtra,Pune,Godavari,Godavari Basin,Plain,Greenfield,Alpine,2893.3,0.726,2,0.363,2016,40,183.9,176.4,0.465,0.053,0.691,15.65,26.9,0.074,Barrage/Weir,12.6,85.2,0.01,0.0,0.0,20.8,0.83,Surface,72.6,14048.8,Francis,0.926,0.974,0.902,2,2,2,0.47,,2,3.1,4.3,3.2,1.9,3.29,0.513,51.3,0.915,8015.4,22.8,13.7,9.1,0.0,7.0,5.4,1935.12,677.27,101.65,24.38,33.88,19350.96,v1.0,42,synthetic
HP-310,Ratle Hydro Project Unit-310,Mini Hydro,run-of-river,Himachal Pradesh,Kinnaur,Jhelum,Indus Basin,Hilly,Greenfield,Tropical,726.2,1.61,2,0.805,2009,35,231.8,217.4,0.833,0.131,1.027,14.18,42.1,0.09,Barrage/Weir,13.3,77.8,0.01,0.0,0.0,112.1,0.27,Surface,161.0,25860.3,Francis,0.941,0.969,0.912,2,2,2,1.04,,2,3.7,2.1,4.6,4.5,5.64,0.402,40.2,0.878,7691.3,22.7,13.6,8.1,0.0,7.5,6.6,1606.21,562.17,80.99,24.29,27.02,16062.3,v1.0,42,synthetic
HP-311,Ratle Hydro Project Unit-311,Mini Hydro,run-of-river,Kerala,Wayanad,Bhavani,Cauvery Basin,Plain,Greenfield,Tropical,570.5,1.297,1,1.297,2005,35,218.7,202.0,0.694,0.122,0.862,12.46,39.0,0.34,Barrage/Weir,3.5,17.5,0.03,0.0,0.0,24.2,0.34,Surface,129.7,22162.8,Francis,0.915,0.972,0.889,1,1,1,1.68,,1,3.5,3.0,3.9,3.5,6.88,0.604,60.4,0.878,7691.3,21.3,11.8,8.7,0.0,6.2,5.0,1708.79,598.07,86.97,27.29,28.99,17087.74,v1.0,42,synthetic
HP-312,Nathpa Jhakri Hydro Project Unit-312,Mini Hydro,run-of-river,Kerala,Wayanad,Bhavani,Cauvery Basin,Mountainous,Greenfield,Tropical,170.4,0.29,2,0.145,2020,50,48.0,45.8,0.741,0.147,0.923,15.7,8.2,0.422,Concrete Gravity,4.5,32.6,0.04,0.0,0.0,119.4,0.48,Surface,29.0,8016.8,Francis,0.925,0.974,0.901,2,2,2,0.19,,2,3.1,4.2,3.9,1.3,1.32,0.517,51.7,0.891,7805.2,19.8,12.5,8.5,0.0,5.4,4.9,2764.48,967.59,154.83,47.59,51.72,27644.14,v1.0,42,synthetic
HP-313,Idukki Hydro Project Unit-313,Mini Hydro,run-of-river,Telangana,Nalgonda,Indravati,Godavari Basin,Plain,Greenfield,Alpine,2513.4,1.879,1,1.879,2004,40,233.6,221.7,0.935,0.115,1.261,15.81,30.8,0.04,Concrete Gravity,11.4,39.1,0.0,0.0,0.0,56.9,0.67,Surface,187.9,26621.8,Francis,0.926,0.954,0.883,1,1,1,2.43,,1,4.0,4.3,3.2,4.5,10.11,0.609,60.9,0.874,7656.2,20.3,11.2,8.5,0.0,6.8,4.1,1416.82,495.9,71.0,17.62,23.68,14168.07,v1.0,42,synthetic
HP-314,Vishnugad Pipalkoti Hydro Project Unit-314,Mini Hydro,run-of-river,Himachal Pradesh,Chamba,Chenab,Indus Basin,Mountainous,Greenfield,Himalayan Sub-tropical,2031.0,1.788,2,0.894,2014,50,174.1,160.2,1.254,0.147,1.597,31.15,7.1,0.42,Trench Intake,8.0,24.1,0.04,0.0,0.0,14.9,0.25,Surface,178.8,28241.0,Francis,0.915,0.974,0.891,2,2,2,1.16,,2,2.6,1.9,2.0,4.0,6.77,0.435,43.5,0.9,7884.0,23.4,14.0,9.2,0.0,5.9,4.7,1579.47,552.8,79.31,20.75,26.45,15794.74,v1.0,42,synthetic
HP-315,Ratle Hydro Project Unit-315,Mini Hydro,run-of-river,Kerala,Pathanamthitta,Kabini,Cauvery Basin,Hilly,Greenfield,Himalayan Sub-tropical,1675.9,0.976,2,0.488,2014,35,72.9,69.0,1.566,0.164,2.288,35.39,27.5,0.145,Trench Intake,4.6,23.0,0.01,0.0,0.0,22.6,0.36,Surface,97.6,16385.7,Francis,0.911,0.963,0.877,2,2,2,0.63,,2,3.6,2.7,4.4,3.6,4.44,0.523,52.3,0.905,7927.8,19.6,11.4,8.8,0.0,6.5,5.4,1678.89,587.6,86.68,26.43,28.89,16788.63,v1.0,42,synthetic
HP-316,Kwar Hydro Project Unit-316,Mini Hydro,run-of-river,West Bengal,Darjeeling,Yamuna,Ganga Basin,Hilly,Greenfield,Himalayan Sub-tropical,1726.3,0.768,1,0.768,2022,40,19.5,18.9,4.595,0.506,6.844,126.95,3.2,0.043,Barrage/Weir,2.7,16.0,0.0,0.0,0.0,83.3,0.3,Surface,76.8,14763.5,Francis,0.92,0.951,0.875,1,1,1,0.99,,1,3.4,3.7,3.4,3.1,3.74,0.552,55.2,0.928,8129.3,20.3,11.7,7.1,0.0,5.6,6.1,1922.4,672.79,100.65,21.09,33.59,19223.31,v1.0,42,synthetic
HP-317,Malana Hydro Project Unit-317,Mini Hydro,run-of-river,Karnataka,Uttara Kannada,Koyna,Krishna Basin,Mountainous,Greenfield,Himalayan Sub-tropical,2080.5,1.1,1,1.1,2006,40,153.7,143.8,0.833,0.13,1.073,19.61,20.3,0.059,Barrage/Weir,8.3,64.4,0.01,0.0,0.0,63.4,0.66,Surface,110.0,18706.7,Francis,0.92,0.975,0.897,1,1,1,1.42,,1,2.9,4.0,2.8,2.0,5.04,0.522,52.2,0.886,7761.4,15.1,9.2,6.5,0.0,3.9,4.3,1700.64,595.18,87.27,24.18,29.09,17006.09,v1.0,42,synthetic
HP-318,Sawra Kuddu Hydro Project Unit-318,Mini Hydro,run-of-river,Assam,Karbi Anglong,Dibang,Brahmaputra Basin,Hilly,Greenfield,Tropical,376.0,1.696,1,1.696,2005,50,171.4,166.0,1.132,0.124,1.675,37.91,47.3,0.402,Barrage/Weir,6.8,44.3,0.04,0.0,0.0,77.7,0.61,Surface,169.6,24267.4,Francis,0.93,0.98,0.911,1,1,1,2.19,,1,4.1,3.4,4.5,4.4,5.72,0.385,38.5,0.935,8190.6,19.9,11.5,8.3,0.0,5.0,5.6,1430.84,500.77,71.99,19.22,24.0,14308.61,v1.0,42,synthetic
HP-319,Allain Duhangan Hydro Project Unit-319,Mini Hydro,run-of-river,Kerala,Wayanad,Moyar,Cauvery Basin,Hilly,Greenfield,Himalayan Sub-tropical,1870.4,1.07,2,0.535,2016,40,117.9,114.3,1.095,0.138,1.329,27.09,24.7,0.056,Barrage/Weir,12.9,63.2,0.01,0.0,0.0,19.4,0.68,Surface,107.0,18258.7,Francis,0.914,0.969,0.886,2,2,2,0.69,,2,2.6,1.8,1.8,4.3,5.33,0.57,57.0,0.914,8006.6,23.0,13.0,9.7,0.0,6.7,6.8,1706.45,597.29,87.66,25.33,29.25,17064.21,v1.0,42,synthetic
HP-320,Chhatru Hydro Project Unit-320,Mini Hydro,run-of-river,Kerala,Idukki,Kabini,Cauvery Basin,Mountainous,Greenfield,Himalayan Sub-tropical,1424.2,0.9,2,0.45,2017,50,73.3,69.3,1.469,0.228,1.862,43.26,19.0,0.392,Trench Intake,9.6,70.0,0.04,0.0,0.0,82.4,0.71,Surface,90.0,14987.3,Francis,0.917,0.969,0.889,2,2,2,0.58,,2,4.2,4.4,4.6,3.7,3.7,0.472,47.2,0.882,7726.3,20.1,11.1,7.9,0.0,5.7,4.2,1665.22,582.78,86.33,25.11,28.78,16652.56,v1.0,42,synthetic
HP-321,Srisailam Hydro Project Unit-321,Mini Hydro,run-of-river,Arunachal Pradesh,Tawang,Kopili,Brahmaputra Basin,Hilly,Greenfield,Tropical,101.1,1.126,1,1.126,2008,50,109.0,101.9,1.22,0.175,1.825,28.36,9.3,0.494,Concrete Gravity,7.8,45.9,,0.0,0.0,56.7,0.7,Surface,112.6,19259.8,Francis,0.913,0.959,0.876,1,1,1,1.46,,1,3.3,2.2,4.3,3.3,4.61,0.466,46.6,0.928,8129.3,22.1,14.4,9.7,0.0,7.1,4.7,1710.48,598.67,87.66,27.09,29.22,17104.62,v1.0,42,synthetic
HP-322,Lata Tapovan Hydro Project Unit-322,Mini Hydro,run-of-river,Andhra Pradesh,Kurnool,Pranahita,Godavari Basin,Plain,Greenfield,Tropical,168.0,0.728,1,0.728,2011,40,191.4,180.9,0.462,0.066,0.645,14.92,35.5,0.144,Concrete Gravity,7.4,53.5,0.01,0.0,0.0,61.7,0.79,Surface,72.8,13463.8,Francis,0.946,0.978,0.925,1,1,1,0.94,,1,2.8,1.7,3.1,3.7,3.26,0.511,51.1,0.864,7568.6,23.1,12.7,9.0,0.0,7.7,5.0,1849.45,647.25,97.12,27.75,32.42,18494.23,v1.0,42,synthetic
HP-323,Lata Tapovan Hydro Project Unit-323,Mini Hydro,run-of-river,Punjab,Pathankot,Jhelum,Indus Basin,Mountainous,Greenfield,Himalayan Sub-tropical,1792.3,1.284,1,1.284,2022,50,108.0,101.4,1.467,0.203,1.898,47.91,6.3,0.177,Trench Intake,14.7,103.2,0.02,0.0,0.0,15.4,0.3,Surface,128.4,22207.8,Francis,0.915,0.968,0.886,1,1,1,1.66,,1,3.5,2.1,4.3,4.0,6.71,0.603,60.3,0.94,8234.4,15.1,9.0,5.9,0.0,4.9,3.4,1729.6,605.37,88.08,20.87,29.36,17295.79,v1.0,42,synthetic
HP-324,Ghanvi Hydro Project Unit-324,Mini Hydro,run-of-river,Himachal Pradesh,Kullu,Beas,Indus Basin,Mountainous,Greenfield,Himalayan Sub-tropical,1254.4,1.195,1,1.195,2012,40,16.8,16.3,8.17,1.476,10.536,278.97,14.0,0.033,Trench Intake,15.0,96.2,0.0,0.0,0.0,40.1,0.92,Surface,119.5,19208.5,Kaplan,0.944,0.968,0.914,1,1,1,1.55,,1,2.7,2.9,2.7,2.4,6.01,0.577,57.7,0.944,8269.4,22.7,13.6,9.0,0.0,6.9,4.6,1607.45,562.59,82.09,18.41,27.36,16074.06,v1.0,42,synthetic
HP-325,Parbati Hydro Project Unit-325,Mini Hydro,run-of-river,Uttar Pradesh,Sonbhadra,Bhagirathi,Ganga Basin,Mountainous,Greenfield,Himalayan Sub-tropical,900.1,0.558,2,0.279,2012,35,215.8,207.3,0.307,0.032,0.405,6.78,31.2,0.122,Barrage/Weir,2.1,16.1,0.01,0.0,0.0,56.8,0.88,Surface,55.8,11845.5,Francis,0.915,0.955,0.874,2,2,2,0.36,,2,3.0,2.1,4.0,2.8,2.61,0.538,53.8,0.888,7778.9,17.2,9.6,6.1,0.0,4.4,3.9,2122.76,743.01,113.44,30.82,37.81,21228.49,v1.0,42,synthetic
HP-326,Subansiri Hydro Project Unit-326,Mini Hydro,run-of-river,Tamil Nadu,Central District,Moyar,Cauvery Basin,Plain,Greenfield,Tropical,146.5,1.537,2,0.7685,2018,50,245.8,232.5,0.744,0.089,0.91,19.87,44.4,0.186,Barrage/Weir,14.1,61.6,0.02,0.0,0.0,24.8,0.77,Surface,153.7,22419.5,Francis,0.942,0.976,0.919,2,2,2,0.99,,2,2.7,3.6,2.8,1.8,5.81,0.429,42.9,0.883,7735.1,22.8,13.3,9.0,0.0,7.3,6.2,1458.69,510.54,73.65,16.53,24.53,14586.53,v1.0,42,synthetic
HP-327,Parbati Hydro Project Unit-327,Mini Hydro,run-of-river,Andhra Pradesh,Alluri Sitharama Raju,Indravati,Godavari Basin,Plain,Greenfield,Alpine,2253.6,0.333,1,0.333,2016,40,221.5,210.8,0.179,0.019,0.251,4.28,16.7,0.19,Concrete Gravity,8.1,54.3,0.02,0.0,0.0,105.7,0.88,Surface,33.3,7788.9,Francis,0.913,0.954,0.871,1,1,1,0.43,,1,3.8,2.1,4.7,4.6,1.65,0.564,56.4,0.926,8111.8,23.4,14.6,10.5,0.0,6.9,6.8,2339.04,818.62,129.73,36.34,43.24,23390.09,v1.0,42,synthetic
HP-328,Tidong Hydro Project Unit-328,Mini Hydro,run-of-river,Uttarakhand,Chamoli,Bhagirathi,Ganga Basin,Plain,Greenfield,Tropical,626.1,1.119,1,1.119,2015,40,182.8,171.3,0.772,0.124,1.016,15.78,4.0,0.171,Concrete Gravity,4.5,22.2,0.02,0.0,0.0,119.4,0.98,Surface,111.9,17910.2,Francis,0.923,0.966,0.892,1,1,1,1.45,,1,3.6,4.2,2.2,4.3,4.48,0.453,45.3,0.863,7559.9,21.0,12.9,7.6,0.0,5.4,6.0,1600.54,560.14,82.04,19.21,27.35,16005.54,v1.0,42,synthetic
HP-329,Chutak Hydro Project Unit-329,Mini Hydro,run-of-river,Andhra Pradesh,Alluri Sitharama Raju,Pranahita,Godavari Basin,Mountainous,Greenfield,Himalayan Sub-tropical,911.9,1.906,1,1.906,2017,35,207.6,192.2,1.095,0.177,1.462,33.52,7.1,0.324,Concrete Gravity,11.8,82.6,0.03,0.0,0.0,83.6,0.39,Surface,190.6,30485.0,Francis,0.934,0.954,0.891,1,1,1,2.47,,1,3.2,3.0,3.1,3.5,9.55,0.573,57.3,0.911,7980.4,19.9,12.0,7.3,0.0,6.7,5.4,1599.42,559.81,80.12,24.87,26.71,15994.23,v1.0,42,synthetic
HP-330,Idukki Hydro Project Unit-330,Mini Hydro,run-of-river,Andhra Pradesh,Kurnool,Wainganga,Godavari Basin,Hilly,Greenfield,Alpine,2611.7,0.812,2,0.406,2022,40,56.1,54.0,1.725,0.212,2.303,44.22,13.4,0.398,Barrage/Weir,14.7,116.5,0.04,0.0,0.0,82.5,0.6,Surface,81.2,14407.7,Francis,0.926,0.975,0.903,2,2,2,0.53,,2,4.2,4.6,3.3,4.6,2.82,0.392,39.2,0.912,7989.1,15.7,8.8,6.8,0.0,3.9,3.5,1774.38,621.06,92.61,25.62,30.91,17743.47,v1.0,42,synthetic
HP-331,Sutlej Hydro Project Unit-331,Mini Hydro,run-of-river,Goa,North Goa,Pamba,West Flowing Rivers,Hilly,Greenfield,Alpine,2635.3,0.121,1,0.121,2011,40,202.3,193.3,0.067,0.01,0.099,1.88,32.8,0.052,Concrete Gravity,11.8,81.8,0.01,0.0,0.0,40.4,0.83,Surface,12.1,5683.6,Francis,0.941,0.967,0.91,1,1,1,0.16,,1,2.4,2.0,2.4,2.7,0.56,0.542,54.2,0.869,7612.4,21.3,13.8,8.4,0.0,6.9,6.2,4697.52,1643.8,278.51,68.6,92.56,46971.9,v1.0,42,synthetic
HP-332,Kishanganga Hydro Project Unit-332,Mini Hydro,run-of-river,Odisha,Koraput,Pranahita,Godavari Basin,Plain,Greenfield,Himalayan Sub-tropical,1308.8,0.924,2,0.462,2002,35,18.1,17.0,5.843,0.635,7.17,185.08,49.7,0.12,Trench Intake,2.0,10.5,0.01,0.0,0.0,45.6,0.52,Surface,92.4,16134.0,Kaplan,0.943,0.977,0.921,2,2,2,0.6,,2,2.4,2.4,3.5,1.4,4.16,0.515,51.5,0.878,7691.3,16.0,9.7,6.2,0.0,5.2,4.1,1746.1,611.15,90.48,23.05,30.19,17461.04,v1.0,42,synthetic
HP-333,Allain Duhangan Hydro Project Unit-333,Mini Hydro,run-of-river,Gujarat,Narmada,Narmada,Narmada Basin,Plain,Greenfield,Himalayan Sub-tropical,2086.6,1.981,1,1.981,2011,35,102.2,96.1,2.351,0.253,3.142,53.84,35.3,0.126,Barrage/Weir,14.3,52.4,0.01,0.0,0.0,106.9,0.81,Surface,198.1,28259.0,Francis,0.924,0.975,0.901,1,1,1,2.56,,1,3.7,3.6,3.3,4.1,10.54,0.615,61.5,0.91,7971.6,23.4,15.0,9.1,0.0,6.2,4.9,1426.5,499.29,71.33,14.44,23.78,14265.02,v1.0,42,synthetic
HP-334,Nagarjunasagar Hydro Project Unit-334,Mini Hydro,run-of-river,Odisha,Rayagada,Indravati,Godavari Basin,Hilly,Greenfield,Alpine,2530.6,0.828,1,0.828,2017,50,202.4,189.8,0.486,0.083,0.642,8.93,14.8,0.09,Concrete Gravity,14.3,66.8,0.01,0.0,0.0,74.6,0.56,Surface,82.8,14034.0,Francis,0.942,0.976,0.919,1,1,1,1.07,,1,3.5,4.5,2.2,3.8,4.17,0.578,57.8,0.891,7805.2,18.9,12.0,7.2,0.0,6.2,4.0,1694.93,593.24,88.29,19.44,29.47,16949.28,v1.0,42,synthetic
HP-335,Rongtong Hydro Project Unit-335,Mini Hydro,run-of-river,Goa,North Goa,Periyar,West Flowing Rivers,Plain,Greenfield,Alpine,2885.3,0.855,2,0.4275,2008,35,122.9,117.9,0.852,0.125,1.068,16.06,28.9,0.171,Concrete Gravity,13.5,59.4,0.02,0.0,0.0,16.4,0.59,Surface,85.5,14821.0,Francis,0.936,0.977,0.914,2,2,2,0.55,,2,2.4,3.2,1.8,2.2,4.68,0.618,61.8,0.867,7594.9,19.4,12.5,8.3,0.0,4.9,4.0,1733.45,606.67,90.18,19.3,30.06,17334.5,v1.0,42,synthetic
HP-336,Nathpa Jhakri Hydro Project Unit-336,Mini Hydro,run-of-river,Sikkim,South Sikkim,Subansiri,Brahmaputra Basin,Hilly,Greenfield,Alpine,3141.3,1.695,1,1.695,2010,35,115.4,107.6,1.802,0.351,2.629,43.44,41.4,0.077,Barrage/Weir,2.4,8.1,0.01,0.0,0.0,57.3,0.45,Surface,169.5,24268.1,Francis,0.911,0.979,0.892,1,1,1,2.19,,1,3.6,2.3,3.8,4.7,8.4,0.568,56.8,0.911,7980.4,16.9,10.7,6.2,0.0,5.2,4.2,1431.74,501.12,72.04,19.88,24.01,14317.46,v1.0,42,synthetic
HP-337,Kwar Hydro Project Unit-337,Mini Hydro,run-of-river,Jammu & Kashmir,Baramulla,Sutlej,Indus Basin,Plain,Greenfield,Himalayan Sub-tropical,1695.5,1.913,1,1.913,2015,35,204.1,189.7,1.195,0.206,1.459,24.67,4.2,0.182,Concrete Gravity,10.6,53.2,0.02,0.0,0.0,85.3,0.25,Surface,191.3,27728.9,Francis,0.946,0.956,0.904,1,1,1,2.48,,1,3.7,4.4,4.1,2.5,9.79,0.578,57.8,0.89,7796.4,18.2,10.1,7.9,0.0,6.3,4.4,1449.5,507.32,72.61,22.84,24.2,14494.98,v1.0,42,synthetic
HP-338,Omkareshwar Hydro Project Unit-338,Mini Hydro,run-of-river,Karnataka,Chikmagalur,Tungabhadra,Krishna Basin,Mountainous,Greenfield,Alpine,2580.6,1.929,2,0.9645,2020,40,110.4,106.3,2.071,0.299,2.761,43.5,4.4,0.186,Concrete Gravity,6.4,21.8,0.02,0.0,0.0,115.7,0.33,Surface,192.9,30936.8,Francis,0.933,0.972,0.907,2,2,2,1.25,,2,2.4,1.5,1.3,4.5,6.56,0.39,39.0,0.917,8032.9,14.3,9.3,5.2,0.0,3.9,4.2,1603.78,561.33,80.3,19.96,26.75,16037.74,v1.0,42,synthetic
HP-339,Vyasi Hydro Project Unit-339,Mini Hydro,run-of-river,Telangana,Bhadradri Kothagudem,Pranahita,Godavari Basin,Hilly,Greenfield,Alpine,2228.9,1.389,1,1.389,2005,50,20.6,19.2,8.021,1.458,11.868,232.51,6.0,0.097,Barrage/Weir,13.6,86.1,0.01,0.0,0.0,30.0,0.92,Surface,138.9,23225.2,Kaplan,0.941,0.977,0.919,1,1,1,1.8,,1,2.9,2.7,4.8,1.3,6.64,0.548,54.8,0.865,7577.4,17.4,11.1,7.7,0.0,5.9,4.1,1672.07,585.24,84.81,26.64,28.29,16720.81,v1.0,42,synthetic
HP-340,Sanjay Hydro Project Unit-340,Mini Hydro,run-of-river,Maharashtra,Satara,Pranahita,Godavari Basin,Mountainous,Greenfield,Alpine,2283.0,0.289,1,0.289,2014,50,144.4,133.3,0.242,0.033,0.292,4.87,38.0,0.042,Barrage/Weir,14.8,65.7,0.0,0.0,0.0,84.5,0.37,Surface,28.9,7220.2,Francis,0.922,0.972,0.896,1,1,1,0.37,,1,2.8,2.2,4.5,1.7,0.97,0.388,38.8,0.879,7700.0,20.1,13.0,7.6,0.0,5.2,4.6,2498.27,874.39,139.79,30.45,46.71,24983.39,v1.0,42,synthetic
HP-341,Tehri Hydro Project Unit-341,Micro Hydro,run-of-river,Uttarakhand,Pithoragarh,Teesta,Ganga Basin,Hilly,Greenfield,Alpine,2918.8,0.0764,2,0.0382,2004,35,32.1,31.0,0.293,0.046,0.402,8.19,21.1,0.22,Concrete Gravity,2.8,16.1,0.02,0.0,0.0,88.9,0.58,Surface,10.0,2447.5,Francis,0.912,0.971,0.886,2,2,2,0.05,,2,2.5,2.3,3.0,2.2,0.41,0.61,61.0,0.92,8059.2,9.7,5.9,4.3,0.0,2.8,2.2,2091.62,731.68,158.38,48.43,53.66,32035.34,v1.0,42,synthetic
HP-342,Subansiri Hydro Project Unit-342,Micro Hydro,run-of-river,Ladakh,Kargil,Beas,Indus Basin,Hilly,Greenfield,Alpine,3154.6,0.0119,1,0.0119,2010,40,14.8,14.1,0.096,0.012,0.132,2.65,33.8,0.291,Barrage/Weir,4.8,19.7,,0.0,0.0,46.4,0.28,Surface,10.0,718.5,Francis,0.911,0.974,0.887,1,1,1,0.02,,1,3.8,3.4,3.6,4.3,0.05,0.439,43.9,0.917,8032.9,11.3,6.7,4.2,0.0,2.8,3.3,2932.77,1025.21,260.5,50.42,117.65,60378.15,v1.0,42,synthetic
HP-343,Sardar Sarovar Hydro Project Unit-343,Micro Hydro,run-of-river,Meghalaya,Ri-Bhoi,Kameng,Brahmaputra Basin,Plain,Greenfield,Himalayan Sub-tropical,1825.1,0.0759,2,0.0379,2010,50,69.6,67.2,0.127,0.018,0.159,2.11,47.8,0.128,Concrete Gravity,12.5,48.7,0.01,0.0,0.0,10.9,0.76,Surface,10.0,2513.4,Francis,0.928,0.961,0.892,2,2,2,0.05,,2,2.9,2.1,2.1,4.6,0.27,0.41,41.0,0.942,8251.9,12.8,8.1,4.8,0.0,4.2,2.6,2160.74,756.26,163.37,50.07,55.34,33114.62,v1.0,42,synthetic
HP-344,Allain Duhangan Hydro Project Unit-344,Micro Hydro,run-of-river,Odisha,Koraput,Pranahita,Godavari Basin,Mountainous,Greenfield,Alpine,2340.6,0.0588,2,0.0294,2018,35,37.5,34.9,0.185,0.025,0.253,3.2,30.2,0.163,Concrete Gravity,8.0,62.9,0.02,0.0,0.0,28.4,0.75,Surface,10.0,2043.7,Francis,0.925,0.966,0.894,2,2,2,0.04,,2,3.9,3.8,4.0,3.9,0.29,0.564,56.4,0.923,8085.5,8.4,5.4,3.5,0.0,2.2,2.4,2212.59,773.81,170.07,45.92,59.52,34756.8,v1.0,42,synthetic
HP-345,Chamera Hydro Project Unit-345,Micro Hydro,run-of-river,Meghalaya,West Khasi Hills,Subansiri,Brahmaputra Basin,Mountainous,Greenfield,Tropical,603.8,0.0729,1,0.0729,2005,50,21.0,20.1,0.429,0.085,0.532,14.44,4.8,0.053,Trench Intake,8.3,36.5,0.01,0.0,0.0,33.3,0.31,Surface,10.0,2235.6,Francis,0.94,0.966,0.908,1,1,1,0.09,,1,3.1,1.9,2.8,4.5,0.27,0.427,42.7,0.861,7542.4,11.8,6.5,4.2,0.0,3.2,2.4,1993.14,698.22,150.89,43.9,52.13,30666.67,v1.0,42,synthetic
HP-346,Koteshwar Hydro Project Unit-346,Micro Hydro,run-of-river,Telangana,Nalgonda,Godavari,Godavari Basin,Hilly,Greenfield,Alpine,2885.4,0.0725,1,0.0725,2016,35,36.3,33.6,0.241,0.024,0.36,4.06,36.3,0.301,Trench Intake,7.9,37.8,0.03,0.0,0.0,109.3,0.28,Surface,10.0,2312.1,Francis,0.931,0.954,0.888,1,1,1,0.09,,1,1.6,1.7,1.3,1.9,0.38,0.592,59.2,0.922,8076.7,10.8,6.3,4.4,0.0,3.6,2.3,2071.72,725.52,157.24,41.38,53.79,31891.03,v1.0,42,synthetic
HP-347,Bhabha Hydro Project Unit-347,Micro Hydro,run-of-river,Gujarat,Narmada,Tawa,Narmada Basin,Hilly,Greenfield,Tropical,567.6,0.0414,1,0.0414,2002,35,75.4,71.6,0.065,0.009,0.095,2.22,22.0,0.485,Trench Intake,8.0,54.1,0.05,0.0,0.0,108.0,0.51,Surface,10.0,1425.6,Francis,0.938,0.978,0.917,1,1,1,0.05,,1,2.5,1.8,3.1,2.6,0.16,0.449,44.9,0.929,8138.0,11.9,7.1,4.7,0.0,4.1,3.2,2101.45,734.3,164.25,41.06,60.39,34434.78,v1.0,42,synthetic
HP-348,Rampur Hydro Project Unit-348,Micro Hydro,run-of-river,West Bengal,Kalimpong,Alaknanda,Ganga Basin,Hilly,Greenfield,Himalayan Sub-tropical,1294.6,0.0172,1,0.0172,2013,35,11.6,10.7,0.187,0.031,0.276,5.56,47.2,0.282,Trench Intake,5.5,20.7,0.03,0.0,0.0,84.7,0.88,Surface,10.0,880.2,Francis,0.935,0.979,0.915,1,1,1,0.02,,1,3.7,3.3,3.0,4.7,0.08,0.558,55.8,0.944,8269.4,9.4,5.5,4.1,0.0,2.4,2.4,2686.05,941.86,226.74,63.95,93.02,51174.42,v1.0,42,synthetic
HP-349,Koteshwar Hydro Project Unit-349,Micro Hydro,run-of-river,Karnataka,Shivamogga,Koyna,Krishna Basin,Mountainous,Greenfield,Himalayan Sub-tropical,1748.0,0.0677,1,0.0677,2007,40,76.2,70.3,0.112,0.012,0.158,2.54,34.1,0.255,Barrage/Weir,6.9,45.5,0.03,0.0,0.0,50.7,0.57,Surface,10.0,2134.0,Francis,0.939,0.977,0.917,1,1,1,0.09,,1,2.7,3.4,2.2,2.4,0.35,0.595,59.5,0.932,8164.3,12.6,8.1,5.2,0.0,4.3,3.0,2035.45,711.96,155.1,44.31,53.18,31521.42,v1.0,42,synthetic
HP-350,Pakal Dul Hydro Project Unit-350,Micro Hydro,run-of-river,Uttar Pradesh,Sonbhadra,Gandak,Ganga Basin,Mountainous,Greenfield,Tropical,492.1,0.0455,1,0.0455,2005,40,26.4,25.6,0.19,0.025,0.276,5.22,47.1,0.259,Trench Intake,4.4,22.0,0.03,0.0,0.0,25.7,0.83,Surface,10.0,1671.7,Francis,0.925,0.961,0.889,1,1,1,0.06,,1,2.4,2.5,2.9,1.7,0.23,0.589,58.9,0.885,7752.6,12.7,7.7,4.6,0.0,3.4,2.7,2270.33,795.6,178.02,35.16,63.74,36740.66,v1.0,42,synthetic
HP-351,Omkareshwar Hydro Project Unit-351,Micro Hydro,run-of-river,Uttarakhand,Uttarkashi,Yamuna,Ganga Basin,Mountainous,Greenfield,Tropical,761.8,0.078,1,0.078,2014,50,35.9,33.6,0.254,0.048,0.374,4.15,33.0,0.368,Trench Intake,14.2,101.0,0.04,0.0,0.0,111.2,0.31,Surface,10.0,2336.2,Francis,0.915,0.961,0.879,1,1,1,0.1,,1,3.1,3.3,1.5,4.5,0.32,0.467,46.7,0.947,8295.7,13.4,8.0,5.9,0.0,4.4,3.0,1958.97,685.9,148.72,33.33,50.0,29951.28,v1.0,42,synthetic
HP-352,Allain Duhangan Hydro Project Unit-352,Micro Hydro,run-of-river,Uttarakhand,Uttarkashi,Gandak,Ganga Basin,Mountainous,Greenfield,Alpine,2813.5,0.0436,1,0.0436,2004,35,72.9,69.0,0.073,0.012,0.097,1.42,2.2,0.147,Barrage/Weir,10.4,33.6,0.01,0.0,0.0,94.0,0.76,Surface,10.0,1483.7,Francis,0.943,0.974,0.918,1,1,1,0.06,,1,3.5,4.6,1.4,4.5,0.21,0.538,53.8,0.864,7568.6,8.9,5.7,3.3,0.0,2.3,2.1,2091.74,731.65,162.84,48.17,59.63,34029.82,v1.0,42,synthetic
HP-353,Lata Tapovan Hydro Project Unit-353,Micro Hydro,run-of-river,Madhya Pradesh,Khandwa,Godavari,Godavari Basin,Plain,Greenfield,Alpine,2251.8,0.0547,2,0.0273,2005,35,19.9,19.1,0.315,0.036,0.451,6.02,36.6,0.304,Barrage/Weir,9.5,58.5,0.03,0.0,0.0,63.3,0.4,Surface,10.0,1860.8,Francis,0.915,0.961,0.879,2,2,2,0.04,,2,4.0,3.5,4.3,4.2,0.2,0.416,41.6,0.874,7656.2,12.9,7.4,5.3,0.0,4.4,3.4,2148.08,751.37,166.36,56.67,58.5,34018.28,v1.0,42,synthetic
HP-354,Parbati Hydro Project Unit-354,Micro Hydro,run-of-river,Arunachal Pradesh,West Kameng,Kameng,Brahmaputra Basin,Mountainous,Greenfield,Tropical,370.0,0.0263,1,0.0263,2011,35,40.2,38.8,0.081,0.008,0.102,2.21,39.8,0.069,Concrete Gravity,12.5,89.4,0.01,0.0,0.0,32.0,0.23,Surface,10.0,1115.4,Francis,0.911,0.954,0.869,1,1,1,0.03,,1,3.2,2.8,2.5,4.2,0.14,0.594,59.4,0.91,7971.6,13.8,8.6,6.2,0.0,4.1,3.9,2414.45,844.11,197.72,57.03,76.05,42410.65,v1.0,42,synthetic
HP-355,Idukki Hydro Project Unit-355,Micro Hydro,run-of-river,Ladakh,Kargil,Ravi,Indus Basin,Hilly,Greenfield,Alpine,3137.0,0.0173,1,0.0173,2006,50,78.7,75.8,0.026,0.003,0.032,0.71,14.2,0.085,Concrete Gravity,14.9,108.6,0.01,0.0,0.0,72.3,0.77,Surface,10.0,811.2,Francis,0.937,0.971,0.91,1,1,1,0.02,,1,3.6,4.3,1.9,4.6,0.09,0.577,57.7,0.916,8024.2,9.3,5.7,4.1,0.0,2.6,2.7,2462.43,861.27,208.09,52.02,86.71,46890.17,v1.0,42,synthetic
HP-356,Srisailam Hydro Project Unit-356,Micro Hydro,run-of-river,Andhra Pradesh,Alluri Sitharama Raju,Wainganga,Godavari Basin,Hilly,Greenfield,Tropical,119.6,0.0148,1,0.0148,2021,40,22.2,20.9,0.078,0.012,0.097,2.54,5.4,0.39,Barrage/Weir,7.2,23.7,0.04,0.0,0.0,96.3,0.73,Surface,10.0,785.8,Francis,0.919,0.975,0.896,1,1,1,0.02,,1,2.4,3.1,2.6,1.5,0.05,0.391,39.1,0.889,7787.6,12.8,8.2,5.3,0.0,3.7,3.1,2702.7,945.95,236.49,74.32,101.35,53094.59,v1.0,42,synthetic
HP-357,Chhatru Hydro Project Unit-357,Micro Hydro,run-of-river,Goa,North Goa,Periyar,West Flowing Rivers,Plain,Greenfield,Himalayan Sub-tropical,1095.2,0.0976,2,0.0488,2011,35,9.5,8.8,1.176,0.137,1.756,33.38,5.4,0.435,Trench Intake,3.2,21.3,0.04,0.0,0.0,19.9,0.45,Surface,10.0,2891.5,Cross-flow,0.948,0.967,0.917,2,2,2,0.06,,2,3.8,4.0,2.8,4.5,0.46,0.535,53.5,0.897,7857.7,11.1,6.3,4.1,0.0,3.3,2.8,1971.31,689.55,147.54,40.98,49.18,29626.02,v1.0,42,synthetic
HP-358,Budhil Hydro Project Unit-358,Micro Hydro,run-of-river,Goa,North Goa,Pamba,West Flowing Rivers,Plain,Greenfield,Himalayan Sub-tropical,2027.1,0.0956,2,0.0478,2011,35,68.0,62.8,0.168,0.032,0.237,3.63,7.5,0.055,Trench Intake,6.3,24.8,0.01,0.0,0.0,114.9,0.74,Surface,10.0,2709.3,Francis,0.941,0.969,0.912,2,2,2,0.06,,2,1.8,2.1,1.7,1.5,0.49,0.582,58.2,0.93,8146.8,10.3,6.7,4.2,0.0,3.0,3.0,1882.85,659.0,141.21,29.29,47.07,28339.96,v1.0,42,synthetic
HP-359,Lata Tapovan Hydro Project Unit-359,Micro Hydro,run-of-river,Karnataka,Uttara Kannada,Koyna,Krishna Basin,Mountainous,Greenfield,Himalayan Sub-tropical,1938.6,0.033,1,0.033,2009,35,36.5,35.0,0.102,0.02,0.13,2.25,3.1,0.13,Trench Intake,11.1,59.4,0.01,0.0,0.0,14.1,0.79,Surface,10.0,1159.6,Francis,0.949,0.967,0.918,1,1,1,0.04,,1,3.7,3.5,4.8,2.8,0.15,0.536,53.6,0.872,7638.7,9.3,5.3,3.9,0.0,2.9,2.5,2075.76,727.27,166.67,48.48,60.61,35139.39,v1.0,42,synthetic
HP-360,Indirasagar Hydro Project Unit-360,Micro Hydro,run-of-river,Karnataka,Shivamogga,Tungabhadra,Krishna Basin,Plain,Greenfield,Himalayan Sub-tropical,2024.4,0.0627,2,0.0314,2019,40,31.2,29.8,0.229,0.045,0.327,7.4,47.2,0.153,Barrage/Weir,6.0,25.7,0.02,0.0,0.0,18.0,0.92,Surface,10.0,1935.2,Francis,0.934,0.962,0.899,2,2,2,0.04,,2,4.0,4.6,3.4,3.9,0.32,0.586,58.6,0.885,7752.6,9.4,6.0,4.1,0.0,2.6,2.4,1977.67,692.19,151.52,46.25,52.63,30864.43,v1.0,42,synthetic
HP-361,Luhri Hydro Project Unit-361,Micro Hydro,run-of-river,Bihar,Kaimur,Alaknanda,Ganga Basin,Plain,Greenfield,Alpine,2634.5,0.0979,2,0.049,2003,35,16.8,15.5,0.697,0.101,0.849,13.28,43.3,0.383,Trench Intake,6.2,46.5,0.04,0.0,0.0,67.0,0.35,Surface,10.0,3114.0,Francis,0.935,0.974,0.911,2,2,2,0.06,,2,3.0,2.7,2.9,3.3,0.38,0.439,43.9,0.864,7568.6,10.6,6.2,4.7,0.0,2.8,2.8,2117.47,741.57,159.35,34.73,53.12,31807.97,v1.0,42,synthetic
HP-362,Shanan Hydro Project Unit-362,Micro Hydro,run-of-river,Kerala,Pathanamthitta,Bhavani,Cauvery Basin,Mountainous,Greenfield,Alpine,2779.4,0.0363,1,0.0363,2016,50,49.6,47.6,0.086,0.016,0.128,2.26,22.7,0.405,Concrete Gravity,9.9,76.4,0.04,0.0,0.0,38.7,0.49,Surface,10.0,1265.0,Francis,0.922,0.958,0.883,1,1,1,0.05,,1,2.3,2.6,2.6,1.6,0.15,0.469,46.9,0.94,8234.4,9.1,5.8,3.3,0.0,2.9,1.9,2088.15,730.03,165.29,46.83,60.61,34848.48,v1.0,42,synthetic
HP-363,Chutak Hydro Project Unit-363,Micro Hydro,run-of-river,Goa,North Goa,Kalinadi,West Flowing Rivers,Plain,Greenfield,Himalayan Sub-tropical,1388.6,0.0474,1,0.0474,2022,50,65.1,61.9,0.086,0.009,0.124,2.96,33.3,0.358,Barrage/Weir,9.4,41.4,0.04,0.0,0.0,92.9,0.97,Surface,10.0,1716.4,Francis,0.916,0.974,0.892,1,1,1,0.06,,1,2.8,1.8,3.7,3.0,0.18,0.443,44.3,0.949,8313.2,13.0,7.2,4.8,0.0,4.3,3.7,2248.95,786.92,175.11,35.86,63.29,36210.97,v1.0,42,synthetic
HP-364,Chamera Hydro Project Unit-364,Micro Hydro,run-of-river,Uttarakhand,Pithoragarh,Yamuna,Ganga Basin,Hilly,Greenfield,Himalayan Sub-tropical,1713.0,0.0237,1,0.0237,2004,50,64.5,62.5,0.043,0.007,0.053,0.84,2.5,0.021,Barrage/Weir,5.3,28.3,0.0,0.0,0.0,17.4,0.75,Surface,10.0,1048.6,Francis,0.937,0.963,0.902,1,1,1,0.03,,1,3.0,3.0,4.7,1.3,0.1,0.495,49.5,0.915,8015.4,9.9,6.3,3.5,0.0,2.8,2.3,2472.57,864.98,202.53,46.41,80.17,44244.73,v1.0,42,synthetic
HP-365,Teesta Hydro Project Unit-365,Micro Hydro,run-of-river,Jammu & Kashmir,Reasi,Beas,Indus Basin,Plain,Greenfield,Alpine,2945.5,0.0254,1,0.0254,2004,35,14.5,13.9,0.218,0.034,0.31,7.56,39.0,0.055,Concrete Gravity,4.1,15.6,,0.0,0.0,97.7,0.43,Surface,10.0,996.9,Francis,0.945,0.952,0.9,1,1,1,0.03,,1,4.2,4.2,3.9,4.4,0.11,0.491,49.1,0.93,8146.8,13.5,8.3,5.7,0.0,3.8,3.1,2220.47,775.59,181.1,59.06,70.87,39248.03,v1.0,42,synthetic
HP-366,SVP Sharavathi Hydro Project Unit-366,Micro Hydro,run-of-river,Sikkim,South Sikkim,Kopili,Brahmaputra Basin,Mountainous,Greenfield,Tropical,577.7,0.0555,2,0.0278,2020,35,30.5,28.3,0.221,0.035,0.318,5.93,35.0,0.199,Concrete Gravity,5.7,24.4,0.02,0.0,0.0,65.8,0.79,Surface,10.0,1705.0,Francis,0.948,0.965,0.915,2,2,2,0.04,,2,3.5,3.6,2.9,3.9,0.2,0.411,41.1,0.868,7603.7,11.2,7.2,4.0,0.0,3.6,3.3,1942.34,679.28,149.55,34.23,52.25,30720.72,v1.0,42,synthetic
HP-367,Sanjay Hydro Project Unit-367,Micro Hydro,run-of-river,Odisha,Koraput,Wainganga,Godavari Basin,Hilly,Greenfield,Alpine,2573.6,0.0324,1,0.0324,2007,50,16.3,15.7,0.226,0.038,0.283,4.92,44.5,0.385,Trench Intake,3.3,12.8,0.04,0.0,0.0,109.6,0.96,Surface,10.0,1290.8,Francis,0.94,0.957,0.9,1,1,1,0.04,,1,2.2,3.3,1.9,1.4,0.12,0.407,40.7,0.876,7673.8,12.1,7.0,5.3,0.0,3.5,3.6,2345.68,820.99,188.27,43.21,70.99,39839.51,v1.0,42,synthetic
HP-368,Teesta Hydro Project Unit-368,Micro Hydro,run-of-river,Karnataka,Uttara Kannada,Bhima,Krishna Basin,Plain,Greenfield,Himalayan Sub-tropical,1647.2,0.0336,1,0.0336,2019,50,74.2,71.9,0.053,0.005,0.07,1.52,38.8,0.345,Barrage/Weir,10.0,73.7,,0.0,0.0,30.8,0.75,Surface,10.0,1194.3,Francis,0.93,0.969,0.901,1,1,1,0.04,,1,3.6,4.5,2.7,3.5,0.15,0.523,52.3,0.888,7778.9,9.1,5.8,3.6,0.0,3.0,2.0,2104.17,735.12,166.67,56.55,62.5,35544.64,v1.0,42,synthetic
HP-369,Kargil Hydro Project Unit-369,Micro Hydro,run-of-river,Uttar Pradesh,Sonbhadra,Alaknanda,Ganga Basin,Plain,Greenfield,Alpine,2975.1,0.0397,1,0.0397,2004,50,26.4,25.5,0.175,0.031,0.221,3.26,17.3,0.381,Concrete Gravity,9.6,40.0,0.04,0.0,0.0,36.9,0.73,Surface,10.0,1472.8,Francis,0.942,0.969,0.913,1,1,1,0.05,,1,2.6,2.1,3.5,2.3,0.17,0.484,48.4,0.867,7594.9,11.7,6.5,4.9,0.0,3.3,2.6,2251.89,788.41,176.32,40.3,65.49,37098.24,v1.0,42,synthetic
HP-370,Pakal Dul Hydro Project Unit-370,Micro Hydro,run-of-river,Arunachal Pradesh,West Kameng,Kopili,Brahmaputra Basin,Hilly,Greenfield,Tropical,648.0,0.082,1,0.082,2003,35,63.7,60.6,0.156,0.029,0.22,4.05,43.7,0.276,Concrete Gravity,8.5,42.6,0.03,0.0,0.0,108.3,0.28,Surface,10.0,2723.9,Francis,0.933,0.966,0.901,1,1,1,0.11,,1,2.7,2.4,3.2,2.6,0.42,0.581,58.1,0.921,8068.0,10.3,6.3,4.1,0.0,3.5,2.5,2181.71,763.41,164.63,51.22,56.1,33218.29,v1.0,42,synthetic
HP-371,Omkareshwar Hydro Project Unit-371,Micro Hydro,run-of-river,West Bengal,Kalimpong,Mandakini,Ganga Basin,Hilly,Greenfield,Himalayan Sub-tropical,1947.0,0.0779,1,0.0779,2006,40,54.4,52.5,0.175,0.032,0.219,3.4,2.8,0.348,Barrage/Weir,5.7,34.5,0.03,0.0,0.0,68.5,0.84,Surface,10.0,2558.4,Francis,0.915,0.972,0.889,1,1,1,0.1,,1,4.1,4.6,4.6,3.2,0.27,0.402,40.2,0.938,8216.9,13.0,7.7,5.3,0.0,4.5,3.0,2147.63,752.25,163.03,53.92,55.2,32842.11,v1.0,42,synthetic
HP-372,Vishnugad Pipalkoti Hydro Project Unit-372,Micro Hydro,run-of-river,Assam,Karbi Anglong,Siang,Brahmaputra Basin,Plain,Greenfield,Alpine,2233.4,0.0435,1,0.0435,2005,50,5.2,5.0,0.963,0.148,1.211,22.4,43.9,0.012,Concrete Gravity,2.6,18.3,0.0,0.0,0.0,39.7,0.91,Surface,10.0,1616.0,Cross-flow,0.946,0.966,0.914,1,1,1,0.06,,1,2.5,1.5,2.5,3.6,0.2,0.528,52.8,0.919,8050.4,11.7,6.5,4.6,0.0,3.7,2.5,2282.76,800.0,179.31,57.47,64.37,37149.43,v1.0,42,synthetic
HP-373,Nimo Bazgo Hydro Project Unit-373,Micro Hydro,run-of-river,Ladakh,Kargil,Jhelum,Indus Basin,Hilly,Greenfield,Tropical,764.9,0.0792,2,0.0396,2013,50,11.2,10.7,0.859,0.132,1.24,26.99,21.3,0.205,Barrage/Weir,5.2,30.0,,0.0,0.0,116.2,0.29,Surface,10.0,2345.0,Francis,0.949,0.956,0.907,2,2,2,0.05,,2,3.3,3.7,4.1,2.0,0.28,0.404,40.4,0.909,7962.8,13.8,8.1,5.1,0.0,4.5,3.8,1938.13,678.03,146.46,42.93,49.24,29608.59,v1.0,42,synthetic
HP-374,Kiru Hydro Project Unit-374,Micro Hydro,run-of-river,Jammu & Kashmir,Baramulla,Chenab,Indus Basin,Mountainous,Greenfield,Alpine,2442.1,0.0662,2,0.0331,2018,35,5.5,5.1,1.409,0.233,1.803,42.75,31.8,0.239,Trench Intake,14.4,51.6,0.02,0.0,0.0,111.0,0.76,Surface,10.0,2175.6,Cross-flow,0.924,0.968,0.894,2,2,2,0.04,,2,2.9,3.4,3.2,2.1,0.29,0.499,49.9,0.926,8111.8,12.3,7.7,5.2,0.0,3.5,3.3,2117.82,741.69,161.63,40.79,55.89,32864.05,v1.0,42,synthetic
HP-375,Luhri Hydro Project Unit-375,Micro Hydro,run-of-river,Telangana,Bhadradri Kothagudem,Pranahita,Godavari Basin,Plain,Greenfield,Himalayan Sub-tropical,1938.8,0.034,1,0.034,2005,40,29.5,27.7,0.137,0.014,0.183,2.93,8.6,0.432,Barrage/Weir,7.8,47.9,0.04,0.0,0.0,25.7,0.69,Surface,10.0,1242.2,Francis,0.927,0.98,0.908,1,1,1,0.04,,1,3.3,2.5,4.0,3.3,0.11,0.381,38.1,0.93,8146.8,12.1,7.3,4.9,0.0,3.9,3.4,2167.65,758.82,173.53,35.29,64.71,36535.29,v1.0,42,synthetic
HP-376,Shanan Hydro Project Unit-376,Micro Hydro,run-of-river,Karnataka,Uttara Kannada,Krishna,Krishna Basin,Mountainous,Greenfield,Himalayan Sub-tropical,1708.9,0.0278,1,0.0278,2020,40,20.5,19.1,0.163,0.033,0.21,4.37,3.3,0.152,Barrage/Weir,12.3,47.1,0.02,0.0,0.0,80.4,0.84,Surface,10.0,1040.9,Francis,0.945,0.96,0.907,1,1,1,0.04,,1,3.7,2.1,4.3,4.7,0.12,0.49,49.0,0.896,7849.0,11.6,6.5,5.0,0.0,3.1,2.9,2151.08,751.8,172.66,39.57,68.35,37442.45,v1.0,42,synthetic
HP-377,Sardar Sarovar Hydro Project Unit-377,Micro Hydro,run-of-river,Ladakh,Leh,Indus,Indus Basin,Plain,Greenfield,Alpine,2625.9,0.0504,1,0.0504,2019,50,60.3,57.7,0.099,0.015,0.131,3.18,2.7,0.463,Trench Intake,12.2,92.4,0.05,0.0,0.0,15.2,0.37,Surface,10.0,1794.9,Francis,0.937,0.972,0.911,1,1,1,0.07,,1,3.3,4.0,2.7,3.3,0.24,0.535,53.5,0.862,7551.1,10.1,5.9,4.1,0.0,3.3,2.2,2228.17,779.76,172.62,49.6,61.51,35613.1,v1.0,42,synthetic
HP-378,Kargil Hydro Project Unit-378,Micro Hydro,run-of-river,Tamil Nadu,Central District,Moyar,Cauvery Basin,Mountainous,Greenfield,Tropical,602.2,0.0161,1,0.0161,2020,35,7.3,6.9,0.265,0.045,0.322,5.54,16.2,0.475,Trench Intake,3.7,22.1,0.05,0.0,0.0,14.8,0.59,Surface,10.0,776.2,Cross-flow,0.937,0.979,0.917,1,1,1,0.02,,1,4.0,3.3,4.6,4.1,0.05,0.389,38.9,0.873,7647.5,8.7,5.6,3.6,0.0,2.6,2.2,2496.89,875.78,211.18,49.69,86.96,48211.18,v1.0,42,synthetic
HP-379,Rongtong Hydro Project Unit-379,Micro Hydro,run-of-river,Punjab,Pathankot,Beas,Indus Basin,Mountainous,Greenfield,Himalayan Sub-tropical,1462.7,0.0659,1,0.0659,2008,40,28.0,25.9,0.285,0.051,0.374,5.7,23.0,0.094,Barrage/Weir,8.9,40.6,0.01,0.0,0.0,63.8,0.27,Surface,10.0,2224.4,Francis,0.915,0.96,0.878,1,1,1,0.09,,1,2.6,2.6,1.6,3.7,0.22,0.381,38.1,0.882,7726.3,9.1,5.1,4.0,0.0,3.1,2.5,2172.99,760.24,165.4,48.56,57.66,33754.17,v1.0,42,synthetic
HP-380,Tidong Hydro Project Unit-380,Micro Hydro,run-of-river,Andhra Pradesh,Alluri Sitharama Raju,Indravati,Godavari Basin,Plain,Greenfield,Himalayan Sub-tropical,1095.8,0.0352,1,0.0352,2010,35,18.6,17.4,0.238,0.027,0.347,4.21,7.6,0.256,Trench Intake,6.8,23.3,0.03,0.0,0.0,17.3,0.47,Surface,10.0,1284.0,Francis,0.912,0.976,0.89,1,1,1,0.05,,1,1.9,1.7,2.3,1.6,0.15,0.493,49.3,0.929,8138.0,10.1,5.7,4.0,0.0,3.1,2.8,2176.14,761.36,173.3,42.61,65.34,36477.27,v1.0,42,synthetic
HP-381,Idukki Hydro Project Unit-381,Pico Hydro,run-of-river,Madhya Pradesh,Khandwa,Wainganga,Godavari Basin,Plain,Greenfield,Tropical,729.8,0.00177,1,0.0018,2010,35,41.6,39.2,0.005,0.001,0.006,0.15,35.0,0.127,Concrete Gravity,8.8,52.8,0.01,0.0,0.0,30.0,0.95,Surface,10.0,60.6,Francis,0.931,0.965,0.898,1,1,1,0.0,,1,3.9,4.4,4.2,3.2,0.01,0.424,42.4,0.922,8076.7,3.6,2.2,1.4,0.0,1.2,0.8,1355.93,451.98,282.49,56.5,56.5,34237.29,v1.0,42,synthetic
HP-382,Nimo Bazgo Hydro Project Unit-382,Pico Hydro,run-of-river,Kerala,Wayanad,Kabini,Cauvery Basin,Mountainous,Greenfield,Himalayan Sub-tropical,965.6,0.0026,1,0.0026,2012,40,11.6,11.0,0.027,0.004,0.036,0.9,49.4,0.12,Trench Intake,3.8,22.9,0.01,0.0,0.0,38.3,0.5,Surface,10.0,114.8,Francis,0.942,0.958,0.902,1,1,1,0.0,,1,3.1,4.5,1.4,3.3,0.01,0.435,43.5,0.862,7551.1,7.2,4.5,2.8,0.0,1.9,1.5,500.0,192.31,38.46,0.0,0.0,44153.85,v1.0,42,synthetic
HP-383,Chhatru Hydro Project Unit-383,Pico Hydro,run-of-river,Tamil Nadu,Central District,Kabini,Cauvery Basin,Hilly,Greenfield,Himalayan Sub-tropical,1839.2,0.00213,1,0.0021,2011,40,29.6,27.7,0.009,0.002,0.013,0.29,4.5,0.08,Trench Intake,11.7,62.2,0.01,0.0,0.0,69.3,0.73,Surface,10.0,86.7,Francis,0.937,0.969,0.908,1,1,1,0.0,,1,2.2,1.7,1.7,3.1,0.01,0.56,56.0,0.908,7954.1,4.3,2.5,1.5,0.0,1.2,1.3,2769.95,985.92,375.59,140.85,187.79,40704.23,v1.0,42,synthetic
HP-384,Rongtong Hydro Project Unit-384,Pico Hydro,run-of-river,Uttarakhand,Chamoli,Kosi,Ganga Basin,Plain,Greenfield,Himalayan Sub-tropical,1658.6,0.00063,1,0.0006,2013,50,13.6,13.1,0.005,0.001,0.007,0.1,46.0,0.292,Barrage/Weir,11.6,70.6,0.03,0.0,0.0,110.9,0.97,Surface,10.0,78.6,Francis,0.939,0.969,0.91,1,1,1,0.0,,1,2.2,2.1,1.6,2.9,0.0,0.578,57.8,0.894,7831.4,6.3,3.9,2.5,0.0,1.6,1.7,5396.83,1904.76,793.65,158.73,317.46,124761.9,v1.0,42,synthetic
HP-385,Koyna Hydro Project Unit-385,Pico Hydro,run-of-river,Kerala,Pathanamthitta,Cauvery,Cauvery Basin,Hilly,Greenfield,Tropical,132.3,0.00396,1,0.004,2017,35,69.0,63.5,0.007,0.001,0.009,0.21,4.0,0.039,Concrete Gravity,6.3,35.8,0.0,0.0,0.0,21.1,0.6,Surface,10.0,145.3,Francis,0.915,0.959,0.877,1,1,1,0.01,,1,1.8,1.7,1.7,2.0,0.01,0.429,42.9,0.928,8129.3,5.2,3.0,2.0,0.0,1.7,1.2,1111.11,378.79,227.27,75.76,101.01,36691.92,v1.0,42,synthetic
HP-386,Koteshwar Hydro Project Unit-386,Pico Hydro,run-of-river,Punjab,Pathankot,Chenab,Indus Basin,Mountainous,Greenfield,Himalayan Sub-tropical,1496.1,0.00328,1,0.0033,2007,35,53.8,49.9,0.007,0.001,0.009,0.16,44.1,0.06,Trench Intake,5.2,40.5,0.01,0.0,0.0,77.5,0.73,Surface,10.0,78.1,Francis,0.944,0.977,0.922,1,1,1,0.0,,1,2.1,3.1,1.9,1.4,0.01,0.44,44.0,0.876,7673.8,7.0,4.0,3.0,0.0,2.2,1.5,1737.8,609.76,274.39,60.98,91.46,23810.98,v1.0,42,synthetic
HP-387,Singoli Bhatwari Hydro Project Unit-387,Pico Hydro,run-of-river,Punjab,Pathankot,Jhelum,Indus Basin,Hilly,Greenfield,Alpine,3123.5,0.00414,1,0.0041,2003,35,19.2,18.1,0.026,0.003,0.033,0.65,12.0,0.076,Concrete Gravity,13.3,57.4,0.01,0.0,0.0,38.5,0.42,Surface,10.0,75.1,Francis,0.915,0.973,0.89,1,1,1,0.01,,1,2.2,2.3,2.4,2.0,0.02,0.587,58.7,0.919,8050.4,7.8,5.0,3.2,0.0,2.1,2.0,1014.49,362.32,169.08,48.31,48.31,18140.1,v1.0,42,synthetic
HP-388,Koyna Hydro Project Unit-388,Pico Hydro,run-of-river,Sikkim,South Sikkim,Subansiri,Brahmaputra Basin,Mountainous,Greenfield,Himalayan Sub-tropical,1766.7,0.00416,1,0.0042,2014,35,68.4,65.9,0.007,0.001,0.009,0.18,28.9,0.069,Barrage/Weir,11.8,84.9,0.01,0.0,0.0,100.3,0.82,Surface,10.0,88.4,Francis,0.941,0.951,0.895,1,1,1,0.01,,1,2.5,2.5,2.0,3.0,0.02,0.611,61.1,0.88,7708.8,5.0,3.1,2.0,0.0,1.7,1.0,384.62,144.23,120.19,48.08,72.12,21250.0,v1.0,42,synthetic
HP-389,Nathpa Jhakri Hydro Project Unit-389,Pico Hydro,run-of-river,Himachal Pradesh,Kullu,Chenab,Indus Basin,Mountainous,Greenfield,Tropical,513.0,0.0029,1,0.0029,2008,35,77.7,71.8,0.005,0.001,0.006,0.09,3.7,0.33,Trench Intake,8.0,24.3,0.03,0.0,0.0,93.4,0.25,Surface,10.0,155.2,Francis,0.912,0.971,0.886,1,1,1,0.0,,1,3.4,3.8,4.3,2.2,0.01,0.394,39.4,0.903,7910.3,3.5,2.1,1.3,0.0,1.1,0.9,827.59,275.86,137.93,34.48,137.93,53517.24,v1.0,42,synthetic
HP-390,Nathpa Jhakri Hydro Project Unit-390,Pico Hydro,run-of-river,Madhya Pradesh,Khandwa,Wainganga,Godavari Basin,Hilly,Greenfield,Alpine,3174.8,0.00128,1,0.0013,2009,35,18.9,18.3,0.008,0.001,0.01,0.14,27.6,0.315,Barrage/Weir,4.5,22.1,0.03,0.0,0.0,57.5,0.75,Surface,10.0,107.1,Francis,0.919,0.964,0.886,1,1,1,0.0,,1,2.8,2.0,2.7,3.7,0.0,0.437,43.7,0.94,8234.4,3.7,2.2,1.4,0.0,1.3,1.0,6640.62,2343.75,156.25,78.12,0.0,83671.87,v1.0,42,synthetic
HP-391,Teesta Hydro Project Unit-391,Pico Hydro,run-of-river,Punjab,Pathankot,Jhelum,Indus Basin,Hilly,Greenfield,Himalayan Sub-tropical,2007.5,0.00401,1,0.004,2002,35,61.4,59.5,0.008,0.001,0.011,0.18,4.0,0.26,Barrage/Weir,10.5,57.5,0.03,0.0,0.0,30.4,0.22,Surface,10.0,155.2,Francis,0.943,0.959,0.904,1,1,1,0.01,,1,4.1,4.5,4.1,3.8,0.02,0.494,49.4,0.861,7542.4,4.2,2.3,1.9,0.0,1.4,1.2,2468.83,872.82,49.88,24.94,24.94,38703.24,v1.0,42,synthetic
HP-392,Nathpa Jhakri Hydro Project Unit-392,Pico Hydro,run-of-river,Goa,North Goa,Sharavathi,West Flowing Rivers,Plain,Greenfield,Himalayan Sub-tropical,936.6,0.00144,1,0.0014,2002,35,76.6,70.8,0.002,0.0,0.003,0.05,42.4,0.443,Trench Intake,10.0,40.4,0.04,0.0,0.0,30.1,0.71,Surface,10.0,174.2,Francis,0.924,0.953,0.881,1,1,1,0.0,,1,3.0,4.5,2.9,1.6,0.01,0.608,60.8,0.934,8181.8,5.7,3.2,2.0,0.0,1.5,1.5,5486.11,1944.44,486.11,138.89,0.0,120972.22,v1.0,42,synthetic
HP-393,Malana Hydro Project Unit-393,Pico Hydro,run-of-river,Gujarat,Narmada,Tawa,Narmada Basin,Mountainous,Greenfield,Himalayan Sub-tropical,891.4,0.00403,1,0.004,2017,40,64.3,59.5,0.008,0.001,0.011,0.14,2.5,0.268,Trench Intake,7.9,24.6,0.03,0.0,0.0,92.4,0.55,Surface,10.0,21.5,Francis,0.936,0.979,0.916,1,1,1,0.01,,1,2.6,4.7,1.6,1.4,0.02,0.557,55.7,0.929,8138.0,6.8,4.4,2.5,0.0,2.1,1.9,1960.3,694.79,49.63,24.81,49.63,5334.99,v1.0,42,synthetic
HP-394,Ghanvi Hydro Project Unit-394,Pico Hydro,run-of-river,Andhra Pradesh,Kurnool,Wainganga,Godavari Basin,Hilly,Greenfield,Himalayan Sub-tropical,1879.7,0.00119,1,0.0012,2016,40,28.9,27.4,0.005,0.001,0.007,0.1,36.9,0.346,Concrete Gravity,3.9,12.0,0.03,0.0,0.0,109.3,0.2,Surface,10.0,52.3,Francis,0.918,0.957,0.879,1,1,1,0.0,,1,2.0,1.7,1.3,3.1,0.0,0.381,38.1,0.906,7936.6,6.9,4.5,2.5,0.0,1.8,1.9,2773.11,1008.4,588.24,168.07,168.07,43949.58,v1.0,42,synthetic
HP-395,Rampur Hydro Project Unit-395,Pico Hydro,run-of-river,Arunachal Pradesh,Tawang,Siang,Brahmaputra Basin,Plain,Greenfield,Alpine,2678.2,0.00461,1,0.0046,2021,50,75.9,71.4,0.007,0.001,0.008,0.22,18.2,0.276,Barrage/Weir,14.3,104.9,0.03,0.0,0.0,70.2,0.58,Surface,10.0,37.2,Francis,0.92,0.957,0.88,1,1,1,0.01,,1,3.5,1.7,4.6,4.1,0.02,0.58,58.0,0.946,8287.0,3.5,2.2,1.3,0.0,1.1,0.9,1258.13,433.84,151.84,43.38,21.69,8069.41,v1.0,42,synthetic
HP-396,Chutak Hydro Project Unit-396,Pico Hydro,run-of-river,Goa,North Goa,Sharavathi,West Flowing Rivers,Mountainous,Greenfield,Tropical,730.7,0.00055,1,0.0006,2007,40,36.0,34.9,0.002,0.0,0.003,0.05,35.8,0.433,Trench Intake,7.7,50.7,0.04,0.0,0.0,20.5,0.64,Surface,10.0,55.1,Francis,0.921,0.969,0.892,1,1,1,0.0,,1,2.4,1.6,1.7,3.9,0.0,0.601,60.1,0.886,7761.4,7.8,4.6,2.8,0.0,2.2,2.3,13272.73,4727.27,363.64,181.82,181.82,100181.82,v1.0,42,synthetic
HP-397,Chamera Hydro Project Unit-397,Pico Hydro,run-of-river,Ladakh,Kargil,Chenab,Indus Basin,Hilly,Greenfield,Himalayan Sub-tropical,1167.8,0.00468,1,0.0047,2014,35,5.6,5.4,0.099,0.015,0.123,2.87,7.1,0.067,Trench Intake,14.2,87.2,0.01,0.0,0.0,96.5,0.98,Surface,10.0,79.0,Cross-flow,0.924,0.951,0.879,1,1,1,0.01,,1,3.3,3.7,4.5,1.7,0.02,0.4,40.0,0.911,7980.4,5.3,2.9,2.2,0.0,1.7,1.2,982.91,341.88,42.74,0.0,0.0,16880.34,v1.0,42,synthetic
HP-398,Sawra Kuddu Hydro Project Unit-398,Pico Hydro,run-of-river,Telangana,Bhadradri Kothagudem,Godavari,Godavari Basin,Hilly,Greenfield,Himalayan Sub-tropical,1643.1,0.00365,1,0.0037,2013,40,61.4,58.9,0.007,0.001,0.01,0.15,36.8,0.486,Trench Intake,10.5,78.4,0.05,0.0,0.0,117.6,0.54,Surface,10.0,137.1,Francis,0.919,0.969,0.891,1,1,1,0.0,,1,3.1,2.8,4.8,1.7,0.02,0.611,61.1,0.888,7778.9,4.3,2.5,1.9,0.0,1.1,1.3,767.12,273.97,109.59,27.4,82.19,37561.64,v1.0,42,synthetic
HP-399,Vyasi Hydro Project Unit-399,Pico Hydro,run-of-river,Meghalaya,Ri-Bhoi,Siang,Brahmaputra Basin,Plain,Greenfield,Himalayan Sub-tropical,1315.2,0.00484,1,0.0048,2013,50,65.7,60.7,0.009,0.002,0.013,0.19,5.7,0.464,Trench Intake,13.5,68.1,0.05,0.0,0.0,70.0,0.61,Surface,10.0,78.6,Francis,0.944,0.974,0.919,1,1,1,0.01,,1,2.3,2.5,2.9,1.6,0.02,0.574,57.4,0.887,7770.1,8.0,5.2,2.9,0.0,2.3,1.8,289.26,103.31,41.32,20.66,0.0,16239.67,v1.0,42,synthetic
HP-400,Sardar Sarovar Hydro Project Unit-400,Pico Hydro,run-of-river,Kerala,Idukki,Bhavani,Cauvery Basin,Mountainous,Greenfield,Alpine,2714.8,0.00398,1,0.004,2019,50,61.3,59.0,0.008,0.001,0.011,0.23,40.4,0.325,Barrage/Weir,12.0,42.1,0.03,0.0,0.0,88.1,0.59,Surface,10.0,149.1,Francis,0.918,0.967,0.888,1,1,1,0.01,,1,2.5,3.3,2.9,1.3,0.02,0.587,58.7,0.933,8173.1,5.6,3.2,2.4,0.0,1.7,1.7,778.89,276.38,75.38,25.13,75.38,37462.31,v1.0,42,synthetic
